action,id,name,slug,image_filename,image_size,reason,new_slug
KEEP,10219,AB - Antique Auto,ab-antique-auto-v1,ab-antique-auto.jpg,4036,"equal size (4036 bytes) — new uses preferred "" - "" format",ab-antique-auto
DEACTIVATE,10192,AB-Antique Auto,ab-antique-auto,plate_10192_1774918802.jpg,4036,"equal size (4036 bytes) — new uses preferred "" - "" format",
KEEP,10221,AB - Disabled,ab-disabled-v1,ab-disabled.jpg,3924,"equal size (3924 bytes) — new uses preferred "" - "" format",ab-disabled
DEACTIVATE,10193,AB-Disabled,ab-disabled,plate_10193_1774918835.jpg,3924,"equal size (3924 bytes) — new uses preferred "" - "" format",
KEEP,10222,AB - Edmonton Oilers,ab-edmonton-oilers-v1,ab-edmonton_oilers.jpg,41786,"equal size (41786 bytes) — new uses preferred "" - "" format",ab-edmonton-oilers
DEACTIVATE,10188,AB-Edmonton Oilers,ab-edmonton-oilers,plate_10188_1774917579.jpg,41786,"equal size (41786 bytes) — new uses preferred "" - "" format",
KEEP,10223,AB - Motorcycle,ab-motorcycle-v1,ab-motorcycle.jpg,4773,"equal size (4773 bytes) — new uses preferred "" - "" format",ab-motorcycle
DEACTIVATE,10191,AB-Motorcycle,ab-motorcycle,plate_10191_1774918724.jpg,4773,"equal size (4773 bytes) — new uses preferred "" - "" format",
KEEP,10228,AB - Veteran,ab-veteran-v1,ab-veteran.jpg,3981,"equal size (3981 bytes) — new uses preferred "" - "" format",ab-veteran
DEACTIVATE,10194,AB-Veteran,ab-veteran,plate_10194_1774918867.jpg,3981,"equal size (3981 bytes) — new uses preferred "" - "" format",
KEEP,10238,AK - Alaska Childrens Trust,ak-alaska-childrens-trust-v1,ak-alaska-childrens-trust.png,154896,"equal size (154896 bytes) — new uses preferred "" - "" format",ak-alaska-childrens-trust
DEACTIVATE,1229,AK-Alaska Children's Trust,ak-alaska-childrens-trust,plate_1229_1774162783.png,154896,"equal size (154896 bytes) — new uses preferred "" - "" format",
KEEP,10239,AK - Blood Bank Of Alaska,ak-blood-bank-of-alaska-v1,ak-blood-bank-of-alaska.png,76299,"equal size (76299 bytes) — new uses preferred "" - "" format",ak-blood-bank-of-alaska
DEACTIVATE,1230,AK-Blood Bank of Alaska,ak-blood-bank-of-alaska,plate_1230_1774162806.png,76299,"equal size (76299 bytes) — new uses preferred "" - "" format",
KEEP,1231,AK-Breast Cancer Awareness,ak-breast-cancer-awareness,plate_1231_1774162834.png,65328,old image larger (65328 vs 49724 bytes),
DEACTIVATE,10240,AK - Breast Cancer Awareness,ak-breast-cancer-awareness-v1,ak-breast-cancer-awareness.png,49724,old image larger (65328 vs 49724 bytes),
KEEP,10242,AK - Choose Life,ak-choose-life-v1,ak-choose-life.png,146314,"equal size (146314 bytes) — new uses preferred "" - "" format",ak-choose-life
DEACTIVATE,1232,AK-Choose Life,ak-choose-life,plate_1232_1774162861.png,146314,"equal size (146314 bytes) — new uses preferred "" - "" format",
KEEP,10272,AK - Disabled Veteran W Parking Privileges,ak-disabled-veteran-w-parking-privileges-v1,ak-disabled-veteran-w-parking-privileges.png,145530,"equal size (145530 bytes) — new uses preferred "" - "" format",ak-disabled-veteran-w-parking-privileges
DEACTIVATE,1238,AK-Disabled Veteran w/ Parking Privileges,ak-disabled-veteran-w-parking-privileges,plate_1238_1774163127.png,145530,"equal size (145530 bytes) — new uses preferred "" - "" format",
KEEP,10257,AK - Disabled W Parking Privileges,ak-disabled-w-parking-privileges-v1,ak-disabled-w-parking-privileges.png,138172,"equal size (138172 bytes) — new uses preferred "" - "" format",ak-disabled-w-parking-privileges
DEACTIVATE,1237,AK-Disabled w/ Parking Privileges,ak-disabled-w-parking-privileges,plate_1237_1774163103.png,138172,"equal size (138172 bytes) — new uses preferred "" - "" format",
KEEP,10232,AK - Farm Vehicle,ak-farm-vehicle-v1,ak-farm-vehicle.png,137221,"equal size (137221 bytes) — new uses preferred "" - "" format",ak-farm-vehicle
DEACTIVATE,1262,AK-Farm Vehicle,ak-farm-vehicle,plate_1262_1774164114.png,137221,"equal size (137221 bytes) — new uses preferred "" - "" format",
KEEP,10244,AK - Freemason,ak-freemason-v1,ak-freemason.png,61836,"equal size (61836 bytes) — new uses preferred "" - "" format",ak-freemason
DEACTIVATE,1256,AK-Freemason,ak-freemason,plate_1256_1774163847.png,61836,"equal size (61836 bytes) — new uses preferred "" - "" format",
KEEP,10258,AK - Historic Vehicle,ak-historic-vehicle-v1,ak-historic-vehicle.png,138415,"equal size (138415 bytes) — new uses preferred "" - "" format",ak-historic-vehicle
DEACTIVATE,1264,AK-Historic Vehicle,ak-historic-vehicle,plate_1264_1774164212.png,138415,"equal size (138415 bytes) — new uses preferred "" - "" format",
KEEP,10246,AK - Iditarod Finisher,ak-iditarod-finisher-v1,ak-iditarod-finisher.png,157495,"equal size (157495 bytes) — new uses preferred "" - "" format",ak-iditarod-finisher
DEACTIVATE,1265,AK-Iditarod Finisher,ak-iditarod-finisher,plate_1265_1774164242.png,157495,"equal size (157495 bytes) — new uses preferred "" - "" format",
KEEP,10247,AK - International Association Of Fire Fighters Iaff,ak-international-association-of-fire-fighters-iaff-v1,ak-international-association-of-fire-fighters-iaff.png,150178,"equal size (150178 bytes) — new uses preferred "" - "" format",ak-international-association-of-fire-fighters-iaff
DEACTIVATE,1255,AK-International Association of Fire Fighters (IAFF),ak-international-association-of-fire-fighters-iaff,plate_1255_1774163828.png,150178,"equal size (150178 bytes) — new uses preferred "" - "" format",
KEEP,10248,AK - Knights Of Columbus,ak-knights-of-columbus-v1,ak-knights-of-columbus.png,83841,"equal size (83841 bytes) — new uses preferred "" - "" format",ak-knights-of-columbus
DEACTIVATE,1257,AK-Knights of Columbus,ak-knights-of-columbus,plate_1257_1774163878.png,83841,"equal size (83841 bytes) — new uses preferred "" - "" format",
KEEP,10249,AK - Lions Club,ak-lions-club-v1,ak-lions-club.png,115422,"equal size (115422 bytes) — new uses preferred "" - "" format",ak-lions-club
DEACTIVATE,1258,AK-Lions Club,ak-lions-club,plate_1258_1774163894.png,115422,"equal size (115422 bytes) — new uses preferred "" - "" format",
KEEP,10260,AK - Mountain,ak-mountain-v1,ak-mountain.png,134738,"equal size (134738 bytes) — new uses preferred "" - "" format",ak-mountain
DEACTIVATE,1227,AK-Mountain,ak-mountain,plate_1227_1774162724.png,134738,"equal size (134738 bytes) — new uses preferred "" - "" format",
KEEP,10250,AK - National Rifle Association,ak-national-rifle-association-v1,ak-national-rifle-association.png,84663,"equal size (84663 bytes) — new uses preferred "" - "" format",ak-national-rifle-association
DEACTIVATE,1233,AK-National Rifle Association,ak-national-rifle-association,plate_1233_1774162888.png,84663,"equal size (84663 bytes) — new uses preferred "" - "" format",
KEEP,10251,AK - Pioneers Of Alaska,ak-pioneers-of-alaska-v1,ak-pioneers-of-alaska.png,59232,"equal size (59232 bytes) — new uses preferred "" - "" format",ak-pioneers-of-alaska
DEACTIVATE,1259,AK-Pioneers of Alaska,ak-pioneers-of-alaska,plate_1259_1774163913.png,59232,"equal size (59232 bytes) — new uses preferred "" - "" format",
KEEP,10233,AK - Prince William Sound Community College,ak-prince-william-sound-community-college-v1,ak-prince-william-sound-community-college.png,194294,new image larger (194294 vs 42855 bytes),ak-prince-william-sound-community-college
DEACTIVATE,1243,AK-Prince William Sound Community College,ak-prince-william-sound-community-college,plate_1243_1774163506.png,42855,new image larger (194294 vs 42855 bytes),
KEEP,10252,AK - Pro Family Pro Choice,ak-pro-family-pro-choice-v1,ak-pro-family-pro-choice.png,164565,"equal size (164565 bytes) — new uses preferred "" - "" format",ak-pro-family-pro-choice
DEACTIVATE,1234,"AK-Pro-Family, Pro-Choice",ak-pro-family-pro-choice,plate_1234_1774162916.png,164565,"equal size (164565 bytes) — new uses preferred "" - "" format",
KEEP,10253,AK - Support Our Troops,ak-support-our-troops-v1,ak-support-our-troops.png,182103,"equal size (182103 bytes) — new uses preferred "" - "" format",ak-support-our-troops
DEACTIVATE,1235,AK-Support Our Troops,ak-support-our-troops,plate_1235_1774162936.png,182103,"equal size (182103 bytes) — new uses preferred "" - "" format",
KEEP,10234,AK - University Of Alaska Anchorage,ak-university-of-alaska-anchorage-v1,ak-university-of-alaska-anchorage.png,153491,"equal size (153491 bytes) — new uses preferred "" - "" format",ak-university-of-alaska-anchorage
DEACTIVATE,1240,AK-University of Alaska Anchorage,ak-university-of-alaska-anchorage,plate_1240_1774163201.png,153491,"equal size (153491 bytes) — new uses preferred "" - "" format",
KEEP,10235,AK - University Of Alaska Fairbanks,ak-university-of-alaska-fairbanks-v1,ak-university-of-alaska-fairbanks.png,118106,"equal size (118106 bytes) — new uses preferred "" - "" format",ak-university-of-alaska-fairbanks
DEACTIVATE,1241,AK-University of Alaska Fairbanks,ak-university-of-alaska-fairbanks,plate_1241_1774163246.png,118106,"equal size (118106 bytes) — new uses preferred "" - "" format",
REVIEW,1242,AK-University of Alaska Southeast,ak-university-of-alaska-southeast,plate_1242_1774163444.jpg,8042,2 variants found — manual review needed,
REVIEW,10236,AK - University Of Alaska Southeast v1,ak-university-of-alaska-southeast-v1,ak-university-of-alaska-southeast-v1.png,152444,2 variants found — manual review needed,
REVIEW,10237,AK - University Of Alaska Southeast v2,ak-university-of-alaska-southeast-v2,ak-university-of-alaska-southeast-v2.jpg,7718,2 variants found — manual review needed,
KEEP,10560,AZ - Air Force Veteran,az-air-force-veteran-v1,az-air-force-veteran.jpg,69915,new image larger (69915 vs 31905 bytes),az-air-force-veteran
DEACTIVATE,1627,AZ-Air Force Veteran ,az-air-force-veteran,az-veteran-air-force.jpg,31905,new image larger (69915 vs 31905 bytes),
KEEP,10457,AZ - Alice Coopers Solid Rock Teen Centers,az-alice-coopers-solid-rock-teen-centers,az-alice-coopers-solid-rock-teen-centers.jpg,146276,old image larger (146276 vs 121312 bytes),
DEACTIVATE,10456,AZ - Alice Coopers Solid Rock Teen Centers v1,az-alice-coopers-solid-rock-teen-centers-v1,az-alice-coopers-solid-rock-teen-centers-v1.jpg,121312,old image larger (146276 vs 121312 bytes),
REVIEW,1638,AZ-Arizona Diamondbacks,az-arizona-diamondbacks,az-arizona-diamondbacks.jpg,18152,3 variants found — manual review needed,
REVIEW,10530,AZ - Arizona Diamondbacks v1,az-arizona-diamondbacks-v1,az-arizona-diamondbacks-v1.png,1129041,3 variants found — manual review needed,
REVIEW,10531,AZ - Arizona Diamondbacks v2,az-arizona-diamondbacks-v2,az-arizona-diamondbacks-v2.png,31979,3 variants found — manual review needed,
REVIEW,10533,AZ - Arizona Diamondbacks v3,az-arizona-diamondbacks-v3,az-arizona-diamondbacks-v3.png,1039984,3 variants found — manual review needed,
REVIEW,1640,AZ-Arizona Historical Society,az-arizona-historical-society,az-arizona-historical-society.jpg,21394,2 variants found — manual review needed,
REVIEW,10461,AZ - Arizona Historical Society v1,az-arizona-historical-society-v1,az-arizona-historical-society-v1.jpg,15495,2 variants found — manual review needed,
REVIEW,10462,AZ - Arizona Historical Society v2,az-arizona-historical-society-v2,az-arizona-historical-society-v2.jpg,21394,2 variants found — manual review needed,
KEEP,10562,AZ - Army Veteran,az-army-veteran-v1,az-army-veteran.jpg,83908,new image larger (83908 vs 29615 bytes),az-army-veteran
DEACTIVATE,1628,AZ-Army Veteran ,az-army-veteran,az-veteran-army.jpg,29615,new image larger (83908 vs 29615 bytes),
KEEP,10564,AZ - Coast Guard Veteran,az-coast-guard-veteran-v1,az-coast-guard-veteran.jpg,74634,new image larger (74634 vs 32359 bytes),az-coast-guard-veteran
DEACTIVATE,1625,AZ-Coast Guard Veteran ,az-coast-guard-veteran,az-veteran-coast-guard.jpg,32359,new image larger (74634 vs 32359 bytes),
KEEP,10566,AZ - Code Talker Veteran,az-code-talker-veteran-v1,az-code-talker-veteran.jpg,72961,new image larger (72961 vs 30698 bytes),az-code-talker-veteran
DEACTIVATE,1626,AZ-Code Talker Veteran ,az-code-talker-veteran,az-veteran-code-talker.jpg,30698,new image larger (72961 vs 30698 bytes),
REVIEW,1684,AZ-Phoenix Suns,az-phoenix-suns,az-phoenix-suns.jpg,16020,3 variants found — manual review needed,
REVIEW,10542,AZ - Phoenix Suns v1,az-phoenix-suns-v1,az-phoenix-suns-v1.jpg,17651,3 variants found — manual review needed,
REVIEW,10543,AZ - Phoenix Suns v2,az-phoenix-suns-v2,az-phoenix-suns-v2.jpg,42905,3 variants found — manual review needed,
REVIEW,10544,AZ - Phoenix Suns v3,az-phoenix-suns-v3,az-phoenix-suns-v3.jpg,107192,3 variants found — manual review needed,
KEEP,10554,AZ - Standard Issue 2008 Amateur Radio,az-standard-issue-2008-amateur-radio-v1,az-standard-issue-2008-amateur-radio.png,188708,new image larger (188708 vs 79568 bytes),az-standard-issue-2008-amateur-radio
DEACTIVATE,10553,AZ - Standard Issue 2008 Amateur Radio,az-standard-issue-2008-amateur-radio,az-standard-issue-2008-amateur-radio.jpg,79568,new image larger (188708 vs 79568 bytes),
KEEP,10574,AZ - US Army,az-us-army-v1,az-us-army.jpg,94764,"equal size (94764 bytes) — new uses preferred "" - "" format",az-us-army
DEACTIVATE,1605,AZ-U.S. Army,az-us-army,plate_1605_1774304040.jpg,94764,"equal size (94764 bytes) — new uses preferred "" - "" format",
KEEP,10573,AZ - US Army Motorcycle,az-us-army-motorcycle-v1,az-us-army-motorcycle.jpg,100194,"equal size (100194 bytes) — new uses preferred "" - "" format",az-us-army-motorcycle
DEACTIVATE,3552,AZ-US Army-Motorcycle,az-us-army-motorcycle,plate_3552_1774304100.jpg,100194,"equal size (100194 bytes) — new uses preferred "" - "" format",
KEEP,10597,CA - Dealers Motorcycle Blue Gold,ca-dealers-motorcycle-blue-gold-v1,ca-dealers-motorcycle-blue-gold.png,50628,new image larger (50628 vs 40672 bytes),ca-dealers-motorcycle-blue-gold
DEACTIVATE,125,CA-Dealers-Motorcycle Blue + Gold,ca-dealers-motorcycle-blue-gold,ca-dealers-motorcycle-blue-gold.gif,40672,new image larger (50628 vs 40672 bytes),
KEEP,160,"CA-Olympic Games, 1984-Motorcycle",ca-olympic-games-1984-motorcycle,ca-olympic-games-1984-motorcycle.gif,34195,old image larger (34195 vs 7617 bytes),
DEACTIVATE,10642,CA - Olympic Games 1984 Motorcycle,ca-olympic-games-1984-motorcycle-v1,ca-olympic-games-1984-motorcycle.png,7617,old image larger (34195 vs 7617 bytes),
KEEP,1860,CO-Disabled Veteran,co-disabled-veteran,co-disabled-veteran.jpg,92749,old image larger (92749 vs 52003 bytes),
DEACTIVATE,10669,CO - Disabled Veteran,co-disabled-veteran-v1,co-disabled-veteran.png,52003,old image larger (92749 vs 52003 bytes),
KEEP,1864,CO-Disabled Veteran Handicapped,co-disabled-veteran-handicapped,co-disabled-veteran-handicapped.jpg,92749,old image larger (92749 vs 61391 bytes),
DEACTIVATE,10667,CO - Disabled Veteran Handicapped,co-disabled-veteran-handicapped-v1,co-disabled-veteran-handicapped.png,61391,old image larger (92749 vs 61391 bytes),
KEEP,1865,CO-Disabled Veteran Handicapped-Motorcycle,co-disabled-veteran-handicapped-motorcycle,co-disabled-veteran-handicapped-motorcycle.jpg,85095,old image larger (85095 vs 54085 bytes),
DEACTIVATE,10666,CO - Disabled Veteran Handicapped Motorcycle,co-disabled-veteran-handicapped-motorcycle-v1,co-disabled-veteran-handicapped-motorcycle.png,54085,old image larger (85095 vs 54085 bytes),
KEEP,1861,CO-Disabled Veteran-Motorcycle,co-disabled-veteran-motorcycle,co-disabled-veteran-motorcycle.jpg,85095,old image larger (85095 vs 50131 bytes),
DEACTIVATE,10668,CO - Disabled Veteran Motorcycle,co-disabled-veteran-motorcycle-v1,co-disabled-veteran-motorcycle.png,50131,old image larger (85095 vs 50131 bytes),
KEEP,10670,CO - Distinguished Flying Cross,co-distinguished-flying-cross-v1,co-distinguished-flying-cross.png,82407,new image larger (82407 vs 37740 bytes),co-distinguished-flying-cross
DEACTIVATE,1872,CO-Distinguished Flying Cross,co-distinguished-flying-cross,co-distinguished-flying-cross.jpg,37740,new image larger (82407 vs 37740 bytes),
KEEP,1876,CO-Distinguished Service Cross,co-distinguished-service-cross,co-distinguished-service-cross.jpg,98444,old image larger (98444 vs 59012 bytes),
DEACTIVATE,10671,CO - Distinguished Service Cross,co-distinguished-service-cross-v1,co-distinguished-service-cross.png,59012,old image larger (98444 vs 59012 bytes),
KEEP,1912,CO-National Guard,co-national-guard,co-national-guard.jpg,91089,old image larger (91089 vs 53774 bytes),
DEACTIVATE,10675,CO - National Guard,co-national-guard-v1,co-national-guard.png,53774,old image larger (91089 vs 53774 bytes),
KEEP,10730,CT - Amateur Radio Call Letter,ct-amateur-radio-call-letter-v1,ct-amateur-radio-call-letter.gif,88876,"equal size (88876 bytes) — new uses preferred "" - "" format",ct-amateur-radio-call-letter
DEACTIVATE,2078,CT-Amateur Radio Call Letter,ct-amateur-radio-call-letter,ct-amateur-radio-call-letter-plate.gif,88876,"equal size (88876 bytes) — new uses preferred "" - "" format",
KEEP,10701,CT - Animal Population Control,ct-animal-population-control-v1,ct-animal-population-control.gif,82812,"equal size (82812 bytes) — new uses preferred "" - "" format",ct-animal-population-control
DEACTIVATE,2017,CT-Animal Population Control,ct-animal-population-control,ct-animal-population-control-plate.gif,82812,"equal size (82812 bytes) — new uses preferred "" - "" format",
KEEP,10683,CT - Benevolent Protective Order Of The Elks,ct-benevolent-protective-order-of-the-elks-v1,ct-benevolent-protective-order-of-the-elks.gif,109769,"equal size (109769 bytes) — new uses preferred "" - "" format",ct-benevolent-protective-order-of-the-elks
DEACTIVATE,2049,CT-Benevolent & Protective Order of the Elks,ct-benevolent-protective-order-of-the-elks,ct-benevolent-protective-order-of-the-elks-plate.gif,109769,"equal size (109769 bytes) — new uses preferred "" - "" format",
KEEP,10702,CT - Blue Knights International,ct-blue-knights-international-v1,ct-blue-knights-international.gif,93092,"equal size (93092 bytes) — new uses preferred "" - "" format",ct-blue-knights-international
DEACTIVATE,2050,CT-Blue Knights International,ct-blue-knights-international,ct-blue-knights-international-plate.gif,93092,"equal size (93092 bytes) — new uses preferred "" - "" format",
KEEP,10703,CT - Candlewood Lake Authority,ct-candlewood-lake-authority-v1,ct-candlewood-lake-authority.gif,107630,"equal size (107630 bytes) — new uses preferred "" - "" format",ct-candlewood-lake-authority
DEACTIVATE,2051,CT-Candlewood Lake Authority,ct-candlewood-lake-authority,ct-candlewood-lake-authority-plate.gif,107630,"equal size (107630 bytes) — new uses preferred "" - "" format",
KEEP,10704,CT - Celebrate Nursing,ct-celebrate-nursing-v1,ct-celebrate-nursing.jpg,40224,"equal size (40224 bytes) — new uses preferred "" - "" format",ct-celebrate-nursing
DEACTIVATE,2061,CT-Celebrate Nursing,ct-celebrate-nursing,ct-celebrate-nursing-plate.jpg,40224,"equal size (40224 bytes) — new uses preferred "" - "" format",
KEEP,10694,CT - Central Connecticut State University,ct-central-connecticut-state-university-v1,ct-central-connecticut-state-university.gif,96621,"equal size (96621 bytes) — new uses preferred "" - "" format",ct-central-connecticut-state-university
DEACTIVATE,2043,CT-Central Connecticut State University,ct-central-connecticut-state-university,ct-central-connecticut-state-university-plate.gif,96621,"equal size (96621 bytes) — new uses preferred "" - "" format",
KEEP,10705,CT - Children First Foundation,ct-children-first-foundation-v1,ct-children-first-foundation.gif,97093,"equal size (97093 bytes) — new uses preferred "" - "" format",ct-children-first-foundation
DEACTIVATE,2062,CT-Children First Foundation,ct-children-first-foundation,plate_2062_1774304466.gif,97093,"equal size (97093 bytes) — new uses preferred "" - "" format",
KEEP,10706,CT - City Of Meriden,ct-city-of-meriden-v1,ct-city-of-meriden.gif,101217,"equal size (101217 bytes) — new uses preferred "" - "" format",ct-city-of-meriden
DEACTIVATE,2069,CT-City of Meriden,ct-city-of-meriden,ct-city-of-meriden-plate.gif,101217,"equal size (101217 bytes) — new uses preferred "" - "" format",
KEEP,10707,CT - City Of Norwich,ct-city-of-norwich-v1,ct-city-of-norwich.gif,103784,"equal size (103784 bytes) — new uses preferred "" - "" format",ct-city-of-norwich
DEACTIVATE,2070,CT-City of Norwich,ct-city-of-norwich,ct-city-of-norwich-plate.gif,103784,"equal size (103784 bytes) — new uses preferred "" - "" format",
KEEP,10731,CT - Classic Vehicle,ct-classic-vehicle-v1,ct-classic-vehicle.jpg,60071,"equal size (60071 bytes) — new uses preferred "" - "" format",ct-classic-vehicle
DEACTIVATE,2079,CT-Classic Vehicle,ct-classic-vehicle,ct-classic-vehicle-plate.jpg,60071,"equal size (60071 bytes) — new uses preferred "" - "" format",
KEEP,10689,CT - Connecticut Greenways,ct-connecticut-greenways-v1,ct-connecticut-greenways.gif,101153,"equal size (101153 bytes) — new uses preferred "" - "" format",ct-connecticut-greenways
DEACTIVATE,2019,CT-Connecticut greenways,ct-connecticut-greenways,ct-connecticut-greenways-plate.gif,101153,"equal size (101153 bytes) — new uses preferred "" - "" format",
KEEP,10684,CT - Connecticut Knights Of Columbus,ct-connecticut-knights-of-columbus-v1,ct-connecticut-knights-of-columbus.gif,87230,"equal size (87230 bytes) — new uses preferred "" - "" format",ct-connecticut-knights-of-columbus
DEACTIVATE,2052,CT-Connecticut Knights of Columbus,ct-connecticut-knights-of-columbus,ct-connecticut-knights-of-columbus-plate.gif,87230,"equal size (87230 bytes) — new uses preferred "" - "" format",
KEEP,10708,CT - Cure Kids Cancer,ct-cure-kids-cancer-v1,ct-cure-kids-cancer.gif,94275,"equal size (94275 bytes) — new uses preferred "" - "" format",ct-cure-kids-cancer
DEACTIVATE,2063,CT-Cure Kids Cancer,ct-cure-kids-cancer,ct-cure-kids-cancer-plate.gif,94275,"equal size (94275 bytes) — new uses preferred "" - "" format",
KEEP,10709,CT - Cure Prostate Cancer,ct-cure-prostate-cancer-v1,ct-cure-prostate-cancer.png,155047,"equal size (155047 bytes) — new uses preferred "" - "" format",ct-cure-prostate-cancer
DEACTIVATE,2064,CT-Cure Prostate Cancer,ct-cure-prostate-cancer,ct-cure-prostate-cancer-plate.png,155047,"equal size (155047 bytes) — new uses preferred "" - "" format",
KEEP,10734,CT - Disabled American Veterans,ct-disabled-american-veterans-v1,ct-disabled-american-veterans.gif,97087,"equal size (97087 bytes) — new uses preferred "" - "" format",ct-disabled-american-veterans
DEACTIVATE,2025,CT-Disabled American Veterans,ct-disabled-american-veterans,ct-disabled-american-veterans-plate.gif,97087,"equal size (97087 bytes) — new uses preferred "" - "" format",
KEEP,10691,CT - Federated Garden Clubs Of Connecticut,ct-federated-garden-clubs-of-connecticut-v1,ct-federated-garden-clubs-of-connecticut.gif,103729,"equal size (103729 bytes) — new uses preferred "" - "" format",ct-federated-garden-clubs-of-connecticut
DEACTIVATE,2082,CT-Federated Garden Clubs of Connecticut,ct-federated-garden-clubs-of-connecticut,ct-federated-garden-clubs-of-connecticut-plate.gif,103729,"equal size (103729 bytes) — new uses preferred "" - "" format",
KEEP,10710,CT - Ferrari Club Of America,ct-ferrari-club-of-america-v1,ct-ferrari-club-of-america.gif,93127,"equal size (93127 bytes) — new uses preferred "" - "" format",ct-ferrari-club-of-america
DEACTIVATE,2080,CT-Ferrari Club of America,ct-ferrari-club-of-america,ct-ferrari-club-of-america-plate.gif,93127,"equal size (93127 bytes) — new uses preferred "" - "" format",
KEEP,10711,CT - Fidelco Guide Dog Foundation,ct-fidelco-guide-dog-foundation-v1,ct-fidelco-guide-dog-foundation.gif,96464,"equal size (96464 bytes) — new uses preferred "" - "" format",ct-fidelco-guide-dog-foundation
DEACTIVATE,2065,CT-Fidelco Guide Dog Foundation,ct-fidelco-guide-dog-foundation,ct-fidelco-guide-dog-foundation-plate.gif,96464,"equal size (96464 bytes) — new uses preferred "" - "" format",
KEEP,10712,CT - Firefighters Of Connecticut,ct-firefighters-of-connecticut-v1,ct-firefighters-of-connecticut.gif,94278,"equal size (94278 bytes) — new uses preferred "" - "" format",ct-firefighters-of-connecticut
DEACTIVATE,2072,CT-Firefighters of Connecticut,ct-firefighters-of-connecticut,ct-firefighters-of-connecticut-plate.gif,94278,"equal size (94278 bytes) — new uses preferred "" - "" format",
KEEP,10735,CT - First Company Governors Foot Guard,ct-first-company-governors-foot-guard-v1,ct-first-company-governors-foot-guard.gif,64571,"equal size (64571 bytes) — new uses preferred "" - "" format",ct-first-company-governors-foot-guard
DEACTIVATE,2026,CT-First Company Governors Foot Guard,ct-first-company-governors-foot-guard,ct-first-company-governors-foot-guard-plate.gif,64571,"equal size (64571 bytes) — new uses preferred "" - "" format",
KEEP,10736,CT - First Company Governors Horse Guard,ct-first-company-governors-horse-guard-v1,ct-first-company-governors-horse-guard.gif,104488,"equal size (104488 bytes) — new uses preferred "" - "" format",ct-first-company-governors-horse-guard
DEACTIVATE,2027,CT-First Company Governors Horse Guard,ct-first-company-governors-horse-guard,ct-first-company-governors-horse-guard-plate.gif,104488,"equal size (104488 bytes) — new uses preferred "" - "" format",
KEEP,10737,CT - Flag Style Veteran Motorcycle,ct-flag-style-veteran-motorcycle-v1,ct-flag-style-veteran-motorcycle.gif,78162,"equal size (78162 bytes) — new uses preferred "" - "" format",ct-flag-style-veteran-motorcycle
DEACTIVATE,2028,CT-Flag-Style Veteran Motorcycle,ct-flag-style-veteran-motorcycle,ct-flag-style-veteran-motorcycle-plate.gif,78162,"equal size (78162 bytes) — new uses preferred "" - "" format",
KEEP,10685,CT - Fraternal Order Of Police,ct-fraternal-order-of-police-v1,ct-fraternal-order-of-police.gif,94679,"equal size (94679 bytes) — new uses preferred "" - "" format",ct-fraternal-order-of-police
DEACTIVATE,2073,CT-Fraternal Order of Police,ct-fraternal-order-of-police,ct-fraternal-order-of-police-plate.gif,94679,"equal size (94679 bytes) — new uses preferred "" - "" format",
KEEP,10739,CT - Gold Star Family,ct-gold-star-family-v1,ct-gold-star-family.jpg,42037,"equal size (42037 bytes) — new uses preferred "" - "" format",ct-gold-star-family
DEACTIVATE,2030,CT-Gold Star Family,ct-gold-star-family,ct-gold-star-family-plate.jpg,42037,"equal size (42037 bytes) — new uses preferred "" - "" format",
KEEP,10686,CT - Grand Lodge Of Connecticut,ct-grand-lodge-of-connecticut-v1,ct-grand-lodge-of-connecticut.gif,99316,"equal size (99316 bytes) — new uses preferred "" - "" format",ct-grand-lodge-of-connecticut
DEACTIVATE,2053,CT-Grand Lodge of Connecticut,ct-grand-lodge-of-connecticut,ct-grand-lodge-of-connecticut-plate.gif,99316,"equal size (99316 bytes) — new uses preferred "" - "" format",
KEEP,10740,CT - Greater Hartford Chapter Of The 82Nd Airborne,ct-greater-hartford-chapter-of-the-82nd-airborne-v1,ct-greater-hartford-chapter-of-the-82nd-airborne.gif,90183,"equal size (90183 bytes) — new uses preferred "" - "" format",ct-greater-hartford-chapter-of-the-82nd-airborne
DEACTIVATE,2031,CT-Greater Hartford Chapter of the 82nd Airborne,ct-greater-hartford-chapter-of-the-82nd-airborne,ct-greater-hartford-chapter-of-the-82nd-airborne-plate.gif,90183,"equal size (90183 bytes) — new uses preferred "" - "" format",
KEEP,10724,CT - Hartford Whalers,ct-hartford-whalers-v1,ct-hartford-whalers.png,150656,"equal size (150656 bytes) — new uses preferred "" - "" format",ct-hartford-whalers
DEACTIVATE,2054,CT-Hartford Whalers,ct-hartford-whalers,ct-hartford-whalers-plate.png,150656,"equal size (150656 bytes) — new uses preferred "" - "" format",
KEEP,10713,CT - Iuoe Local 478,ct-iuoe-local-478-v1,ct-iuoe-local-478.gif,93532,"equal size (93532 bytes) — new uses preferred "" - "" format",ct-iuoe-local-478
DEACTIVATE,2055,CT-IUOE Local 478,ct-iuoe-local-478,ct-iuoe-local-478-plate.gif,93532,"equal size (93532 bytes) — new uses preferred "" - "" format",
KEEP,10741,CT - Iwo Jima Survivor,ct-iwo-jima-survivor-v1,ct-iwo-jima-survivor.gif,101310,"equal size (101310 bytes) — new uses preferred "" - "" format",ct-iwo-jima-survivor
DEACTIVATE,2032,CT-Iwo Jima Survivor,ct-iwo-jima-survivor,ct-iwo-jima-survivor-plate.gif,101310,"equal size (101310 bytes) — new uses preferred "" - "" format",
KEEP,10714,CT - Keep Kids Safe,ct-keep-kids-safe-v1,ct-keep-kids-safe.gif,61775,"equal size (61775 bytes) — new uses preferred "" - "" format",ct-keep-kids-safe
DEACTIVATE,2066,CT-Keep Kids Safe,ct-keep-kids-safe,ct-keep-kids-safe-plate.gif,61775,"equal size (61775 bytes) — new uses preferred "" - "" format",
KEEP,10743,CT - Laos Veterans Of America,ct-laos-veterans-of-america-v1,ct-laos-veterans-of-america.gif,88574,"equal size (88574 bytes) — new uses preferred "" - "" format",ct-laos-veterans-of-america
DEACTIVATE,2034,CT-Laos Veterans of America ,ct-laos-veterans-of-america,ct-laos-veterans-of-america-plate.gif,88574,"equal size (88574 bytes) — new uses preferred "" - "" format",
KEEP,10715,CT - Lions Eye Research Foundation,ct-lions-eye-research-foundation-v1,ct-lions-eye-research-foundation.gif,98473,"equal size (98473 bytes) — new uses preferred "" - "" format",ct-lions-eye-research-foundation
DEACTIVATE,2067,CT-Lions Eye Research Foundation,ct-lions-eye-research-foundation,ct-lions-eye-research-foundation-plate.gif,98473,"equal size (98473 bytes) — new uses preferred "" - "" format",
KEEP,10692,CT - Long Island Sound,ct-long-island-sound-v1,ct-long-island-sound.gif,69303,"equal size (69303 bytes) — new uses preferred "" - "" format",ct-long-island-sound
DEACTIVATE,2022,CT-Long Island Sound,ct-long-island-sound,ct-long-island-sound-plate.gif,69303,"equal size (69303 bytes) — new uses preferred "" - "" format",
KEEP,10744,CT - Marine Corps League,ct-marine-corps-league-v1,ct-marine-corps-league.gif,91664,"equal size (91664 bytes) — new uses preferred "" - "" format",ct-marine-corps-league
DEACTIVATE,2035,CT-Marine Corps League,ct-marine-corps-league,ct-marine-corps-league-plate.gif,91664,"equal size (91664 bytes) — new uses preferred "" - "" format",
KEEP,10745,CT - Military Order Of The Purple Heart,ct-military-order-of-the-purple-heart-v1,ct-military-order-of-the-purple-heart.gif,98669,"equal size (98669 bytes) — new uses preferred "" - "" format",ct-military-order-of-the-purple-heart
DEACTIVATE,2036,CT-Military Order of the Purple Heart,ct-military-order-of-the-purple-heart,ct-military-order-of-the-purple-heart-plate.gif,98669,"equal size (98669 bytes) — new uses preferred "" - "" format",
KEEP,10716,CT - New England Air Museum,ct-new-england-air-museum-v1,ct-new-england-air-museum.gif,99371,"equal size (99371 bytes) — new uses preferred "" - "" format",ct-new-england-air-museum
DEACTIVATE,2081,CT-New England Air Museum,ct-new-england-air-museum,ct-new-england-air-museum-plate.gif,99371,"equal size (99371 bytes) — new uses preferred "" - "" format",
KEEP,10725,CT - Olympic Spirit,ct-olympic-spirit-v1,ct-olympic-spirit.png,103275,"equal size (103275 bytes) — new uses preferred "" - "" format",ct-olympic-spirit
DEACTIVATE,2056,CT-Olympic Spirit,ct-olympic-spirit,ct-olympic-spirit-plate.png,103275,"equal size (103275 bytes) — new uses preferred "" - "" format",
KEEP,10717,CT - Operation Lifesaver,ct-operation-lifesaver-v1,ct-operation-lifesaver.gif,97990,"equal size (97990 bytes) — new uses preferred "" - "" format",ct-operation-lifesaver
DEACTIVATE,2074,CT-Operation Lifesaver,ct-operation-lifesaver,ct-operation-lifesaver-plate.gif,97990,"equal size (97990 bytes) — new uses preferred "" - "" format",
KEEP,10748,CT - Pearl Harbor 1941 Survivors,ct-pearl-harbor-1941-survivors-v1,ct-pearl-harbor-1941-survivors.gif,99125,"equal size (99125 bytes) — new uses preferred "" - "" format",ct-pearl-harbor-1941-survivors
DEACTIVATE,2039,CT-Pearl Harbor 1941 Survivors,ct-pearl-harbor-1941-survivors,ct-pearl-harbor-1941-survivors-plate.gif,99125,"equal size (99125 bytes) — new uses preferred "" - "" format",
KEEP,10695,CT - Penn State Alumni Association,ct-penn-state-alumni-association-v1,ct-penn-state-alumni-association.gif,64896,"equal size (64896 bytes) — new uses preferred "" - "" format",ct-penn-state-alumni-association
DEACTIVATE,2044,CT-Penn State Alumni Association,ct-penn-state-alumni-association,ct-penn-state-alumni-association-plate.gif,64896,"equal size (64896 bytes) — new uses preferred "" - "" format",
KEEP,10720,CT - Police Commissioners Association Of Connecticut,ct-police-commissioners-association-of-connecticut-v1,ct-police-commissioners-association-of-connecticut.gif,67369,"equal size (67369 bytes) — new uses preferred "" - "" format",ct-police-commissioners-association-of-connecticut
DEACTIVATE,2075,CT-Police Commissioners Association of Connecticut,ct-police-commissioners-association-of-connecticut,ct-police-commissioners-association-of-connecticut-plate.gif,67369,"equal size (67369 bytes) — new uses preferred "" - "" format",
KEEP,10722,CT - Preservation Connecticut,ct-preservation-connecticut-v1,ct-preservation-connecticut.jpg,45546,"equal size (45546 bytes) — new uses preferred "" - "" format",ct-preservation-connecticut
DEACTIVATE,2023,CT-Preservation Connecticut,ct-preservation-connecticut,ct-preservation-connecticut-plate.jpg,45546,"equal size (45546 bytes) — new uses preferred "" - "" format",
KEEP,10726,CT - Red Sox Foundation,ct-red-sox-foundation-v1,ct-red-sox-foundation.png,60195,"equal size (60195 bytes) — new uses preferred "" - "" format",ct-red-sox-foundation
DEACTIVATE,2058,CT-Red Sox Foundation,ct-red-sox-foundation,ct-red-sox-foundation-plate.png,60195,"equal size (60195 bytes) — new uses preferred "" - "" format",
KEEP,10693,CT - Save Our Lakes,ct-save-our-lakes-v1,ct-save-our-lakes.jpg,55207,"equal size (55207 bytes) — new uses preferred "" - "" format",ct-save-our-lakes
DEACTIVATE,2024,CT-Save Our lakes,ct-save-our-lakes,ct-save-our-lakes-plate.jpg,55207,"equal size (55207 bytes) — new uses preferred "" - "" format",
KEEP,10749,CT - Second Company Governors Foot Guard,ct-second-company-governors-foot-guard-v1,ct-second-company-governors-foot-guard.gif,90702,"equal size (90702 bytes) — new uses preferred "" - "" format",ct-second-company-governors-foot-guard
DEACTIVATE,2040,CT-Second Company Governors Foot Guard,ct-second-company-governors-foot-guard,ct-second-company-governors-foot-guard-plate.gif,90702,"equal size (90702 bytes) — new uses preferred "" - "" format",
KEEP,10727,CT - Special Olympics,ct-special-olympics-v1,ct-special-olympics.gif,97981,"equal size (97981 bytes) — new uses preferred "" - "" format",ct-special-olympics
DEACTIVATE,2059,CT-Special Olympics,ct-special-olympics,ct-special-olympics-plate.gif,97981,"equal size (97981 bytes) — new uses preferred "" - "" format",
KEEP,10751,CT - Support Our Troops,ct-support-our-troops-v1,ct-support-our-troops.jpg,41469,"equal size (41469 bytes) — new uses preferred "" - "" format",ct-support-our-troops
DEACTIVATE,2041,CT-Support Our Troops,ct-support-our-troops,ct-support-our-troops-plate.jpg,41469,"equal size (41469 bytes) — new uses preferred "" - "" format",
KEEP,10723,CT - Town Of Stafford,ct-town-of-stafford-v1,ct-town-of-stafford.gif,95725,"equal size (95725 bytes) — new uses preferred "" - "" format",ct-town-of-stafford
DEACTIVATE,2071,CT-Town of Stafford,ct-town-of-stafford,ct-town-of-stafford-plate.gif,95725,"equal size (95725 bytes) — new uses preferred "" - "" format",
KEEP,10752,CT - United We Stand,ct-united-we-stand-v1,ct-united-we-stand.gif,90056,"equal size (90056 bytes) — new uses preferred "" - "" format",ct-united-we-stand
DEACTIVATE,2068,CT-United We Stand,ct-united-we-stand,ct-united-we-stand-plate.gif,90056,"equal size (90056 bytes) — new uses preferred "" - "" format",
KEEP,10696,CT - University Of Connecticut,ct-university-of-connecticut-v1,ct-university-of-connecticut.jpg,30926,"equal size (30926 bytes) — new uses preferred "" - "" format",ct-university-of-connecticut
DEACTIVATE,2045,CT-University of Connecticut,ct-university-of-connecticut,ct-university-of-connecticut-plate.jpg,30926,"equal size (30926 bytes) — new uses preferred "" - "" format",
KEEP,10697,CT - University Of Hartford Alumni,ct-university-of-hartford-alumni-v1,ct-university-of-hartford-alumni.jpg,44466,"equal size (44466 bytes) — new uses preferred "" - "" format",ct-university-of-hartford-alumni
DEACTIVATE,2046,CT-University of Hartford alumni,ct-university-of-hartford-alumni,ct-university-of-hartford-alumni-plate.jpg,44466,"equal size (44466 bytes) — new uses preferred "" - "" format",
KEEP,10698,CT - University Of New Haven,ct-university-of-new-haven-v1,ct-university-of-new-haven.jpg,50633,"equal size (50633 bytes) — new uses preferred "" - "" format",ct-university-of-new-haven
DEACTIVATE,2047,CT-University of New Haven,ct-university-of-new-haven,ct-university-of-new-haven-plate.jpg,50633,"equal size (50633 bytes) — new uses preferred "" - "" format",
KEEP,10699,CT - Uss Connecticut Commissioning Committee,ct-uss-connecticut-commissioning-committee-v1,ct-uss-connecticut-commissioning-committee.gif,65868,"equal size (65868 bytes) — new uses preferred "" - "" format",ct-uss-connecticut-commissioning-committee
DEACTIVATE,2060,CT-USS Connecticut Commissioning Committee,ct-uss-connecticut-commissioning-committee,ct-uss-connecticut-commissioning-committee-plate.gif,65868,"equal size (65868 bytes) — new uses preferred "" - "" format",
KEEP,10753,DC - Standard Issue 2017,dc-standard-issue-2017,dc-standard-issue-2017.png,122293,old image larger (122293 vs 110274 bytes),
DEACTIVATE,10754,DC - Standard Issue 2017,dc-standard-issue-2017-v1,dc-standard-issue-2017.jpg,110274,old image larger (122293 vs 110274 bytes),
KEEP,10756,DE - Alpha Kappa Alpha,de-alpha-kappa-alpha-v1,de-alpha-kappa-alpha.png,93274,new image larger (93274 vs 85543 bytes),de-alpha-kappa-alpha
DEACTIVATE,2085,DE-Alpha Kappa Alpha,de-alpha-kappa-alpha,de-alpha-kappa-alpha.jpg,85543,new image larger (93274 vs 85543 bytes),
KEEP,2086,DE-Alpha Phi Alpha,de-alpha-phi-alpha,de-alpha-phi-alpha.jpg,87071,old image larger (87071 vs 77339 bytes),
DEACTIVATE,10757,DE - Alpha Phi Alpha,de-alpha-phi-alpha-v1,de-alpha-phi-alpha.png,77339,old image larger (87071 vs 77339 bytes),
REVIEW,2088,DE-Animal Welfare,de-animal-welfare,de-animal-welfare.png,141416,2 variants found — manual review needed,
REVIEW,10818,DE - Animal Welfare v1,de-animal-welfare-v1,de-animal-welfare-v1.png,141416,2 variants found — manual review needed,
REVIEW,10819,DE - Animal Welfare v2,de-animal-welfare-v2,de-animal-welfare-v2.png,292667,2 variants found — manual review needed,
KEEP,10821,DE - Caesar Rodney Centennial,de-caesar-rodney-centennial-v1,de-caesar-rodney-centennial.png,55237,new image larger (55237 vs 33922 bytes),de-caesar-rodney-centennial
DEACTIVATE,2100,DE-Caesar Rodney Centennial,de-caesar-rodney-centennial,de-caesar-rodney-centennial.jpg,33922,new image larger (55237 vs 33922 bytes),
KEEP,10785,DE - Cape Henlopen High School,de-cape-henlopen-high-school-v1,de-cape-henlopen-high-school.png,63073,new image larger (63073 vs 42238 bytes),de-cape-henlopen-high-school
DEACTIVATE,2102,DE-Cape Henlopen High School,de-cape-henlopen-high-school,de-cape-henlopen-high-school.jpg,42238,new image larger (63073 vs 42238 bytes),
KEEP,10786,DE - Caravel Academy,de-caravel-academy-v1,de-caravel-academy.png,78629,new image larger (78629 vs 26738 bytes),de-caravel-academy
DEACTIVATE,2103,DE-Caravel Academy,de-caravel-academy,de-caravel-academy.jpg,26738,new image larger (78629 vs 26738 bytes),
KEEP,2107,DE-Conquer Childhood Cancer,de-conquer-childhood-cancer,de-conquer-childhood-cancer.jpg,88188,old image larger (88188 vs 61982 bytes),
DEACTIVATE,10823,DE - Conquer Childhood Cancer,de-conquer-childhood-cancer-v1,de-conquer-childhood-cancer.png,61982,old image larger (88188 vs 61982 bytes),
KEEP,10824,DE - Credit Union,de-credit-union-v1,de-credit-union.png,68084,new image larger (68084 vs 26208 bytes),de-credit-union
DEACTIVATE,2110,DE-Credit Union,de-credit-union,de-credit-union.jpg,26208,new image larger (68084 vs 26208 bytes),
KEEP,10787,DE - Delaware State University,de-delaware-state-university-v1,de-delaware-state-university.png,76820,new image larger (76820 vs 28884 bytes),de-delaware-state-university
DEACTIVATE,2119,DE-Delaware State University,de-delaware-state-university,de-delaware-state-university.jpg,28884,new image larger (76820 vs 28884 bytes),
KEEP,10788,DE - Delaware Technical University,de-delaware-technical-university-v1,de-delaware-technical-university.png,1032867,new image larger (1032867 vs 96812 bytes),de-delaware-technical-university
DEACTIVATE,2120,DE-Delaware Technical University,de-delaware-technical-university,de-delaware-technical-university.jpg,96812,new image larger (1032867 vs 96812 bytes),
KEEP,10758,DE - Delta Sigma Theta,de-delta-sigma-theta-v1,de-delta-sigma-theta.png,76775,new image larger (76775 vs 27356 bytes),de-delta-sigma-theta
DEACTIVATE,2124,DE-Delta Sigma Theta,de-delta-sigma-theta,de-delta-sigma-theta.jpg,27356,new image larger (76775 vs 27356 bytes),
KEEP,2125,DE-Delta Waterfowl,de-delta-waterfowl,de-delta-waterfowl.jpg,102143,old image larger (102143 vs 67551 bytes),
DEACTIVATE,10770,DE - Delta Waterfowl,de-delta-waterfowl-v1,de-delta-waterfowl.png,67551,old image larger (102143 vs 67551 bytes),
REVIEW,2126,DE-Disabled American Veterans,de-disabled-american-veterans,de-disabled-american-veterans.jpg,29799,2 variants found — manual review needed,
REVIEW,10863,DE - Disabled American Veterans v1,de-disabled-american-veterans-v1,de-disabled-american-veterans-v1.jpg,29799,2 variants found — manual review needed,
REVIEW,10864,DE - Disabled American Veterans v2,de-disabled-american-veterans-v2,de-disabled-american-veterans-v2.jpg,118000,2 variants found — manual review needed,
KEEP,2130,DE-Dover High School,de-dover-high-school,de-dover-high-school.jpg,92525,old image larger (92525 vs 56586 bytes),
DEACTIVATE,10790,DE - Dover High School,de-dover-high-school-v1,de-dover-high-school.png,56586,old image larger (92525 vs 56586 bytes),
REVIEW,2131,DE-Ducks Unlimited,de-ducks-unlimited,de-ducks-unlimited.jpg,23487,2 variants found — manual review needed,
REVIEW,10771,DE - Ducks Unlimited v1,de-ducks-unlimited-v1,de-ducks-unlimited-v1.png,64464,2 variants found — manual review needed,
REVIEW,10772,DE - Ducks Unlimited v2,de-ducks-unlimited-v2,de-ducks-unlimited-v2.jpg,422728,2 variants found — manual review needed,
KEEP,10774,DE - Farm Bureau,de-farm-bureau-v1,de-farm-bureau.png,102086,new image larger (102086 vs 27398 bytes),de-farm-bureau
DEACTIVATE,2137,DE-Farm Bureau,de-farm-bureau,de-farm-bureau.jpg,27398,new image larger (102086 vs 27398 bytes),
KEEP,10775,DE - Farm Preservation,de-farm-preservation-v1,de-farm-preservation.png,121567,new image larger (121567 vs 26604 bytes),de-farm-preservation
DEACTIVATE,2138,DE-Farm Preservation,de-farm-preservation,de-farm-preservation.jpg,26604,new image larger (121567 vs 26604 bytes),
KEEP,10791,DE - Felton High School,de-felton-high-school-v1,de-felton-high-school.png,117144,new image larger (117144 vs 29672 bytes),de-felton-high-school
DEACTIVATE,2139,DE-Felton High School,de-felton-high-school,de-felton-high-school.jpg,29672,new image larger (117144 vs 29672 bytes),
KEEP,10760,DE - Fraternal Order Of Police,de-fraternal-order-of-police-v1,de-fraternal-order-of-police.png,70803,new image larger (70803 vs 29480 bytes),de-fraternal-order-of-police
DEACTIVATE,2141,DE-Fraternal Order of Police,de-fraternal-order-of-police,de-fraternal-order-of-police.jpg,29480,new image larger (70803 vs 29480 bytes),
KEEP,10761,DE - Groove Phi Groove,de-groove-phi-groove-v1,de-groove-phi-groove.png,83132,new image larger (83132 vs 27791 bytes),de-groove-phi-groove
DEACTIVATE,2144,DE-Groove Phi Groove,de-groove-phi-groove,de-groove-phi-groove.jpg,27791,new image larger (83132 vs 27791 bytes),
KEEP,10793,DE - Harrington High School,de-harrington-high-school-v1,de-harrington-high-school.png,82274,new image larger (82274 vs 30292 bytes),de-harrington-high-school
DEACTIVATE,2145,DE-Harrington High School,de-harrington-high-school,de-harrington-high-school.jpg,30292,new image larger (82274 vs 30292 bytes),
KEEP,10867,DE - Honorably Discharged Military Veteran,de-honorably-discharged-military-veteran-v1,de-honorably-discharged-military-veteran.jpg,123501,new image larger (123501 vs 98256 bytes),de-honorably-discharged-military-veteran
DEACTIVATE,2146,DE-Honorably Discharged Military Veteran,de-honorably-discharged-military-veteran,de-honorably-discharged-military-veteran.png,98256,new image larger (123501 vs 98256 bytes),
KEEP,10868,DE - Honoring Veterans,de-honoring-veterans-v1,de-honoring-veterans.jpg,104608,new image larger (104608 vs 97615 bytes),de-honoring-veterans
DEACTIVATE,2147,DE-Honoring Veterans,de-honoring-veterans,de-honoring-veterans.png,97615,new image larger (104608 vs 97615 bytes),
KEEP,10776,DE - Horseshoe Crab,de-horseshoe-crab-v1,de-horseshoe-crab.jpg,160163,new image larger (160163 vs 147363 bytes),de-horseshoe-crab
DEACTIVATE,2135,DE-Horseshoe Crab,de-horseshoe-crab,de-horseshoe-crab.png,147363,new image larger (160163 vs 147363 bytes),
KEEP,10794,DE - Indian River Hs Alumni,de-indian-river-hs-alumni-v1,de-indian-river-hs-alumni.png,76884,new image larger (76884 vs 62651 bytes),de-indian-river-hs-alumni
DEACTIVATE,2148,DE-Indian River HS Alumni,de-indian-river-hs-alumni,de-indian-river-hs-alumni.jpg,62651,new image larger (76884 vs 62651 bytes),
KEEP,10795,DE - Johns Hopkins University,de-johns-hopkins-university-v1,de-johns-hopkins-university.png,101925,new image larger (101925 vs 29820 bytes),de-johns-hopkins-university
DEACTIVATE,2149,DE-Johns Hopkins University,de-johns-hopkins-university,de-johns-hopkins-university.jpg,29820,new image larger (101925 vs 29820 bytes),
KEEP,10762,DE - Kappa Alpha Psi,de-kappa-alpha-psi-v1,de-kappa-alpha-psi.png,104327,new image larger (104327 vs 26901 bytes),de-kappa-alpha-psi
DEACTIVATE,2150,DE-Kappa Alpha Psi,de-kappa-alpha-psi,de-kappa-alpha-psi.jpg,26901,new image larger (104327 vs 26901 bytes),
KEEP,10778,DE - Keep Delaware Beautiful,de-keep-delaware-beautiful-v1,de-keep-delaware-beautiful.jpg,111475,new image larger (111475 vs 91559 bytes),de-keep-delaware-beautiful
DEACTIVATE,2151,DE-Keep Delaware Beautiful,de-keep-delaware-beautiful,de-keep-delaware-beautiful.png,91559,new image larger (111475 vs 91559 bytes),
REVIEW,2156,DE-Law Enforcement Memorial,de-law-enforcement-memorial,de-law-enforcement-memorial.jpg,86701,2 variants found — manual review needed,
REVIEW,10828,DE - Law Enforcement Memorial v1,de-law-enforcement-memorial-v1,de-law-enforcement-memorial-v1.jpg,86701,2 variants found — manual review needed,
REVIEW,10829,DE - Law Enforcement Memorial v2,de-law-enforcement-memorial-v2,de-law-enforcement-memorial-v2.jpg,126322,2 variants found — manual review needed,
KEEP,10763,DE - Lions Club,de-lions-club-v1,de-lions-club.png,68852,new image larger (68852 vs 27169 bytes),de-lions-club
DEACTIVATE,2157,DE-Lions Club,de-lions-club,de-lions-club.jpg,27169,new image larger (68852 vs 27169 bytes),
KEEP,10764,DE - Masonic Mason,de-masonic-mason-v1,de-masonic-mason.png,76630,new image larger (76630 vs 28315 bytes),de-masonic-mason
DEACTIVATE,2162,DE-Masonic Mason,de-masonic-mason,de-masonic-mason.jpg,28315,new image larger (76630 vs 28315 bytes),
KEEP,10830,DE - Nanticoke Indian Association,de-nanticoke-indian-association-v1,de-nanticoke-indian-association.png,97562,new image larger (97562 vs 28989 bytes),de-nanticoke-indian-association
DEACTIVATE,2165,DE-Nanticoke Indian Association,de-nanticoke-indian-association,de-nanticoke-indian-association.jpg,28989,new image larger (97562 vs 28989 bytes),
KEEP,10831,DE - National Rifle Association,de-national-rifle-association-v1,de-national-rifle-association.png,74706,new image larger (74706 vs 33806 bytes),de-national-rifle-association
DEACTIVATE,2167,DE-National Rifle Association,de-national-rifle-association,de-national-rifle-association.jpg,33806,new image larger (74706 vs 33806 bytes),
KEEP,10797,DE - Newark High School,de-newark-high-school-v1,de-newark-high-school.png,66273,new image larger (66273 vs 28754 bytes),de-newark-high-school
DEACTIVATE,2172,DE-Newark High School,de-newark-high-school,de-newark-high-school.jpg,28754,new image larger (66273 vs 28754 bytes),
KEEP,10798,DE - Notre Dame,de-notre-dame-v1,de-notre-dame.png,78024,new image larger (78024 vs 31723 bytes),de-notre-dame
DEACTIVATE,2173,DE-Notre Dame,de-notre-dame,de-notre-dame.jpg,31723,new image larger (78024 vs 31723 bytes),
KEEP,10799,DE - Ohio State University,de-ohio-state-university-v1,de-ohio-state-university.png,115200,new image larger (115200 vs 32029 bytes),de-ohio-state-university
DEACTIVATE,2175,DE-Ohio State University,de-ohio-state-university,de-ohio-state-university.jpg,32029,new image larger (115200 vs 32029 bytes),
KEEP,10766,DE - Omega Psi Phi,de-omega-psi-phi-v1,de-omega-psi-phi.png,69393,new image larger (69393 vs 28804 bytes),de-omega-psi-phi
DEACTIVATE,2176,DE-Omega Psi Phi,de-omega-psi-phi,de-omega-psi-phi.jpg,28804,new image larger (69393 vs 28804 bytes),
REVIEW,2182,DE-Penn State University,de-penn-state-university,de-penn-state-university.jpg,28769,2 variants found — manual review needed,
REVIEW,10800,DE - Penn State University v1,de-penn-state-university-v1,de-penn-state-university-v1.jpg,28769,2 variants found — manual review needed,
REVIEW,10801,DE - Penn State University v2,de-penn-state-university-v2,de-penn-state-university-v2.jpg,117671,2 variants found — manual review needed,
KEEP,10767,DE - Phi Beta Sigma Fraternity,de-phi-beta-sigma-fraternity-v1,de-phi-beta-sigma-fraternity.png,72111,new image larger (72111 vs 27926 bytes),de-phi-beta-sigma-fraternity
DEACTIVATE,2183,DE-Phi Beta Sigma Fraternity,de-phi-beta-sigma-fraternity,de-phi-beta-sigma-fraternity-inc.jpg,27926,new image larger (72111 vs 27926 bytes),
KEEP,10768,DE - Prince Hall Affiliated,de-prince-hall-affiliated-v1,de-prince-hall-affiliated.png,67975,new image larger (67975 vs 29094 bytes),de-prince-hall-affiliated
DEACTIVATE,2186,DE-Prince Hall Affiliated,de-prince-hall-affiliated,de-prince-hall-affiliated.jpg,29094,new image larger (67975 vs 29094 bytes),
KEEP,2188,DE-Professional Firefighter,de-professional-firefighter,de-professional-firefighter.jpg,91890,old image larger (91890 vs 67688 bytes),
DEACTIVATE,10839,DE - Professional Firefighter,de-professional-firefighter-v1,de-professional-firefighter.png,67688,old image larger (91890 vs 67688 bytes),
REVIEW,2193,DE-Saint Josephs University,de-saint-josephs-university,de-saint-josephs-university.jpg,28974,2 variants found — manual review needed,
REVIEW,10802,DE - Saint Josephs University v1,de-saint-josephs-university-v1,de-saint-josephs-university-v1.jpg,28974,2 variants found — manual review needed,
REVIEW,10803,DE - Saint Josephs University v2,de-saint-josephs-university-v2,de-saint-josephs-university-v2.png,61239,2 variants found — manual review needed,
KEEP,10805,DE - Salesianum Alumni,de-salesianum-alumni-v1,de-salesianum-alumni.png,81746,new image larger (81746 vs 28994 bytes),de-salesianum-alumni
DEACTIVATE,2194,DE-Salesianum Alumni,de-salesianum-alumni,de-salesianum-alumni.jpg,28994,new image larger (81746 vs 28994 bytes),
KEEP,2198,DE-So. Delaware Street Rod Association,de-so-delaware-street-rod-association,de-so-delaware-street-rod-association.jpg,87039,old image larger (87039 vs 65759 bytes),
DEACTIVATE,10856,DE - So Delaware Street Rod Association,de-so-delaware-street-rod-association-v1,de-so-delaware-street-rod-association.png,65759,old image larger (87039 vs 65759 bytes),
KEEP,10783,DE - Standardbred Owners Association,de-standardbred-owners-association-v1,de-standardbred-owners-association.png,81678,new image larger (81678 vs 30861 bytes),de-standardbred-owners-association
DEACTIVATE,2199,DE-Standardbred Owners Association,de-standardbred-owners-association,de-standardbred-owners-association.jpg,30861,new image larger (81678 vs 30861 bytes),
KEEP,10845,DE - Stop Child Abuse,de-stop-child-abuse-v1,de-stop-child-abuse.jpg,279255,new image larger (279255 vs 77756 bytes),de-stop-child-abuse
DEACTIVATE,2197,DE-Stop Child Abuse,de-stop-child-abuse,de-stop-child-abuse.png,77756,new image larger (279255 vs 77756 bytes),
KEEP,10847,DE - Telephone Pioneers,de-telephone-pioneers-v1,de-telephone-pioneers.png,68793,new image larger (68793 vs 26067 bytes),de-telephone-pioneers
DEACTIVATE,2201,DE-Telephone Pioneers,de-telephone-pioneers,de-telephone-pioneers.jpg,26067,new image larger (68793 vs 26067 bytes),
KEEP,10806,DE - Temple University,de-temple-university-v1,de-temple-university.png,70151,new image larger (70151 vs 29705 bytes),de-temple-university
DEACTIVATE,2202,DE-Temple University,de-temple-university,de-temple-university.jpg,29705,new image larger (70151 vs 29705 bytes),
KEEP,10848,DE - United Auto Workers,de-united-auto-workers-v1,de-united-auto-workers.png,75623,new image larger (75623 vs 31755 bytes),de-united-auto-workers
DEACTIVATE,2203,DE-United Auto Workers,de-united-auto-workers,de-united-auto-workers.jpg,31755,new image larger (75623 vs 31755 bytes),
KEEP,10807,DE - University Of Delaware,de-university-of-delaware-v1,de-university-of-delaware.png,77290,new image larger (77290 vs 29621 bytes),de-university-of-delaware
DEACTIVATE,2205,DE-University of Delaware,de-university-of-delaware,de-university-of-delaware.jpg,29621,new image larger (77290 vs 29621 bytes),
KEEP,10808,DE - University Of Michigan,de-university-of-michigan-v1,de-university-of-michigan.png,75680,new image larger (75680 vs 28272 bytes),de-university-of-michigan
DEACTIVATE,2206,DE-University of Michigan,de-university-of-michigan,de-university-of-michigan.jpg,28272,new image larger (75680 vs 28272 bytes),
KEEP,10809,DE - University Of Pennsylvania,de-university-of-pennsylvania-v1,de-university-of-pennsylvania.png,76401,new image larger (76401 vs 27591 bytes),de-university-of-pennsylvania
DEACTIVATE,2207,DE-University of Pennsylvania,de-university-of-pennsylvania,de-university-of-pennsylvania.jpg,27591,new image larger (76401 vs 27591 bytes),
KEEP,10810,DE - US Naval Academy,de-us-naval-academy-v1,de-us-naval-academy.jpg,145085,new image larger (145085 vs 118440 bytes),de-us-naval-academy
DEACTIVATE,2208,DE-US Naval Academy,de-us-naval-academy,de-us-naval-academy.png,118440,new image larger (145085 vs 118440 bytes),
REVIEW,2211,DE-Villanova University,de-villanova-university,de-villanova-university.jpg,28895,2 variants found — manual review needed,
REVIEW,10811,DE - Villanova University v1,de-villanova-university-v1,de-villanova-university-v1.jpg,28895,2 variants found — manual review needed,
REVIEW,10812,DE - Villanova University v2,de-villanova-university-v2,de-villanova-university-v2.png,60495,2 variants found — manual review needed,
KEEP,10813,DE - Wesley College,de-wesley-college-v1,de-wesley-college.png,72645,new image larger (72645 vs 24176 bytes),de-wesley-college
DEACTIVATE,2214,DE-Wesley College,de-wesley-college,de-wesley-college.jpg,24176,new image larger (72645 vs 24176 bytes),
KEEP,2216,DE-West Virginia University,de-west-virginia-university,de-west-virginia-university.jpg,91323,old image larger (91323 vs 76734 bytes),
DEACTIVATE,10814,DE - West Virginia University,de-west-virginia-university-v1,de-west-virginia-university.png,76734,old image larger (91323 vs 76734 bytes),
KEEP,10849,DE - Wilmington Fire Department,de-wilmington-fire-department-v1,de-wilmington-fire-department.png,67652,new image larger (67652 vs 29556 bytes),de-wilmington-fire-department
DEACTIVATE,2217,DE-Wilmington Fire Department,de-wilmington-fire-department,de-wilmington-fire-department.jpg,29556,new image larger (67652 vs 29556 bytes),
KEEP,10850,DE - Wilmington Police Department,de-wilmington-police-department-v1,de-wilmington-police-department.png,59064,new image larger (59064 vs 28946 bytes),de-wilmington-police-department
DEACTIVATE,2218,DE-Wilmington Police Department,de-wilmington-police-department,de-wilmington-police-department.jpg,28946,new image larger (59064 vs 28946 bytes),
KEEP,2219,DE-Wilmington University,de-wilmington-university,de-wilmington-university.jpg,92827,old image larger (92827 vs 58503 bytes),
DEACTIVATE,10817,DE - Wilmington University,de-wilmington-university-v1,de-wilmington-university.png,58503,old image larger (92827 vs 58503 bytes),
KEEP,10872,DE - Womens Military Monument,de-womens-military-monument-v1,de-womens-military-monument.jpg,212399,new image larger (212399 vs 22995 bytes),de-womens-military-monument
DEACTIVATE,2220,DE-Women's Military Monument,de-womens-military-monument,de-women-s-military-monument.jpg,22995,new image larger (212399 vs 22995 bytes),
KEEP,10769,DE - Zeta Phi Beta,de-zeta-phi-beta-v1,de-zeta-phi-beta.png,118872,new image larger (118872 vs 54367 bytes),de-zeta-phi-beta
DEACTIVATE,2222,DE-Zeta Phi Beta,de-zeta-phi-beta,de-zeta-phi-beta.jpg,54367,new image larger (118872 vs 54367 bytes),
KEEP,2275,FL-Barry University,fl-barry-university,fl-barry-university.jpg,31894,old image larger (31894 vs 18678 bytes),
DEACTIVATE,10898,FL - Barry University v2,fl-barry-university-v2,fl-barry-university-v2.jpg,18678,old image larger (31894 vs 18678 bytes),
KEEP,2278,FL-Eckerd College,fl-eckerd-college,fl-eckerd-college.jpg,25932,old image larger (25932 vs 18704 bytes),
DEACTIVATE,10899,FL - Eckerd College v2,fl-eckerd-college-v2,fl-eckerd-college-v2.jpg,18704,old image larger (25932 vs 18704 bytes),
KEEP,2279,FL-Embry-Riddle Aeronautical University,fl-embry-riddle-aeronautical-university,fl-embry-riddle-aeronautical-university.jpg,35533,old image larger (35533 vs 18807 bytes),
DEACTIVATE,10900,FL - Embry Riddle Aeronautical University v2,fl-embry-riddle-aeronautical-university-v2,fl-embry-riddle-aeronautical-university-v2.jpg,18807,old image larger (35533 vs 18807 bytes),
KEEP,2379,FL-Family Values,fl-family-values,fl-family-values.jpg,46704,old image larger (46704 vs 16803 bytes),
DEACTIVATE,10934,FL - Family Values v2,fl-family-values-v2,fl-family-values-v2.jpg,16803,old image larger (46704 vs 16803 bytes),
KEEP,2284,FL-Florida Atlantic University,fl-florida-atlantic-university,fl-florida-atlantic-university.jpg,35728,old image larger (35728 vs 18344 bytes),
DEACTIVATE,10902,FL - Florida Atlantic University v2,fl-florida-atlantic-university-v2,fl-florida-atlantic-university-v2.jpg,18344,old image larger (35728 vs 18344 bytes),
KEEP,2286,FL-Florida College,fl-florida-college,fl-florida-college.jpg,26010,old image larger (26010 vs 19124 bytes),
DEACTIVATE,10903,FL - Florida College v2,fl-florida-college-v2,fl-florida-college-v2.jpg,19124,old image larger (26010 vs 19124 bytes),
KEEP,2287,FL-Florida Institute of Technology,fl-florida-institute-of-technology,fl-florida-institute-of-technology.jpg,32915,old image larger (32915 vs 18028 bytes),
DEACTIVATE,10905,FL - Florida Institute Of Technology v2,fl-florida-institute-of-technology-v2,fl-florida-institute-of-technology-v2.jpg,18028,old image larger (32915 vs 18028 bytes),
KEEP,2288,FL-Florida International University,fl-florida-international-university,fl-florida-international-university.jpg,37028,old image larger (37028 vs 16669 bytes),
DEACTIVATE,10906,FL - Florida International University v2,fl-florida-international-university-v2,fl-florida-international-university-v2.jpg,16669,old image larger (37028 vs 16669 bytes),
KEEP,2289,FL-Florida Southern College,fl-florida-southern-college,fl-florida-southern-college.jpg,34783,old image larger (34783 vs 16706 bytes),
DEACTIVATE,10907,FL - Florida Southern College v2,fl-florida-southern-college-v2,fl-florida-southern-college-v2.jpg,16706,old image larger (34783 vs 16706 bytes),
KEEP,2293,FL-Jacksonville University,fl-jacksonville-university,fl-jacksonville-university.jpg,29127,old image larger (29127 vs 17022 bytes),
DEACTIVATE,10908,FL - Jacksonville University v2,fl-jacksonville-university-v2,fl-jacksonville-university-v2.jpg,17022,old image larger (29127 vs 17022 bytes),
KEEP,2294,FL-Keiser University,fl-keiser-university,fl-keiser-university.jpg,31999,old image larger (31999 vs 19042 bytes),
DEACTIVATE,10909,FL - Keiser University v2,fl-keiser-university-v2,fl-keiser-university-v2.jpg,19042,old image larger (31999 vs 19042 bytes),
KEEP,10938,FL - Laurens Kids,fl-laurens-kids-v1,fl-laurens-kids.jpg,38150,"equal size (38150 bytes) — new uses preferred "" - "" format",fl-laurens-kids
DEACTIVATE,2390,FL-Lauren's Kids,fl-laurens-kids,fl-lauren-s-kids.jpg,38150,"equal size (38150 bytes) — new uses preferred "" - "" format",
KEEP,2295,FL-Lynn University,fl-lynn-university,fl-lynn-university.jpg,30790,old image larger (30790 vs 18833 bytes),
DEACTIVATE,10910,FL - Lynn University v2,fl-lynn-university-v2,fl-lynn-university-v2.jpg,18833,old image larger (30790 vs 18833 bytes),
KEEP,2299,FL-Nova Southeastern University,fl-nova-southeastern-university,fl-nova-southeastern-university.jpg,34109,old image larger (34109 vs 18810 bytes),
DEACTIVATE,10915,FL - Nova Southeastern University v2,fl-nova-southeastern-university-v2,fl-nova-southeastern-university-v2.jpg,18810,old image larger (34109 vs 18810 bytes),
KEEP,2300,FL-Palm Beach Atlantic University,fl-palm-beach-atlantic-university,fl-palm-beach-atlantic-university.jpg,31396,old image larger (31396 vs 20053 bytes),
DEACTIVATE,10919,FL - Palm Beach Atlantic University v2,fl-palm-beach-atlantic-university-v2,fl-palm-beach-atlantic-university-v2.jpg,20053,old image larger (31396 vs 20053 bytes),
KEEP,2301,FL-Ringling College of Art and Design,fl-ringling-college-of-art-and-design,fl-ringling-college-of-art-and-design.jpg,32014,old image larger (32014 vs 17901 bytes),
DEACTIVATE,10923,FL - Ringling College Of Art And Design v2,fl-ringling-college-of-art-and-design-v2,fl-ringling-college-of-art-and-design-v2.jpg,17901,old image larger (32014 vs 17901 bytes),
KEEP,2302,FL-Rollins College,fl-rollins-college,fl-rollins-college.jpg,28171,old image larger (28171 vs 17955 bytes),
DEACTIVATE,10924,FL - Rollins College v2,fl-rollins-college-v2,fl-rollins-college-v2.jpg,17955,old image larger (28171 vs 17955 bytes),
KEEP,2304,FL-Saint Leo University,fl-saint-leo-university,fl-saint-leo-university.jpg,30819,old image larger (30819 vs 16338 bytes),
DEACTIVATE,10925,FL - Saint Leo University v2,fl-saint-leo-university-v2,fl-saint-leo-university-v2.jpg,16338,old image larger (30819 vs 16338 bytes),
KEEP,2303,FL-Saint Thomas University,fl-saint-thomas-university,fl-saint-thomas-university.jpg,35052,old image larger (35052 vs 16568 bytes),
DEACTIVATE,10926,FL - Saint Thomas University v2,fl-saint-thomas-university-v2,fl-saint-thomas-university-v2.jpg,16568,old image larger (35052 vs 16568 bytes),
KEEP,2306,FL-Southeastern University,fl-southeastern-university,fl-southeastern-university.jpg,29307,old image larger (29307 vs 17806 bytes),
DEACTIVATE,10927,FL - Southeastern University v2,fl-southeastern-university-v2,fl-southeastern-university-v2.jpg,17806,old image larger (29307 vs 17806 bytes),
KEEP,10894,FL - Standard 1963,fl-standard-1963-v1,fl-standard-1963.jpg,37103,new image larger (37103 vs 0 bytes),fl-standard-1963
DEACTIVATE,2409,FL-Standard-1963,fl-standard-1963,,0,new image larger (37103 vs 0 bytes),
KEEP,2307,FL-Stetson University,fl-stetson-university,fl-stetson-university.jpg,33274,old image larger (33274 vs 18973 bytes),
DEACTIVATE,10928,FL - Stetson University v2,fl-stetson-university-v2,fl-stetson-university-v2.jpg,18973,old image larger (33274 vs 18973 bytes),
KEEP,2341,FL-Trees are Cool,fl-trees-are-cool,fl-trees-are-cool.jpg,43441,old image larger (43441 vs 19430 bytes),
DEACTIVATE,10879,FL - Trees Are Cool v2,fl-trees-are-cool-v2,fl-trees-are-cool-v2.jpg,19430,old image larger (43441 vs 19430 bytes),
KEEP,2308,FL-University of North Florida,fl-university-of-north-florida,fl-university-of-north-florida.jpg,37348,old image larger (37348 vs 17979 bytes),
DEACTIVATE,10930,FL - University Of North Florida v2,fl-university-of-north-florida-v2,fl-university-of-north-florida-v2.jpg,17979,old image larger (37348 vs 17979 bytes),
KEEP,2310,FL-University of Tampa,fl-university-of-tampa,fl-university-of-tampa.jpg,30955,old image larger (30955 vs 18521 bytes),
DEACTIVATE,10931,FL - University Of Tampa v2,fl-university-of-tampa-v2,fl-university-of-tampa-v2.jpg,18521,old image larger (30955 vs 18521 bytes),
KEEP,10880,FL - US Air Force,fl-us-air-force-v1,fl-us-air-force.jpg,42716,"equal size (42716 bytes) — new uses preferred "" - "" format",fl-us-air-force
DEACTIVATE,2346,FL-U.S. Air Force,fl-us-air-force,fl-u-s-air-force.jpg,42716,"equal size (42716 bytes) — new uses preferred "" - "" format",
KEEP,10881,FL - US Army,fl-us-army-v1,fl-us-army.jpg,40715,"equal size (40715 bytes) — new uses preferred "" - "" format",fl-us-army
DEACTIVATE,2347,FL-U.S. Army,fl-us-army,fl-u-s-army.jpg,40715,"equal size (40715 bytes) — new uses preferred "" - "" format",
KEEP,10882,FL - US Coast Guard,fl-us-coast-guard-v1,fl-us-coast-guard.jpg,47106,"equal size (47106 bytes) — new uses preferred "" - "" format",fl-us-coast-guard
DEACTIVATE,2348,FL-U.S. Coast Guard,fl-us-coast-guard,fl-u-s-coast-guard.jpg,47106,"equal size (47106 bytes) — new uses preferred "" - "" format",
KEEP,10883,FL - US Marine Corps,fl-us-marine-corps-v1,fl-us-marine-corps.jpg,39451,"equal size (39451 bytes) — new uses preferred "" - "" format",fl-us-marine-corps
DEACTIVATE,2349,FL-U.S. Marine Corps,fl-us-marine-corps,fl-u-s-marine-corps.jpg,39451,"equal size (39451 bytes) — new uses preferred "" - "" format",
KEEP,10884,FL - US Navy,fl-us-navy-v1,fl-us-navy.jpg,43907,"equal size (43907 bytes) — new uses preferred "" - "" format",fl-us-navy
DEACTIVATE,2350,FL-U.S. Navy,fl-us-navy,fl-u-s-navy.jpg,43907,"equal size (43907 bytes) — new uses preferred "" - "" format",
KEEP,10946,FL - US Olympic Spirit,fl-us-olympic-spirit-v1,fl-us-olympic-spirit.jpg,32242,"equal size (32242 bytes) — new uses preferred "" - "" format",fl-us-olympic-spirit
DEACTIVATE,2368,FL-U.S. Olympic Spirit,fl-us-olympic-spirit,fl-u-s-olympic-spirit.jpg,32242,"equal size (32242 bytes) — new uses preferred "" - "" format",
KEEP,10885,FL - US Paratrooper,fl-us-paratrooper-v1,fl-us-paratrooper.jpg,44429,"equal size (44429 bytes) — new uses preferred "" - "" format",fl-us-paratrooper
DEACTIVATE,2447,FL-U.S. Paratrooper,fl-us-paratrooper,fl-u-s-paratrooper.jpg,44429,"equal size (44429 bytes) — new uses preferred "" - "" format",
KEEP,10886,FL - US Reserve,fl-us-reserve-v1,fl-us-reserve.jpg,32517,"equal size (32517 bytes) — new uses preferred "" - "" format",fl-us-reserve
DEACTIVATE,2448,FL-U.S. Reserve,fl-us-reserve,fl-u-s-reserve.jpg,32517,"equal size (32517 bytes) — new uses preferred "" - "" format",
KEEP,2398,FL-Walt Disney World,fl-walt-disney-world,fl-walt-disney-world.jpg,40766,old image larger (40766 vs 17023 bytes),
DEACTIVATE,10947,FL - Walt Disney World v2,fl-walt-disney-world-v2,fl-walt-disney-world-v2.jpg,17023,old image larger (40766 vs 17023 bytes),
KEEP,2530,GA-Abraham Baldwin Agricultural College,ga-abraham-baldwin-agricultural-college,ga-abraham-baldwin-agricultural-college-new-plates-are-no-longe.jpg,29178,old image larger (29178 vs 24821 bytes),
DEACTIVATE,10961,GA - Abraham Baldwin Agricultural College,ga-abraham-baldwin-agricultural-college-v1,ga-abraham-baldwin-agricultural-college.jpg,24821,old image larger (29178 vs 24821 bytes),
KEEP,10949,GA - Alpha Phi Alpha,ga-alpha-phi-alpha-v1,ga-alpha-phi-alpha.jpg,51579,"equal size (51579 bytes) — new uses preferred "" - "" format",ga-alpha-phi-alpha
DEACTIVATE,2746,GA-Alpha Phi Alpha,ga-alpha-phi-alpha,ga-alpha-phi-alpha-fraternity-inc.jpg,51579,"equal size (51579 bytes) — new uses preferred "" - "" format",
KEEP,10964,GA - Armstrong Atlantic State University,ga-armstrong-atlantic-state-university-v1,ga-armstrong-atlantic-state-university.jpg,77802,"equal size (77802 bytes) — new uses preferred "" - "" format",ga-armstrong-atlantic-state-university
DEACTIVATE,2532,GA-Armstrong Atlantic State University,ga-armstrong-atlantic-state-university,ga-armstrong-atlantic-state-university-new-plates-are-no-longer.jpg,77802,"equal size (77802 bytes) — new uses preferred "" - "" format",
REVIEW,2753,GA-Atlanta Hawks Foundation,ga-atlanta-hawks-foundation,ga-atlanta-hawks-foundation.jpg,56583,2 variants found — manual review needed,
REVIEW,11001,GA - Atlanta Hawks Foundation v1,ga-atlanta-hawks-foundation-v1,ga-atlanta-hawks-foundation-v1.jpg,56583,2 variants found — manual review needed,
REVIEW,11002,GA - Atlanta Hawks Foundation v2,ga-atlanta-hawks-foundation-v2,ga-atlanta-hawks-foundation-v2.jpg,51118,2 variants found — manual review needed,
KEEP,10965,GA - Brenau University,ga-brenau-university-v1,ga-brenau-university.jpg,20396,"equal size (20396 bytes) — new uses preferred "" - "" format",ga-brenau-university
DEACTIVATE,2535,GA-Brenau University,ga-brenau-university,ga-brenau-university-new-plates-are-no-longer-available.jpg,20396,"equal size (20396 bytes) — new uses preferred "" - "" format",
KEEP,10985,GA - Childrens Healthcare Of Atlanta,ga-childrens-healthcare-of-atlanta-v1,ga-childrens-healthcare-of-atlanta.jpg,66158,"equal size (66158 bytes) — new uses preferred "" - "" format",ga-childrens-healthcare-of-atlanta
DEACTIVATE,2762,GA-Children’s Healthcare of Atlanta,ga-childrens-healthcare-of-atlanta,ga-children-s-healthcare-of-atlanta.jpg,66158,"equal size (66158 bytes) — new uses preferred "" - "" format",
REVIEW,2763,GA-Choose Life,ga-choose-life,ga-choose-life.jpg,29779,2 variants found — manual review needed,
REVIEW,10986,GA - Choose Life v1,ga-choose-life-v1,ga-choose-life-v1.jpg,29779,2 variants found — manual review needed,
REVIEW,10987,GA - Choose Life v2,ga-choose-life-v2,ga-choose-life-v2.jpg,27526,2 variants found — manual review needed,
KEEP,10967,GA - Columbus State University,ga-columbus-state-university-v1,ga-columbus-state-university.jpg,102370,"equal size (102370 bytes) — new uses preferred "" - "" format",ga-columbus-state-university
DEACTIVATE,2537,GA-Columbus State University,ga-columbus-state-university,ga-columbus-state-university-new-plates-are-no-longer-available.jpg,102370,"equal size (102370 bytes) — new uses preferred "" - "" format",
KEEP,11019,GA - Desert Storm US Marine,ga-desert-storm-us-marine-v1,ga-desert-storm-us-marine.jpg,24832,"equal size (24832 bytes) — new uses preferred "" - "" format",ga-desert-storm-us-marine
DEACTIVATE,2636,GA-Desert Storm U.S. Marine,ga-desert-storm-us-marine,ga-desert-storm-u-s-marine.jpg,24832,"equal size (24832 bytes) — new uses preferred "" - "" format",
KEEP,10969,GA - Georgia College And State University,ga-georgia-college-and-state-university-v1,ga-georgia-college-and-state-university.jpg,29452,"equal size (29452 bytes) — new uses preferred "" - "" format",ga-georgia-college-and-state-university
DEACTIVATE,2540,GA-Georgia College and State University,ga-georgia-college-and-state-university,ga-georgia-college-and-state-university-new-plates-are-no-longe.jpg,29452,"equal size (29452 bytes) — new uses preferred "" - "" format",
REVIEW,2783,GA-Georgia Pet Foundation,ga-georgia-pet-foundation,ga-georgia-pet-foundation.jpg,37452,2 variants found — manual review needed,
REVIEW,10991,GA - Georgia Pet Foundation v1,ga-georgia-pet-foundation-v1,ga-georgia-pet-foundation-v1.jpg,37452,2 variants found — manual review needed,
REVIEW,10992,GA - Georgia Pet Foundation v2,ga-georgia-pet-foundation-v2,ga-georgia-pet-foundation-v2.jpg,67479,2 variants found — manual review needed,
KEEP,10993,GA - Georgia Prostate Cancer Coalition,ga-georgia-prostate-cancer-coalition-v1,ga-georgia-prostate-cancer-coalition.jpg,38954,"equal size (38954 bytes) — new uses preferred "" - "" format",ga-georgia-prostate-cancer-coalition
DEACTIVATE,2785,GA-Georgia Prostate Cancer Coalition,ga-georgia-prostate-cancer-coalition,ga-georgia-prostate-cancer-coalition-new-plates-are-no-longer-a.jpg,38954,"equal size (38954 bytes) — new uses preferred "" - "" format",
REVIEW,2542,GA-Georgia Southern University,ga-georgia-southern-university,ga-georgia-southern-university.jpg,52836,2 variants found — manual review needed,
REVIEW,10970,GA - Georgia Southern University v1,ga-georgia-southern-university-v1,ga-georgia-southern-university-v1.jpg,52836,2 variants found — manual review needed,
REVIEW,10971,GA - Georgia Southern University v2,ga-georgia-southern-university-v2,ga-georgia-southern-university-v2.jpg,20819,2 variants found — manual review needed,
KEEP,10994,GA - Grady Health Foundation,ga-grady-health-foundation-v1,ga-grady-health-foundation.jpg,29337,"equal size (29337 bytes) — new uses preferred "" - "" format",ga-grady-health-foundation
DEACTIVATE,2790,GA-Grady Health Foundation,ga-grady-health-foundation,ga-grady-health-foundation-new-plates-are-no-longer-available.jpg,29337,"equal size (29337 bytes) — new uses preferred "" - "" format",
KEEP,10973,GA - Hampton University Atlanta Alumni,ga-hampton-university-atlanta-alumni-v1,ga-hampton-university-atlanta-alumni.jpg,35845,"equal size (35845 bytes) — new uses preferred "" - "" format",ga-hampton-university-atlanta-alumni
DEACTIVATE,2791,GA-Hampton University Atlanta Alumni,ga-hampton-university-atlanta-alumni,ga-hampton-university-atlanta-alumni-new-plates-are-no-longer-a.jpg,35845,"equal size (35845 bytes) — new uses preferred "" - "" format",
KEEP,10995,GA - Joan Gaeta Lung Cancer Fund,ga-joan-gaeta-lung-cancer-fund-v1,ga-joan-gaeta-lung-cancer-fund.jpg,19300,"equal size (19300 bytes) — new uses preferred "" - "" format",ga-joan-gaeta-lung-cancer-fund
DEACTIVATE,2796,GA-Joan Gaeta Lung Cancer Fund,ga-joan-gaeta-lung-cancer-fund,ga-joan-gaeta-lung-cancer-fund-new-plates-are-no-longer-availab.jpg,19300,"equal size (19300 bytes) — new uses preferred "" - "" format",
KEEP,10974,GA - Lagrange College,ga-lagrange-college-v1,ga-lagrange-college.jpg,29608,"equal size (29608 bytes) — new uses preferred "" - "" format",ga-lagrange-college
DEACTIVATE,2545,GA-LaGrange College,ga-lagrange-college,ga-lagrange-college-new-plates-are-no-longer-available.jpg,29608,"equal size (29608 bytes) — new uses preferred "" - "" format",
KEEP,10975,GA - Life University,ga-life-university-v1,ga-life-university.jpg,44157,"equal size (44157 bytes) — new uses preferred "" - "" format",ga-life-university
DEACTIVATE,2546,GA-Life University,ga-life-university,ga-life-university-new-plates-are-no-longer-available.jpg,44157,"equal size (44157 bytes) — new uses preferred "" - "" format",
KEEP,11003,GA - Nascar,ga-nascar-v1,ga-nascar.jpg,38348,"equal size (38348 bytes) — new uses preferred "" - "" format",ga-nascar
DEACTIVATE,2805,GA-NASCAR,ga-nascar,ga-nascar-officially-licensed-registration-plate.jpg,38348,"equal size (38348 bytes) — new uses preferred "" - "" format",
KEEP,10976,GA - Oglethorpe University,ga-oglethorpe-university-v1,ga-oglethorpe-university.jpg,41703,"equal size (41703 bytes) — new uses preferred "" - "" format",ga-oglethorpe-university
DEACTIVATE,2550,GA-Oglethorpe University,ga-oglethorpe-university,ga-oglethorpe-university-new-plates-are-no-longer-available.jpg,41703,"equal size (41703 bytes) — new uses preferred "" - "" format",
REVIEW,2734,GA-Omega Psi Phi Motorcycle,ga-omega-psi-phi-motorcycle,ga-omega-psi-phi-motorcycle.jpg,30711,2 variants found — manual review needed,
REVIEW,10952,GA - Omega Psi Phi Motorcycle v1,ga-omega-psi-phi-motorcycle-v1,ga-omega-psi-phi-motorcycle-v1.jpg,30711,2 variants found — manual review needed,
REVIEW,10953,GA - Omega Psi Phi Motorcycle v2,ga-omega-psi-phi-motorcycle-v2,ga-omega-psi-phi-motorcycle-v2.jpg,19326,2 variants found — manual review needed,
KEEP,10997,GA - Race Car Hall Of Fame,ga-race-car-hall-of-fame-v1,ga-race-car-hall-of-fame.jpg,55931,"equal size (55931 bytes) — new uses preferred "" - "" format",ga-race-car-hall-of-fame
DEACTIVATE,2810,GA-Race Car Hall of Fame,ga-race-car-hall-of-fame,ga-race-car-hall-of-fame-new-plates-are-no-longer-available.jpg,55931,"equal size (55931 bytes) — new uses preferred "" - "" format",
KEEP,10954,GA - Rotary International,ga-rotary-international-v1,ga-rotary-international.jpg,34374,"equal size (34374 bytes) — new uses preferred "" - "" format",ga-rotary-international
DEACTIVATE,2811,GA-Rotary International,ga-rotary-international,ga-rotary-internati.jpg,34374,"equal size (34374 bytes) — new uses preferred "" - "" format",
KEEP,10977,GA - Savannah College Of Art Amp Design,ga-savannah-college-of-art-amp-design-v1,ga-savannah-college-of-art-amp-design.jpg,55619,"equal size (55619 bytes) — new uses preferred "" - "" format",ga-savannah-college-of-art-amp-design
DEACTIVATE,2551,GA-Savannah College of Art &amp; Design,ga-savannah-college-of-art-amp-design,ga-savannah-college-of-art-amp-design-new-plates-are-no-longer-.jpg,55619,"equal size (55619 bytes) — new uses preferred "" - "" format",
KEEP,11161,IA - Airmens Medal,ia-airmens-medal-v1,ia-airmens-medal.jpg,39398,"equal size (39398 bytes) — new uses preferred "" - "" format",ia-airmens-medal
DEACTIVATE,3304,IA-Airmen's Medal,ia-airmens-medal,ia-airmen-s-medal.jpg,39398,"equal size (39398 bytes) — new uses preferred "" - "" format",
KEEP,11080,IA - Allen College,ia-allen-college-v1,ia-allen-college.png,47840,new image larger (47840 vs 40431 bytes),ia-allen-college
DEACTIVATE,3258,IA-Allen College,ia-allen-college,ia-allen-college.jpg,40431,new image larger (47840 vs 40431 bytes),
KEEP,11158,IA - Amateur Radio Call Letter,ia-amateur-radio-call-letter-v1,ia-amateur-radio-call-letter.png,62229,new image larger (62229 vs 23939 bytes),ia-amateur-radio-call-letter
DEACTIVATE,3253,IA-Amateur Radio Call Letter,ia-amateur-radio-call-letter,ia-amateur-radio-call-letter.gif,23939,new image larger (62229 vs 23939 bytes),
KEEP,11124,IA - Breast Cancer Awareness,ia-breast-cancer-awareness-v1,ia-breast-cancer-awareness.png,68885,new image larger (68885 vs 29044 bytes),ia-breast-cancer-awareness
DEACTIVATE,3233,IA-Breast Cancer Awareness,ia-breast-cancer-awareness,ia-breast-cancer-awareness.gif,29044,new image larger (68885 vs 29044 bytes),
KEEP,11081,IA - Briar Cliff University,ia-briar-cliff-university-v1,ia-briar-cliff-university.png,54345,new image larger (54345 vs 46313 bytes),ia-briar-cliff-university
DEACTIVATE,3259,IA-Briar Cliff University,ia-briar-cliff-university,ia-briar-cliff-university.jpg,46313,new image larger (54345 vs 46313 bytes),
KEEP,11162,IA - Bronze Star,ia-bronze-star-v1,ia-bronze-star.png,85085,new image larger (85085 vs 31374 bytes),ia-bronze-star
DEACTIVATE,3287,IA-Bronze Star,ia-bronze-star,ia-bronze-star.jpg,31374,new image larger (85085 vs 31374 bytes),
REVIEW,3260,IA-Buena Vista University,ia-buena-vista-university,ia-buena-vista-university.jpg,33031,2 variants found — manual review needed,
REVIEW,11082,IA - Buena Vista University v1,ia-buena-vista-university-v1,ia-buena-vista-university-v1.jpg,33031,2 variants found — manual review needed,
REVIEW,11083,IA - Buena Vista University v2,ia-buena-vista-university-v2,ia-buena-vista-university-v2.png,62718,2 variants found — manual review needed,
KEEP,11125,IA - Cattlemen Care,ia-cattlemen-care-v1,ia-cattlemen-care.png,77804,new image larger (77804 vs 34508 bytes),ia-cattlemen-care
DEACTIVATE,3234,IA-Cattlemen Care,ia-cattlemen-care,ia-cattlemen-care.gif,34508,new image larger (77804 vs 34508 bytes),
KEEP,3261,IA-Central College,ia-central-college,ia-central-college.jpg,96945,old image larger (96945 vs 48824 bytes),
DEACTIVATE,11085,IA - Central College,ia-central-college-v1,ia-central-college.png,48824,old image larger (96945 vs 48824 bytes),
KEEP,11126,IA - Choose Life,ia-choose-life-v1,ia-choose-life.png,70832,new image larger (70832 vs 34140 bytes),ia-choose-life
DEACTIVATE,3235,IA-Choose Life,ia-choose-life,ia-choose-life.jpg,34140,new image larger (70832 vs 34140 bytes),
KEEP,11087,IA - Clarke University,ia-clarke-university-v1,ia-clarke-university.png,49281,new image larger (49281 vs 29602 bytes),ia-clarke-university
DEACTIVATE,3262,IA-Clarke University,ia-clarke-university,ia-clarke-university.gif,29602,new image larger (49281 vs 29602 bytes),
KEEP,3263,IA-Coe College,ia-coe-college,ia-coe-college.jpg,112710,old image larger (112710 vs 81662 bytes),
DEACTIVATE,11088,IA - Coe College,ia-coe-college-v1,ia-coe-college.png,81662,old image larger (112710 vs 81662 bytes),
KEEP,11089,IA - Cornell College,ia-cornell-college-v1,ia-cornell-college.png,109839,new image larger (109839 vs 71326 bytes),ia-cornell-college
DEACTIVATE,3264,IA-Cornell College,ia-cornell-college,ia-cornell-college.jpg,71326,new image larger (109839 vs 71326 bytes),
KEEP,11091,IA - Des Moines University,ia-des-moines-university-v1,ia-des-moines-university.png,105740,new image larger (105740 vs 67340 bytes),ia-des-moines-university
DEACTIVATE,3265,IA-Des Moines University,ia-des-moines-university,ia-des-moines-university.jpg,67340,new image larger (105740 vs 67340 bytes),
KEEP,11093,IA - Drake University,ia-drake-university-v1,ia-drake-university.png,66114,new image larger (66114 vs 33060 bytes),ia-drake-university
DEACTIVATE,3267,IA-Drake University,ia-drake-university,ia-drake-university.jpg,33060,new image larger (66114 vs 33060 bytes),
KEEP,11071,IA - Ducks Unlimited,ia-ducks-unlimited-v1,ia-ducks-unlimited.png,66038,new image larger (66038 vs 31771 bytes),ia-ducks-unlimited
DEACTIVATE,3237,IA-Ducks Unlimited,ia-ducks-unlimited,ia-ducks-unlimited.jpg,31771,new image larger (66038 vs 31771 bytes),
REVIEW,3238,IA-Education,ia-education,ia-education.jpg,32266,2 variants found — manual review needed,
REVIEW,11127,IA - Education v1,ia-education-v1,ia-education-v1.jpg,32266,2 variants found — manual review needed,
REVIEW,11128,IA - Education v2,ia-education-v2,ia-education-v2.png,70972,2 variants found — manual review needed,
KEEP,11066,IA - Emergency Medical Services,ia-emergency-medical-services-v1,ia-emergency-medical-services.png,84352,new image larger (84352 vs 32658 bytes),ia-emergency-medical-services
DEACTIVATE,3254,IA-Emergency Medical Services,ia-emergency-medical-services,ia-emergency-medical-services.jpg,32658,new image larger (84352 vs 32658 bytes),
KEEP,11163,IA - Ex Prisoner Of War,ia-ex-prisoner-of-war-v1,ia-ex-prisoner-of-war.png,88430,new image larger (88430 vs 33631 bytes),ia-ex-prisoner-of-war
DEACTIVATE,3289,IA-Ex-Prisoner of War,ia-ex-prisoner-of-war,ia-ex-prisoner-of-war.jpg,33631,new image larger (88430 vs 33631 bytes),
KEEP,11067,IA - Fallen Peace Officer,ia-fallen-peace-officer-v1,ia-fallen-peace-officer.png,64611,new image larger (64611 vs 31264 bytes),ia-fallen-peace-officer
DEACTIVATE,3239,IA-Fallen Peace Officer,ia-fallen-peace-officer,ia-fallen-peace-officer.jpg,31264,new image larger (64611 vs 31264 bytes),
KEEP,11068,IA - Firefighter,ia-firefighter-v1,ia-firefighter.png,118213,new image larger (118213 vs 59868 bytes),ia-firefighter
DEACTIVATE,3255,IA-Firefighter,ia-firefighter,ia-firefighter.gif,59868,new image larger (118213 vs 59868 bytes),
KEEP,3232,IA-Flying Our Colors,ia-flying-our-colors,ia-flying-our-colors-plate.png,54833,old image larger (54833 vs 30122 bytes),
DEACTIVATE,11130,IA - Flying Our Colors,ia-flying-our-colors-v1,ia-flying-our-colors.png,30122,old image larger (54833 vs 30122 bytes),
KEEP,11132,IA - God Bless America,ia-god-bless-america-v1,ia-god-bless-america.png,73940,new image larger (73940 vs 33437 bytes),ia-god-bless-america
DEACTIVATE,3240,IA-God Bless America,ia-god-bless-america,ia-god-bless-america.jpg,33437,new image larger (73940 vs 33437 bytes),
KEEP,3268,IA-Graceland University,ia-graceland-university,ia-graceland-university.jpg,89999,old image larger (89999 vs 77261 bytes),
DEACTIVATE,11096,IA - Graceland University,ia-graceland-university-v1,ia-graceland-university.png,77261,old image larger (89999 vs 77261 bytes),
KEEP,11097,IA - Grand View University,ia-grand-view-university-v1,ia-grand-view-university.png,71170,new image larger (71170 vs 33550 bytes),ia-grand-view-university
DEACTIVATE,3269,IA-Grand View University,ia-grand-view-university,ia-grand-view-university.jpg,33550,new image larger (71170 vs 33550 bytes),
KEEP,3270,IA-Grinnell College,ia-grinnell-college,ia-grinnell-college.jpg,86481,old image larger (86481 vs 77180 bytes),
DEACTIVATE,11098,IA - Grinnell College,ia-grinnell-college-v1,ia-grinnell-college.png,77180,old image larger (86481 vs 77180 bytes),
KEEP,11135,IA - Iowa Heritage,ia-iowa-heritage-v1,ia-iowa-heritage.png,72838,new image larger (72838 vs 38997 bytes),ia-iowa-heritage
DEACTIVATE,3242,IA-Iowa Heritage,ia-iowa-heritage,ia-iowa-heritage.gif,38997,new image larger (72838 vs 38997 bytes),
KEEP,11165,IA - Iowa National Guard,ia-iowa-national-guard-v1,ia-iowa-national-guard.png,109408,new image larger (109408 vs 45469 bytes),ia-iowa-national-guard
DEACTIVATE,3291,IA-Iowa National Guard,ia-iowa-national-guard,ia-iowa-national-guard.jpg,45469,new image larger (109408 vs 45469 bytes),
KEEP,11099,IA - Iowa State University,ia-iowa-state-university-v1,ia-iowa-state-university.png,80264,new image larger (80264 vs 32650 bytes),ia-iowa-state-university
DEACTIVATE,3284,IA-Iowa State University,ia-iowa-state-university,ia-iowa-state-university.gif,32650,new image larger (80264 vs 32650 bytes),
KEEP,11100,IA - Iowa Wesleyan University,ia-iowa-wesleyan-university-v1,ia-iowa-wesleyan-university.png,51692,new image larger (51692 vs 26639 bytes),ia-iowa-wesleyan-university
DEACTIVATE,3271,IA-Iowa Wesleyan University,ia-iowa-wesleyan-university,ia-iowa-wesleyan-university.gif,26639,new image larger (51692 vs 26639 bytes),
KEEP,11166,IA - Legion Of Merit,ia-legion-of-merit-v1,ia-legion-of-merit.png,79782,new image larger (79782 vs 32289 bytes),ia-legion-of-merit
DEACTIVATE,3292,IA-Legion of Merit,ia-legion-of-merit,ia-legion-of-merit.jpg,32289,new image larger (79782 vs 32289 bytes),
KEEP,11101,IA - Loras College,ia-loras-college-v1,ia-loras-college.png,77407,new image larger (77407 vs 36059 bytes),ia-loras-college
DEACTIVATE,3272,IA-Loras College,ia-loras-college,ia-loras-college.gif,36059,new image larger (77407 vs 36059 bytes),
KEEP,11139,IA - Love Our Kids,ia-love-our-kids-v1,ia-love-our-kids.png,69934,new image larger (69934 vs 32595 bytes),ia-love-our-kids
DEACTIVATE,3243,IA-Love Our Kids,ia-love-our-kids,ia-love-our-kids.jpg,32595,new image larger (69934 vs 32595 bytes),
KEEP,11102,IA - Luther College,ia-luther-college-v1,ia-luther-college.png,45185,new image larger (45185 vs 36913 bytes),ia-luther-college
DEACTIVATE,3273,IA-Luther College,ia-luther-college,ia-luther-college.jpg,36913,new image larger (45185 vs 36913 bytes),
KEEP,11167,IA - Medal Of Honor Air Force,ia-medal-of-honor-air-force-v1,ia-medal-of-honor-air-force.png,155729,new image larger (155729 vs 35793 bytes),ia-medal-of-honor-air-force
DEACTIVATE,3293,IA-Medal of Honor – Air Force,ia-medal-of-honor-air-force,ia-medal-of-honor-air-force.gif,35793,new image larger (155729 vs 35793 bytes),
KEEP,11168,IA - Medal Of Honor Army,ia-medal-of-honor-army-v1,ia-medal-of-honor-army.png,124704,new image larger (124704 vs 29946 bytes),ia-medal-of-honor-army
DEACTIVATE,3294,IA-Medal of Honor – Army,ia-medal-of-honor-army,ia-medal-of-honor-army.gif,29946,new image larger (124704 vs 29946 bytes),
KEEP,11169,IA - Medal Of Honor Navy,ia-medal-of-honor-navy-v1,ia-medal-of-honor-navy.png,127793,new image larger (127793 vs 29202 bytes),ia-medal-of-honor-navy
DEACTIVATE,3295,IA-Medal of Honor – Navy,ia-medal-of-honor-navy,ia-medal-of-honor-navy.gif,29202,new image larger (127793 vs 29202 bytes),
KEEP,11104,IA - Morningside University,ia-morningside-university-v1,ia-morningside-university.png,65419,new image larger (65419 vs 31451 bytes),ia-morningside-university
DEACTIVATE,3274,IA-Morningside University,ia-morningside-university,ia-morningside-university.jpg,31451,new image larger (65419 vs 31451 bytes),
KEEP,11141,IA - Motorcycle Rider Education,ia-motorcycle-rider-education-v1,ia-motorcycle-rider-education.png,71079,new image larger (71079 vs 40237 bytes),ia-motorcycle-rider-education
DEACTIVATE,3252,IA-Motorcycle Rider Education,ia-motorcycle-rider-education,ia-motorcycle-rider-education.gif,40237,new image larger (71079 vs 40237 bytes),
KEEP,11105,IA - Mount Mercy University,ia-mount-mercy-university-v1,ia-mount-mercy-university.png,75739,new image larger (75739 vs 38783 bytes),ia-mount-mercy-university
DEACTIVATE,3275,IA-Mount Mercy University,ia-mount-mercy-university,ia-mount-mercy-university.jpg,38783,new image larger (75739 vs 38783 bytes),
KEEP,11074,IA - Natural Resources Deer,ia-natural-resources-deer-v1,ia-natural-resources-deer.png,104666,new image larger (104666 vs 52590 bytes),ia-natural-resources-deer
DEACTIVATE,3244,IA-Natural Resources-Deer,ia-natural-resources-deer,ia-natural-resources-deer.gif,52590,new image larger (104666 vs 52590 bytes),
KEEP,11075,IA - Natural Resources Eagle,ia-natural-resources-eagle-v1,ia-natural-resources-eagle.png,114123,new image larger (114123 vs 31704 bytes),ia-natural-resources-eagle
DEACTIVATE,3246,IA-Natural Resources-Eagle,ia-natural-resources-eagle,ia-natural-resources-eagle.jpg,31704,new image larger (114123 vs 31704 bytes),
KEEP,11076,IA - Natural Resources Goldfinch,ia-natural-resources-goldfinch-v1,ia-natural-resources-goldfinch.png,73591,new image larger (73591 vs 29252 bytes),ia-natural-resources-goldfinch
DEACTIVATE,3245,IA-Natural Resources-Goldfinch,ia-natural-resources-goldfinch,ia-natural-resources-goldfinch.jpg,29252,new image larger (73591 vs 29252 bytes),
KEEP,11077,IA - Natural Resources Pheasant,ia-natural-resources-pheasant-v1,ia-natural-resources-pheasant.png,96595,new image larger (96595 vs 29941 bytes),ia-natural-resources-pheasant
DEACTIVATE,3247,IA-Natural Resources-Pheasant,ia-natural-resources-pheasant,ia-natural-resources-pheasant.jpg,29941,new image larger (96595 vs 29941 bytes),
KEEP,11078,IA - Natural Resources Trout,ia-natural-resources-trout-v1,ia-natural-resources-trout.png,95008,new image larger (95008 vs 30490 bytes),ia-natural-resources-trout
DEACTIVATE,3248,IA-Natural Resources-Trout,ia-natural-resources-trout,ia-natural-resources-trout.jpg,30490,new image larger (95008 vs 30490 bytes),
KEEP,11106,IA - Northwestern College,ia-northwestern-college-v1,ia-northwestern-college.png,115532,new image larger (115532 vs 83816 bytes),ia-northwestern-college
DEACTIVATE,3276,IA-Northwestern College,ia-northwestern-college,ia-northwestern-college.gif,83816,new image larger (115532 vs 83816 bytes),
KEEP,3249,IA-Organ and Tissue Donor,ia-organ-and-tissue-donor,ia-organ-and-tissue-donor.jpg,78217,old image larger (78217 vs 63872 bytes),
DEACTIVATE,11143,IA - Organ And Tissue Donor,ia-organ-and-tissue-donor-v1,ia-organ-and-tissue-donor.png,63872,old image larger (78217 vs 63872 bytes),
KEEP,11108,IA - Palmer College,ia-palmer-college-v1,ia-palmer-college.png,113797,new image larger (113797 vs 71151 bytes),ia-palmer-college
DEACTIVATE,3277,IA-Palmer College,ia-palmer-college,ia-palmer-college.jpg,71151,new image larger (113797 vs 71151 bytes),
KEEP,11171,IA - Pearl Harbor,ia-pearl-harbor-v1,ia-pearl-harbor.png,244690,new image larger (244690 vs 34784 bytes),ia-pearl-harbor
DEACTIVATE,3296,IA-Pearl Harbor,ia-pearl-harbor,ia-pearl-harbor.jpg,34784,new image larger (244690 vs 34784 bytes),
KEEP,11159,IA - Persons With Disabilities Plate And Sticker,ia-persons-with-disabilities-plate-and-sticker-v1,ia-persons-with-disabilities-plate-and-sticker.png,64860,new image larger (64860 vs 35854 bytes),ia-persons-with-disabilities-plate-and-sticker
DEACTIVATE,3256,IA-Persons with Disabilities plate and sticker,ia-persons-with-disabilities-plate-and-sticker,ia-persons-with-disabilities-plate-and-sticker.gif,35854,new image larger (64860 vs 35854 bytes),
KEEP,11069,IA - Professional Firefighter,ia-professional-firefighter-v1,ia-professional-firefighter.png,75280,new image larger (75280 vs 33827 bytes),ia-professional-firefighter
DEACTIVATE,3257,IA-Professional Firefighter,ia-professional-firefighter,ia-professional-firefighter.jpg,33827,new image larger (75280 vs 33827 bytes),
KEEP,11172,IA - Purple Heart,ia-purple-heart-v1,ia-purple-heart.png,119053,new image larger (119053 vs 32072 bytes),ia-purple-heart
DEACTIVATE,3297,IA-Purple Heart,ia-purple-heart,ia-purple-heart.jpg,32072,new image larger (119053 vs 32072 bytes),
KEEP,11109,IA - Saint Ambrose University,ia-saint-ambrose-university-v1,ia-saint-ambrose-university.png,58902,new image larger (58902 vs 35764 bytes),ia-saint-ambrose-university
DEACTIVATE,3278,IA-Saint Ambrose University,ia-saint-ambrose-university,ia-saint-ambrose-university.jpg,35764,new image larger (58902 vs 35764 bytes),
KEEP,11155,IA - Share The Road,ia-share-the-road-v1,ia-share-the-road.png,68778,new image larger (68778 vs 32245 bytes),ia-share-the-road
DEACTIVATE,3250,IA-Share the Road,ia-share-the-road,ia-share-the-road.jpg,32245,new image larger (68778 vs 32245 bytes),
KEEP,11070,IA - Shriners,ia-shriners-v1,ia-shriners.png,73240,new image larger (73240 vs 33240 bytes),ia-shriners
DEACTIVATE,3251,IA-Shriners,ia-shriners,ia-shriners.jpg,33240,new image larger (73240 vs 33240 bytes),
KEEP,11173,IA - Silver Star,ia-silver-star-v1,ia-silver-star.png,111905,new image larger (111905 vs 31518 bytes),ia-silver-star
DEACTIVATE,3308,IA-Silver Star,ia-silver-star,ia-silver-star.jpg,31518,new image larger (111905 vs 31518 bytes),
KEEP,11113,IA - Simpson College,ia-simpson-college-v1,ia-simpson-college.png,40421,new image larger (40421 vs 31227 bytes),ia-simpson-college
DEACTIVATE,3279,IA-Simpson College,ia-simpson-college,ia-simpson-college.jpg,31227,new image larger (40421 vs 31227 bytes),
KEEP,11174,IA - Soldiers Medal,ia-soldiers-medal-v1,ia-soldiers-medal.jpg,31424,"equal size (31424 bytes) — new uses preferred "" - "" format",ia-soldiers-medal
DEACTIVATE,3307,IA-Soldier's Medal,ia-soldiers-medal,ia-soldier-s-medal.jpg,31424,"equal size (31424 bytes) — new uses preferred "" - "" format",
KEEP,11115,IA - University Of Dubuque,ia-university-of-dubuque-v1,ia-university-of-dubuque.png,57386,new image larger (57386 vs 35990 bytes),ia-university-of-dubuque
DEACTIVATE,3280,IA-University of Dubuque,ia-university-of-dubuque,ia-university-of-dubuque.jpg,35990,new image larger (57386 vs 35990 bytes),
KEEP,11116,IA - University Of Iowa,ia-university-of-iowa-v1,ia-university-of-iowa.png,105988,new image larger (105988 vs 47934 bytes),ia-university-of-iowa
DEACTIVATE,3285,IA-University of Iowa,ia-university-of-iowa,ia-university-of-iowa.gif,47934,new image larger (105988 vs 47934 bytes),
KEEP,11117,IA - University Of Northern Iowa,ia-university-of-northern-iowa-v1,ia-university-of-northern-iowa.png,131080,new image larger (131080 vs 56156 bytes),ia-university-of-northern-iowa
DEACTIVATE,3286,IA-University of Northern Iowa,ia-university-of-northern-iowa,ia-university-of-northern-iowa.gif,56156,new image larger (131080 vs 56156 bytes),
KEEP,3281,IA-Upper Iowa University,ia-upper-iowa-university,ia-upper-iowa-university.jpg,108488,old image larger (108488 vs 54325 bytes),
DEACTIVATE,11118,IA - Upper Iowa University,ia-upper-iowa-university-v1,ia-upper-iowa-university.png,54325,old image larger (108488 vs 54325 bytes),
KEEP,11119,IA - Wartburg College,ia-wartburg-college-v1,ia-wartburg-college.png,70487,new image larger (70487 vs 33598 bytes),ia-wartburg-college
DEACTIVATE,3282,IA-Wartburg College,ia-wartburg-college,ia-wartburg-college.jpg,33598,new image larger (70487 vs 33598 bytes),
KEEP,3283,IA-William Penn,ia-william-penn,ia-william-penn.jpg,183818,old image larger (183818 vs 112732 bytes),
DEACTIVATE,11120,IA - William Penn,ia-william-penn-v1,ia-william-penn.png,112732,old image larger (183818 vs 112732 bytes),
KEEP,11195,ID - 4H,id-4h-v1,id-4h.png,142673,new image larger (142673 vs 28256 bytes),id-4h
DEACTIVATE,2863,ID-4H,id-4h,id-4h.jpg,28256,new image larger (142673 vs 28256 bytes),
KEEP,11178,ID - Agriculture,id-agriculture-v1,id-agriculture.png,192976,new image larger (192976 vs 29590 bytes),id-agriculture
DEACTIVATE,2869,ID-AGRICULTURE,id-agriculture,id-agriculture.jpg,29590,new image larger (192976 vs 29590 bytes),
KEEP,11179,ID - Appaloosa,id-appaloosa-v1,id-appaloosa.png,181533,new image larger (181533 vs 29049 bytes),id-appaloosa
DEACTIVATE,2875,ID-APPALOOSA,id-appaloosa,id-appaloosa.jpg,29049,new image larger (181533 vs 29049 bytes),
KEEP,11197,ID - Aviation,id-aviation-v1,id-aviation.png,146200,new image larger (146200 vs 29602 bytes),id-aviation
DEACTIVATE,2880,ID-AVIATION,id-aviation,id-aviation.jpg,29602,new image larger (146200 vs 29602 bytes),
KEEP,11209,ID - Biking,id-biking-v1,id-biking.png,189249,new image larger (189249 vs 30469 bytes),id-biking
DEACTIVATE,2858,ID-BIKING,id-biking,id-biking.jpg,30469,new image larger (189249 vs 30469 bytes),
KEEP,11198,ID - Capital Restoration,id-capital-restoration-v1,id-capital-restoration.png,97698,new image larger (97698 vs 25334 bytes),id-capital-restoration
DEACTIVATE,2870,ID-CAPITAL RESTORATION,id-capital-restoration,id-capital-restoration.jpg,25334,new image larger (97698 vs 25334 bytes),
KEEP,11199,ID - Centennial,id-centennial-v1,id-centennial.png,175423,new image larger (175423 vs 31921 bytes),id-centennial
DEACTIVATE,2876,ID-CENTENNIAL,id-centennial,id-centennial.jpg,31921,new image larger (175423 vs 31921 bytes),
KEEP,11200,ID - Choose Life,id-choose-life-v1,id-choose-life.png,98864,new image larger (98864 vs 30696 bytes),id-choose-life
DEACTIVATE,2881,ID-CHOOSE LIFE,id-choose-life,id-choose-life.jpg,30696,new image larger (98864 vs 30696 bytes),
KEEP,11212,ID - Custom Vehicle,id-custom-vehicle-v1,id-custom-vehicle.png,64604,new image larger (64604 vs 29011 bytes),id-custom-vehicle
DEACTIVATE,2903,ID-CUSTOM VEHICLE,id-custom-vehicle,id-custom-vehicle.jpg,29011,new image larger (64604 vs 29011 bytes),
KEEP,11213,ID - Disabled,id-disabled-v1,id-disabled.png,1155186,new image larger (1155186 vs 29614 bytes),id-disabled
DEACTIVATE,2900,ID-DISABLED,id-disabled,id-disabled.jpg,29614,new image larger (1155186 vs 29614 bytes),
KEEP,11230,ID - Disabled Veteran,id-disabled-veteran-v1,id-disabled-veteran.png,70502,new image larger (70502 vs 28021 bytes),id-disabled-veteran
DEACTIVATE,2884,ID-DISABLED VETERAN,id-disabled-veteran,id-disabled-veteran.jpg,28021,new image larger (70502 vs 28021 bytes),
KEEP,11231,ID - Former Prisioner Of War Korea,id-former-prisioner-of-war-korea-v1,id-former-prisioner-of-war-korea.png,86598,new image larger (86598 vs 21133 bytes),id-former-prisioner-of-war-korea
DEACTIVATE,2888,ID-FORMER PRISIONER OF WAR-KOREA,id-former-prisioner-of-war-korea,id-former-prisioner-of-war-korea.jpg,21133,new image larger (86598 vs 21133 bytes),
KEEP,11232,ID - Former Prisioner Of War Persian Gulf,id-former-prisioner-of-war-persian-gulf-v1,id-former-prisioner-of-war-persian-gulf.png,92711,new image larger (92711 vs 21661 bytes),id-former-prisioner-of-war-persian-gulf
DEACTIVATE,2890,ID-FORMER PRISIONER OF WAR-PERSIAN GULF,id-former-prisioner-of-war-persian-gulf,id-former-prisioner-of-war-persian-gulf.jpg,21661,new image larger (92711 vs 21661 bytes),
KEEP,11233,ID - Former Prisioner Of War Uss Pueblo,id-former-prisioner-of-war-uss-pueblo-v1,id-former-prisioner-of-war-uss-pueblo.png,86427,new image larger (86427 vs 21705 bytes),id-former-prisioner-of-war-uss-pueblo
DEACTIVATE,2887,ID-FORMER PRISIONER OF WAR-USS PUEBLO,id-former-prisioner-of-war-uss-pueblo,id-former-prisioner-of-war-uss-pueblo.jpg,21705,new image larger (86427 vs 21705 bytes),
KEEP,11234,ID - Former Prisioner Of War Vietnam,id-former-prisioner-of-war-vietnam-v1,id-former-prisioner-of-war-vietnam.png,87306,new image larger (87306 vs 21273 bytes),id-former-prisioner-of-war-vietnam
DEACTIVATE,2889,ID-FORMER PRISIONER OF WAR-VIETNAM,id-former-prisioner-of-war-vietnam,id-former-prisioner-of-war-vietnam.jpg,21273,new image larger (87306 vs 21273 bytes),
KEEP,11235,ID - Former Prisioner Of War World War Ii,id-former-prisioner-of-war-world-war-ii-v1,id-former-prisioner-of-war-world-war-ii.png,91747,new image larger (91747 vs 30505 bytes),id-former-prisioner-of-war-world-war-ii
DEACTIVATE,2891,ID-FORMER PRISIONER OF WAR-WORLD WAR II,id-former-prisioner-of-war-world-war-ii,id-former-prisioner-of-war-world-war-ii.jpg,30505,new image larger (91747 vs 30505 bytes),
KEEP,11236,ID - Gold Star Family,id-gold-star-family-v1,id-gold-star-family.png,93563,new image larger (93563 vs 29290 bytes),id-gold-star-family
DEACTIVATE,2893,ID-GOLD STAR FAMILY,id-gold-star-family,id-gold-star-family.jpg,29290,new image larger (93563 vs 29290 bytes),
KEEP,11203,ID - Lewis Clark,id-lewis-clark-v1,id-lewis-clark.png,192048,new image larger (192048 vs 31192 bytes),id-lewis-clark
DEACTIVATE,2871,ID-LEWIS & CLARK,id-lewis-clark,id-lewis-clark.jpg,31192,new image larger (192048 vs 31192 bytes),
KEEP,11239,ID - National Guard,id-national-guard-v1,id-national-guard.png,71211,new image larger (71211 vs 27058 bytes),id-national-guard
DEACTIVATE,2894,ID-NATIONAL GUARD,id-national-guard,id-national-guard.jpg,27058,new image larger (71211 vs 27058 bytes),
KEEP,11177,ID - North America Trailer,id-north-america-trailer-v1,id-north-america-trailer.png,1265860,new image larger (1265860 vs 30963 bytes),id-north-america-trailer
DEACTIVATE,2877,ID-NORTH AMERICA TRAILER,id-north-america-trailer,id-north-america-trailer.jpg,30963,new image larger (1265860 vs 30963 bytes),
KEEP,11205,ID - Peace Officer Memorial,id-peace-officer-memorial-v1,id-peace-officer-memorial.png,183455,new image larger (183455 vs 29218 bytes),id-peace-officer-memorial
DEACTIVATE,2882,ID-PEACE OFFICER MEMORIAL,id-peace-officer-memorial,id-peace-officer-memorial.jpg,29218,new image larger (183455 vs 29218 bytes),
KEEP,11242,ID - Pearl Harbor Survivor,id-pearl-harbor-survivor-v1,id-pearl-harbor-survivor.png,83152,new image larger (83152 vs 29829 bytes),id-pearl-harbor-survivor
DEACTIVATE,2899,ID-PEARL HARBOR SURVIVOR,id-pearl-harbor-survivor,id-pearl-harbor-survivor.jpg,29829,new image larger (83152 vs 29829 bytes),
KEEP,11206,ID - Pet Friendly,id-pet-friendly-v1,id-pet-friendly.png,143835,new image larger (143835 vs 31794 bytes),id-pet-friendly
DEACTIVATE,2860,ID-PET FRIENDLY,id-pet-friendly,id-pet-friendly.jpg,31794,new image larger (143835 vs 31794 bytes),
KEEP,11246,ID - Purple Heart,id-purple-heart-v1,id-purple-heart.png,64178,new image larger (64178 vs 26110 bytes),id-purple-heart
DEACTIVATE,2886,ID-PURPLE HEART,id-purple-heart,id-purple-heart.jpg,26110,new image larger (64178 vs 26110 bytes),
KEEP,11180,ID - Rangeland,id-rangeland-v1,id-rangeland.png,182301,new image larger (182301 vs 28643 bytes),id-rangeland
DEACTIVATE,2872,ID-RANGELAND,id-rangeland,id-rangeland.jpg,28643,new image larger (182301 vs 28643 bytes),
KEEP,11182,ID - Sawtooth,id-sawtooth-v1,id-sawtooth.png,169109,new image larger (169109 vs 28663 bytes),id-sawtooth
DEACTIVATE,2878,ID-SAWTOOTH,id-sawtooth,id-sawtooth.jpg,28663,new image larger (169109 vs 28663 bytes),
KEEP,11183,ID - Selway Bitterroot Wilderness,id-selway-bitterroot-wilderness-v1,id-selway-bitterroot-wilderness.png,190946,new image larger (190946 vs 31551 bytes),id-selway-bitterroot-wilderness
DEACTIVATE,2883,ID-SELWAY-BITTERROOT WILDERNESS,id-selway-bitterroot-wilderness,id-selway-bitterroot-wilderness.jpg,31551,new image larger (190946 vs 31551 bytes),
KEEP,11184,ID - Snowmobile,id-snowmobile-v1,id-snowmobile.png,182634,new image larger (182634 vs 31978 bytes),id-snowmobile
DEACTIVATE,2861,ID-SNOWMOBILE,id-snowmobile,id-snowmobile.jpg,31978,new image larger (182634 vs 31978 bytes),
KEEP,11185,ID - Snowskier,id-snowskier-v1,id-snowskier.png,172686,new image larger (172686 vs 29427 bytes),id-snowskier
DEACTIVATE,2867,ID-SNOWSKIER,id-snowskier,id-snowskier.jpg,29427,new image larger (172686 vs 29427 bytes),
KEEP,11218,ID - Street Rod,id-street-rod-v1,id-street-rod.png,76748,new image larger (76748 vs 27134 bytes),id-street-rod
DEACTIVATE,2892,ID-STREET ROD,id-street-rod,id-street-rod.jpg,27134,new image larger (76748 vs 27134 bytes),
KEEP,11248,ID - Support Our Troops,id-support-our-troops-v1,id-support-our-troops.png,179145,new image larger (179145 vs 28185 bytes),id-support-our-troops
DEACTIVATE,2879,ID-SUPPORT OUR TROOPS,id-support-our-troops,id-support-our-troops.jpg,28185,new image larger (179145 vs 28185 bytes),
KEEP,11250,ID - Veteran Motorcycle,id-veteran-motorcycle-v1,id-veteran-motorcycle.png,98004,new image larger (98004 vs 27567 bytes),id-veteran-motorcycle
DEACTIVATE,2885,ID-VETERAN MOTORCYCLE,id-veteran-motorcycle,id-veteran-motorcycle.jpg,27567,new image larger (98004 vs 27567 bytes),
KEEP,11188,ID - White Water Rafting,id-white-water-rafting-v1,id-white-water-rafting.png,192038,new image larger (192038 vs 32587 bytes),id-white-water-rafting
DEACTIVATE,2868,ID-WHITE WATER RAFTING,id-white-water-rafting,id-white-water-rafting.jpg,32587,new image larger (192038 vs 32587 bytes),
KEEP,11208,ID - Youth,id-youth-v1,id-youth.png,59932,new image larger (59932 vs 31714 bytes),id-youth
DEACTIVATE,2874,ID-YOUTH,id-youth,id-youth.jpg,31714,new image larger (59932 vs 31714 bytes),
KEEP,11417,IL - Afghanistan Campaign Medal,il-afghanistan-campaign-medal-v1,il-afghanistan-campaign-medal.png,24761,new image larger (24761 vs 22862 bytes),il-afghanistan-campaign-medal
DEACTIVATE,3048,IL-Afghanistan Campaign Medal,il-afghanistan-campaign-medal,il-afghanistan-campaign-medal.gif,22862,new image larger (24761 vs 22862 bytes),
KEEP,11418,IL - Air Force Service Cross,il-air-force-service-cross-v1,il-air-force-service-cross.png,25573,new image larger (25573 vs 21558 bytes),il-air-force-service-cross
DEACTIVATE,3049,IL-Air Force Service Cross,il-air-force-service-cross,il-air-force-service-cross.gif,21558,new image larger (25573 vs 21558 bytes),
KEEP,11400,IL - Amateur Radio,il-amateur-radio-v1,il-amateur-radio.png,27658,"equal size (27658 bytes) — new uses preferred "" - "" format",il-amateur-radio
DEACTIVATE,2925,IL-Amateur Radio,il-amateur-radio,il-amateur-radio.gif,27658,"equal size (27658 bytes) — new uses preferred "" - "" format",
KEEP,11364,IL - America Remembers,il-america-remembers-v1,il-america-remembers.png,93451,new image larger (93451 vs 34807 bytes),il-america-remembers
DEACTIVATE,2926,IL-America Remembers,il-america-remembers,il-america-remembers.gif,34807,new image larger (93451 vs 34807 bytes),
KEEP,11404,IL - Antique Vehicle,il-antique-vehicle-v1,il-antique-vehicle.png,53442,new image larger (53442 vs 19696 bytes),il-antique-vehicle
DEACTIVATE,2927,IL-Antique Vehicle,il-antique-vehicle,il-antique-vehicle.gif,19696,new image larger (53442 vs 19696 bytes),
KEEP,11403,IL - Antique Vehicle Expanded Use,il-antique-vehicle-expanded-use-v1,il-antique-vehicle-expanded-use.png,46681,new image larger (46681 vs 20175 bytes),il-antique-vehicle-expanded-use
DEACTIVATE,2928,IL-Antique Vehicle – Expanded-Use,il-antique-vehicle-expanded-use,il-antique-vehicle-expanded-use.gif,20175,new image larger (46681 vs 20175 bytes),
KEEP,11419,IL - Armed Forces Reserves,il-armed-forces-reserves-v1,il-armed-forces-reserves.png,24005,new image larger (24005 vs 21404 bytes),il-armed-forces-reserves
DEACTIVATE,3050,IL-Armed Forces Reserves,il-armed-forces-reserves,il-armed-forces-reserves.gif,21404,new image larger (24005 vs 21404 bytes),
KEEP,11365,IL - Autism Awareness,il-autism-awareness-v1,il-autism-awareness.png,22908,new image larger (22908 vs 22079 bytes),il-autism-awareness
DEACTIVATE,2929,IL-Autism Awareness,il-autism-awareness,il-autism-awareness.gif,22079,new image larger (22908 vs 22079 bytes),
KEEP,11406,IL - Autocycle,il-autocycle-v1,il-autocycle.png,18808,new image larger (18808 vs 16377 bytes),il-autocycle
DEACTIVATE,2930,IL-Autocycle,il-autocycle,il-autocycle.gif,16377,new image larger (18808 vs 16377 bytes),
KEEP,2921,IL-B-truck,il-b-truck,il-b-truck.gif,15914,old image larger (15914 vs 15264 bytes),
DEACTIVATE,11273,IL - B Truck,il-b-truck-v1,il-b-truck.png,15264,old image larger (15914 vs 15264 bytes),
KEEP,11421,IL - Bronze Star,il-bronze-star-v1,il-bronze-star.png,25573,new image larger (25573 vs 22155 bytes),il-bronze-star
DEACTIVATE,3051,IL-Bronze Star,il-bronze-star,il-bronze-star.gif,22155,new image larger (25573 vs 22155 bytes),
KEEP,11274,IL - C Truck,il-c-truck-v1,il-c-truck.png,20235,"equal size (20235 bytes) — new uses preferred "" - "" format",il-c-truck
DEACTIVATE,2983,IL-C-Truck,il-c-truck,il-c-truck.gif,20235,"equal size (20235 bytes) — new uses preferred "" - "" format",
KEEP,11275,IL - Charitable Vehicle,il-charitable-vehicle-v1,il-charitable-vehicle.png,25011,"equal size (25011 bytes) — new uses preferred "" - "" format",il-charitable-vehicle
DEACTIVATE,2931,IL-Charitable Vehicle,il-charitable-vehicle,il-charitable-vehicle.gif,25011,"equal size (25011 bytes) — new uses preferred "" - "" format",
KEEP,11385,IL - Chicago Bears,il-chicago-bears-v1,il-chicago-bears.png,46696,new image larger (46696 vs 22483 bytes),il-chicago-bears
DEACTIVATE,2932,IL-Chicago Bears,il-chicago-bears,il-chicago-bears.gif,22483,new image larger (46696 vs 22483 bytes),
KEEP,11387,IL - Chicago Blackhawks,il-chicago-blackhawks-v1,il-chicago-blackhawks.png,47856,new image larger (47856 vs 22870 bytes),il-chicago-blackhawks
DEACTIVATE,2933,IL-Chicago Blackhawks,il-chicago-blackhawks,il-chicago-blackhawks.gif,22870,new image larger (47856 vs 22870 bytes),
KEEP,11389,IL - Chicago Bulls,il-chicago-bulls-v1,il-chicago-bulls.png,45252,new image larger (45252 vs 18754 bytes),il-chicago-bulls
DEACTIVATE,2934,IL-Chicago Bulls,il-chicago-bulls,il-chicago-bulls.gif,18754,new image larger (45252 vs 18754 bytes),
KEEP,11391,IL - Chicago Cubs,il-chicago-cubs-v1,il-chicago-cubs.png,57460,new image larger (57460 vs 20723 bytes),il-chicago-cubs
DEACTIVATE,2935,IL-Chicago Cubs,il-chicago-cubs,il-chicago-cubs.gif,20723,new image larger (57460 vs 20723 bytes),
KEEP,11423,IL - Coast Guard,il-coast-guard-v1,il-coast-guard.png,27325,new image larger (27325 vs 24646 bytes),il-coast-guard
DEACTIVATE,3052,IL-Coast Guard,il-coast-guard,il-coast-guard.gif,24646,new image larger (27325 vs 24646 bytes),
KEEP,11425,IL - Cold War,il-cold-war-v1,il-cold-war.png,25444,new image larger (25444 vs 21937 bytes),il-cold-war
DEACTIVATE,3053,IL-Cold War,il-cold-war,il-cold-war.gif,21937,new image larger (25444 vs 21937 bytes),
KEEP,11427,IL - Combat Action Badge,il-combat-action-badge-v1,il-combat-action-badge.png,25837,new image larger (25837 vs 25110 bytes),il-combat-action-badge
DEACTIVATE,3054,IL-Combat Action Badge,il-combat-action-badge,il-combat-action-badge.gif,25110,new image larger (25837 vs 25110 bytes),
KEEP,11429,IL - Combat Action Ribbon,il-combat-action-ribbon-v1,il-combat-action-ribbon.png,23883,new image larger (23883 vs 21296 bytes),il-combat-action-ribbon
DEACTIVATE,3055,IL-Combat Action Ribbon,il-combat-action-ribbon,il-combat-action-ribbon.gif,21296,new image larger (23883 vs 21296 bytes),
KEEP,11430,IL - Combat Infantryman,il-combat-infantryman-v1,il-combat-infantryman.png,23196,new image larger (23196 vs 19676 bytes),il-combat-infantryman
DEACTIVATE,3056,IL-Combat Infantryman,il-combat-infantryman,il-combat-infantryman.gif,19676,new image larger (23196 vs 19676 bytes),
KEEP,11431,IL - Congressional Medal Of Honor,il-congressional-medal-of-honor-v1,il-congressional-medal-of-honor.png,29617,"equal size (29617 bytes) — new uses preferred "" - "" format",il-congressional-medal-of-honor
DEACTIVATE,3057,IL-Congressional Medal of Honor,il-congressional-medal-of-honor,il-congressional-medal-of-honor.gif,29617,"equal size (29617 bytes) — new uses preferred "" - "" format",
KEEP,11437,IL - Disabled Veteran,il-disabled-veteran-v1,il-disabled-veteran.png,47776,new image larger (47776 vs 21259 bytes),il-disabled-veteran
DEACTIVATE,3058,IL-Disabled Veteran,il-disabled-veteran,il-disabled-veteran.gif,21259,new image larger (47776 vs 21259 bytes),
KEEP,11438,IL - Distinguished Flying Cross,il-distinguished-flying-cross-v1,il-distinguished-flying-cross.png,25748,new image larger (25748 vs 21769 bytes),il-distinguished-flying-cross
DEACTIVATE,3060,IL-Distinguished Flying Cross,il-distinguished-flying-cross,il-distinguished-flying-cross.gif,21769,new image larger (25748 vs 21769 bytes),
KEEP,11439,IL - Distinguished Service Cross,il-distinguished-service-cross-v1,il-distinguished-service-cross.png,25617,new image larger (25617 vs 24251 bytes),il-distinguished-service-cross
DEACTIVATE,3061,IL-Distinguished Service Cross,il-distinguished-service-cross,il-distinguished-service-cross.gif,24251,new image larger (25617 vs 24251 bytes),
KEEP,11339,IL - Ducks Unlimited,il-ducks-unlimited-v1,il-ducks-unlimited.png,83607,new image larger (83607 vs 31386 bytes),il-ducks-unlimited
DEACTIVATE,2938,IL-Ducks Unlimited,il-ducks-unlimited,il-ducks-unlimited.gif,31386,new image larger (83607 vs 31386 bytes),
KEEP,11366,IL - Eagle Scout,il-eagle-scout-v1,il-eagle-scout.png,25601,"equal size (25601 bytes) — new uses preferred "" - "" format",il-eagle-scout
DEACTIVATE,2939,IL-Eagle Scout,il-eagle-scout,il-eagle-scout.gif,25601,"equal size (25601 bytes) — new uses preferred "" - "" format",
KEEP,11367,IL - Education,il-education-v1,il-education.png,71994,new image larger (71994 vs 23504 bytes),il-education
DEACTIVATE,2940,IL-Education,il-education,il-education.gif,23504,new image larger (71994 vs 23504 bytes),
KEEP,11407,IL - Electric Vehicle,il-electric-vehicle-v1,il-electric-vehicle.png,14720,"equal size (14720 bytes) — new uses preferred "" - "" format",il-electric-vehicle
DEACTIVATE,2941,IL-Electric Vehicle,il-electric-vehicle,il-electric-vehicle.gif,14720,"equal size (14720 bytes) — new uses preferred "" - "" format",
KEEP,11340,IL - Environmental,il-environmental-v1,il-environmental.png,169650,new image larger (169650 vs 53046 bytes),il-environmental
DEACTIVATE,2942,IL-Environmental,il-environmental,il-environmental.gif,53046,new image larger (169650 vs 53046 bytes),
KEEP,11440,IL - Ex Prisoner Of War,il-ex-prisoner-of-war-v1,il-ex-prisoner-of-war.png,26044,new image larger (26044 vs 23293 bytes),il-ex-prisoner-of-war
DEACTIVATE,3062,IL-Ex-Prisoner of War,il-ex-prisoner-of-war,il-ex-prisoner-of-war.gif,23293,new image larger (26044 vs 23293 bytes),
KEEP,11253,IL - Firefighters Memorial,il-firefighters-memorial-v1,il-firefighters-memorial.png,23842,new image larger (23842 vs 20199 bytes),il-firefighters-memorial
DEACTIVATE,2944,IL-Firefighters Memorial,il-firefighters-memorial,il-firefighters-memorial.gif,20199,new image larger (23842 vs 20199 bytes),
KEEP,11442,IL - Global War On Terrorism,il-global-war-on-terrorism-v1,il-global-war-on-terrorism.png,26456,new image larger (26456 vs 23017 bytes),il-global-war-on-terrorism
DEACTIVATE,3064,IL-Global War on Terrorism,il-global-war-on-terrorism,il-global-war-on-terrorism.gif,23017,new image larger (26456 vs 23017 bytes),
KEEP,11443,IL - Gold Star,il-gold-star-v1,il-gold-star.png,26650,new image larger (26650 vs 24668 bytes),il-gold-star
DEACTIVATE,3063,IL-Gold Star,il-gold-star,il-gold-star.gif,24668,new image larger (26650 vs 24668 bytes),
KEEP,11408,IL - Hearing Impaired,il-hearing-impaired-v1,il-hearing-impaired.png,21021,"equal size (21021 bytes) — new uses preferred "" - "" format",il-hearing-impaired
DEACTIVATE,2945,IL-Hearing Impaired,il-hearing-impaired,il-hearing-impaired.gif,21021,"equal size (21021 bytes) — new uses preferred "" - "" format",
KEEP,11254,IL - Illinois Chicago Police Memorial Foundation,il-illinois-chicago-police-memorial-foundation-v1,il-illinois-chicago-police-memorial-foundation.png,22343,new image larger (22343 vs 20270 bytes),il-illinois-chicago-police-memorial-foundation
DEACTIVATE,2946,IL-Illinois Chicago Police Memorial Foundation,il-illinois-chicago-police-memorial-foundation,il-illinois-chicago-police-memorial-foundation.gif,20270,new image larger (22343 vs 20270 bytes),
KEEP,11264,IL - Illinois Fraternal Order Of Police,il-illinois-fraternal-order-of-police-v1,il-illinois-fraternal-order-of-police.png,33268,"equal size (33268 bytes) — new uses preferred "" - "" format",il-illinois-fraternal-order-of-police
DEACTIVATE,2947,IL-Illinois Fraternal Order of Police,il-illinois-fraternal-order-of-police,il-illinois-fraternal-order-of-police.gif,33268,"equal size (33268 bytes) — new uses preferred "" - "" format",
KEEP,2948,IL-Illinois Hospice,il-illinois-hospice,il-illinois-hospice.gif,20327,old image larger (20327 vs 15062 bytes),
DEACTIVATE,11368,IL - Illinois Hospice,il-illinois-hospice-v1,il-illinois-hospice.png,15062,old image larger (20327 vs 15062 bytes),
KEEP,11369,IL - Illinois Michigan Canal,il-illinois-michigan-canal-v1,il-illinois-michigan-canal.png,23745,"equal size (23745 bytes) — new uses preferred "" - "" format",il-illinois-michigan-canal
DEACTIVATE,2949,IL-Illinois Michigan Canal,il-illinois-michigan-canal,il-illinois-michigan-canal.gif,23745,"equal size (23745 bytes) — new uses preferred "" - "" format",
KEEP,11445,IL - Illinois National Guard,il-illinois-national-guard-v1,il-illinois-national-guard.png,25176,new image larger (25176 vs 23535 bytes),il-illinois-national-guard
DEACTIVATE,3065,IL-Illinois National Guard,il-illinois-national-guard,il-illinois-national-guard.gif,23535,new image larger (25176 vs 23535 bytes),
KEEP,2950,IL-Illinois Nurses,il-illinois-nurses,il-illinois-nurses.gif,20462,old image larger (20462 vs 19439 bytes),
DEACTIVATE,11370,IL - Illinois Nurses,il-illinois-nurses-v1,il-illinois-nurses.png,19439,old image larger (20462 vs 19439 bytes),
KEEP,11371,IL - International Brotherhood Of Teamsters,il-international-brotherhood-of-teamsters-v1,il-international-brotherhood-of-teamsters.png,107973,new image larger (107973 vs 24089 bytes),il-international-brotherhood-of-teamsters
DEACTIVATE,2955,IL-International Brotherhood of Teamsters,il-international-brotherhood-of-teamsters,il-international-brotherhood-of-teamsters.gif,24089,new image larger (107973 vs 24089 bytes),
KEEP,11446,IL - Iraq Campaign Medal,il-iraq-campaign-medal-v1,il-iraq-campaign-medal.png,25591,new image larger (25591 vs 21544 bytes),il-iraq-campaign-medal
DEACTIVATE,3066,IL-Iraq Campaign Medal,il-iraq-campaign-medal,il-iraq-campaign-medal.gif,21544,new image larger (25591 vs 21544 bytes),
KEEP,11447,IL - Korean Service,il-korean-service-v1,il-korean-service.png,27324,new image larger (27324 vs 26425 bytes),il-korean-service
DEACTIVATE,3067,IL-Korean Service,il-korean-service,il-korean-service.gif,26425,new image larger (27324 vs 26425 bytes),
KEEP,11448,IL - Korean War Veteran,il-korean-war-veteran-v1,il-korean-war-veteran.png,26932,new image larger (26932 vs 23810 bytes),il-korean-war-veteran
DEACTIVATE,3068,IL-Korean War Veteran,il-korean-war-veteran,il-korean-war-veteran.gif,23810,new image larger (26932 vs 23810 bytes),
KEEP,11255,IL - Law Enforcement Torch Run For Special Olympics,il-law-enforcement-torch-run-for-special-olympics-v1,il-law-enforcement-torch-run-for-special-olympics.png,68245,new image larger (68245 vs 28405 bytes),il-law-enforcement-torch-run-for-special-olympics
DEACTIVATE,2956,IL-Law Enforcement Torch Run for Special Olympics,il-law-enforcement-torch-run-for-special-olympics,il-law-enforcement-torch-run-for-special-olympics.gif,28405,new image larger (68245 vs 28405 bytes),
KEEP,11449,IL - Legion Of Merit,il-legion-of-merit-v1,il-legion-of-merit.png,26909,new image larger (26909 vs 23501 bytes),il-legion-of-merit
DEACTIVATE,3070,IL-Legion of Merit,il-legion-of-merit,il-legion-of-merit.gif,23501,new image larger (26909 vs 23501 bytes),
KEEP,11372,IL - Mammogram,il-mammogram-v1,il-mammogram.png,27673,new image larger (27673 vs 24843 bytes),il-mammogram
DEACTIVATE,2957,IL-Mammogram,il-mammogram,il-mammogram.gif,24843,new image larger (27673 vs 24843 bytes),
KEEP,3069,IL-Marine Corps,il-marine-corps,il-marine-corps.gif,25460,old image larger (25460 vs 24782 bytes),
DEACTIVATE,11451,IL - Marine Corps,il-marine-corps-v1,il-marine-corps.png,24782,old image larger (25460 vs 24782 bytes),
KEEP,11267,IL - Master Mason,il-master-mason-v1,il-master-mason.png,21254,"equal size (21254 bytes) — new uses preferred "" - "" format",il-master-mason
DEACTIVATE,2958,IL-Master Mason,il-master-mason,il-master-mason.gif,21254,"equal size (21254 bytes) — new uses preferred "" - "" format",
KEEP,11452,IL - Military Series,il-military-series-v1,il-military-series.png,27010,new image larger (27010 vs 23810 bytes),il-military-series
DEACTIVATE,2959,IL-Military Series,il-military-series,il-military-series.gif,23810,new image larger (27010 vs 23810 bytes),
KEEP,11410,IL - Motorcycle,il-motorcycle-v1,il-motorcycle.png,40484,new image larger (40484 vs 18705 bytes),il-motorcycle
DEACTIVATE,2923,IL-Motorcycle,il-motorcycle,il-motorcycle.gif,18705,new image larger (40484 vs 18705 bytes),
KEEP,11409,IL - Motorcycle Ta Trailer,il-motorcycle-ta-trailer-v1,il-motorcycle-ta-trailer.png,16985,"equal size (16985 bytes) — new uses preferred "" - "" format",il-motorcycle-ta-trailer
DEACTIVATE,3030,IL-Motorcycle TA Trailer,il-motorcycle-ta-trailer,il-motorcycle-ta-trailer.gif,16985,"equal size (16985 bytes) — new uses preferred "" - "" format",
KEEP,11453,IL - Navy Service Cross,il-navy-service-cross-v1,il-navy-service-cross.png,26472,new image larger (26472 vs 24600 bytes),il-navy-service-cross
DEACTIVATE,3071,IL-Navy Service Cross,il-navy-service-cross,il-navy-service-cross.gif,24600,new image larger (26472 vs 24600 bytes),
KEEP,11373,IL - Organ Donor,il-organ-donor-v1,il-organ-donor.png,68669,new image larger (68669 vs 26410 bytes),il-organ-donor
DEACTIVATE,2961,IL-Organ Donor,il-organ-donor,il-organ-donor.gif,26410,new image larger (68669 vs 26410 bytes),
KEEP,11374,IL - Ovarian Cancer Awareness,il-ovarian-cancer-awareness-v1,il-ovarian-cancer-awareness.png,70976,new image larger (70976 vs 20890 bytes),il-ovarian-cancer-awareness
DEACTIVATE,2962,IL-Ovarian Cancer Awareness,il-ovarian-cancer-awareness,il-ovarian-cancer-awareness.gif,20890,new image larger (70976 vs 20890 bytes),
KEEP,11457,IL - Paratrooper,il-paratrooper-v1,il-paratrooper.png,24255,new image larger (24255 vs 22160 bytes),il-paratrooper
DEACTIVATE,3073,IL-Paratrooper,il-paratrooper,il-paratrooper.gif,22160,new image larger (24255 vs 22160 bytes),
KEEP,11375,IL - Park District Youth,il-park-district-youth-v1,il-park-district-youth.png,151631,new image larger (151631 vs 44903 bytes),il-park-district-youth
DEACTIVATE,2963,IL-Park District Youth,il-park-district-youth,il-park-district-youth.gif,44903,new image larger (151631 vs 44903 bytes),
KEEP,11458,IL - Pearl Harbor Survivor,il-pearl-harbor-survivor-v1,il-pearl-harbor-survivor.png,25972,new image larger (25972 vs 22191 bytes),il-pearl-harbor-survivor
DEACTIVATE,3074,IL-Pearl Harbor Survivor,il-pearl-harbor-survivor,il-pearl-harbor-survivor.gif,22191,new image larger (25972 vs 22191 bytes),
KEEP,11413,IL - Persons With Disabilities,il-persons-with-disabilities-v1,il-persons-with-disabilities.png,48505,new image larger (48505 vs 19631 bytes),il-persons-with-disabilities
DEACTIVATE,2922,IL-Persons with Disabilities,il-persons-with-disabilities,il-persons-with-disabilities.gif,19631,new image larger (48505 vs 19631 bytes),
KEEP,2965,IL-Pet Friendly,il-pet-friendly,il-pet-friendly.gif,26406,old image larger (26406 vs 21289 bytes),
DEACTIVATE,11376,IL - Pet Friendly,il-pet-friendly-v1,il-pet-friendly.png,21289,old image larger (26406 vs 21289 bytes),
KEEP,11256,IL - Police Memorial,il-police-memorial-v1,il-police-memorial.png,52241,new image larger (52241 vs 24097 bytes),il-police-memorial
DEACTIVATE,2966,IL-Police Memorial,il-police-memorial,il-police-memorial.gif,24097,new image larger (52241 vs 24097 bytes),
KEEP,11459,IL - POW MIA Illinois Remembers,il-pow-mia-illinois-remembers-v1,il-pow-mia-illinois-remembers.png,29838,"equal size (29838 bytes) — new uses preferred "" - "" format",il-pow-mia-illinois-remembers
DEACTIVATE,3075,IL-POW MIA Illinois Remembers,il-pow-mia-illinois-remembers,il-pow-mia-illinois-remembers.gif,29838,"equal size (29838 bytes) — new uses preferred "" - "" format",
KEEP,11377,IL - Prevent Violence,il-prevent-violence-v1,il-prevent-violence.png,87183,new image larger (87183 vs 28564 bytes),il-prevent-violence
DEACTIVATE,2970,IL-Prevent Violence,il-prevent-violence,il-prevent-violence.gif,28564,new image larger (87183 vs 28564 bytes),
KEEP,2968,IL-Prince Hall Freemasonry,il-prince-hall-freemasonry,il-prince-hall-freemasonry.gif,26774,old image larger (26774 vs 23252 bytes),
DEACTIVATE,11270,IL - Prince Hall Freemasonry,il-prince-hall-freemasonry-v1,il-prince-hall-freemasonry.png,23252,old image larger (26774 vs 23252 bytes),
KEEP,11460,IL - Purple Heart,il-purple-heart-v1,il-purple-heart.png,26633,new image larger (26633 vs 23082 bytes),il-purple-heart
DEACTIVATE,3076,IL-Purple Heart,il-purple-heart,il-purple-heart.gif,23082,new image larger (26633 vs 23082 bytes),
KEEP,11414,IL - Recreational Trailer,il-recreational-trailer-v1,il-recreational-trailer.png,45583,new image larger (45583 vs 15483 bytes),il-recreational-trailer
DEACTIVATE,3002,IL-Recreational Trailer,il-recreational-trailer,il-recreational-trailer.gif,15483,new image larger (45583 vs 15483 bytes),
KEEP,11415,IL - Recreational Vehicle,il-recreational-vehicle-v1,il-recreational-vehicle.png,47085,new image larger (47085 vs 16024 bytes),il-recreational-vehicle
DEACTIVATE,3001,IL-Recreational Vehicle,il-recreational-vehicle,il-recreational-vehicle.gif,16024,new image larger (47085 vs 16024 bytes),
KEEP,11461,IL - Retired Armed Forces,il-retired-armed-forces-v1,il-retired-armed-forces.png,24890,new image larger (24890 vs 24157 bytes),il-retired-armed-forces
DEACTIVATE,3077,IL-Retired Armed Forces,il-retired-armed-forces,il-retired-armed-forces.gif,24157,new image larger (24890 vs 24157 bytes),
KEEP,11378,IL - Rotary International,il-rotary-international-v1,il-rotary-international.png,91446,new image larger (91446 vs 29154 bytes),il-rotary-international
DEACTIVATE,2972,IL-Rotary International,il-rotary-international,il-rotary-international.gif,29154,new image larger (91446 vs 29154 bytes),
KEEP,11380,IL - Route 66,il-route-66-v1,il-route-66.png,105746,new image larger (105746 vs 31517 bytes),il-route-66
DEACTIVATE,2971,IL-Route 66,il-route-66,il-route-66.gif,31517,new image larger (105746 vs 31517 bytes),
KEEP,11381,IL - Saluting Agriculture,il-saluting-agriculture-v1,il-saluting-agriculture.png,24107,new image larger (24107 vs 22308 bytes),il-saluting-agriculture
DEACTIVATE,2973,IL-Saluting Agriculture,il-saluting-agriculture,il-saluting-agriculture.gif,22308,new image larger (24107 vs 22308 bytes),
KEEP,11396,IL - Share The Road,il-share-the-road-v1,il-share-the-road.png,81095,new image larger (81095 vs 35190 bytes),il-share-the-road
DEACTIVATE,2974,IL-Share the Road,il-share-the-road,il-share-the-road.gif,35190,new image larger (81095 vs 35190 bytes),
KEEP,11382,IL - Sheet Metal Workers International Association,il-sheet-metal-workers-international-association-v1,il-sheet-metal-workers-international-association.png,104244,new image larger (104244 vs 35546 bytes),il-sheet-metal-workers-international-association
DEACTIVATE,2975,IL-Sheet Metal Workers International Association,il-sheet-metal-workers-international-association,il-sheet-metal-workers-international-association.gif,35546,new image larger (104244 vs 35546 bytes),
KEEP,11462,IL - Silver Star,il-silver-star-v1,il-silver-star.png,25205,new image larger (25205 vs 22396 bytes),il-silver-star
DEACTIVATE,3078,IL-Silver Star,il-silver-star,il-silver-star.gif,22396,new image larger (25205 vs 22396 bytes),
KEEP,11341,IL - Sporting Series,il-sporting-series-v1,il-sporting-series.png,43178,new image larger (43178 vs 35374 bytes),il-sporting-series
DEACTIVATE,2976,IL-Sporting Series,il-sporting-series,il-sporting-series.gif,35374,new image larger (43178 vs 35374 bytes),
KEEP,11397,IL - St Louis Cardinals,il-st-louis-cardinals-v1,il-st-louis-cardinals.png,60996,new image larger (60996 vs 26997 bytes),il-st-louis-cardinals
DEACTIVATE,2977,IL-St. Louis Cardinals,il-st-louis-cardinals,il-st-louis-cardinals.gif,26997,new image larger (60996 vs 26997 bytes),
KEEP,11383,IL - Support Our Troops,il-support-our-troops-v1,il-support-our-troops.png,41736,new image larger (41736 vs 40860 bytes),il-support-our-troops
DEACTIVATE,2978,IL-Support Our Troops,il-support-our-troops,il-support-our-troops.gif,40860,new image larger (41736 vs 40860 bytes),
KEEP,11398,IL - Support Youth Golf,il-support-youth-golf-v1,il-support-youth-golf.png,71795,new image larger (71795 vs 26385 bytes),il-support-youth-golf
DEACTIVATE,2979,IL-Support Youth Golf,il-support-youth-golf,il-support-youth-golf.gif,26385,new image larger (71795 vs 26385 bytes),
KEEP,11336,IL - Ta Trailer,il-ta-trailer-v1,il-ta-trailer.png,23206,"equal size (23206 bytes) — new uses preferred "" - "" format",il-ta-trailer
DEACTIVATE,3031,IL-TA Trailer,il-ta-trailer,il-ta-trailer.gif,23206,"equal size (23206 bytes) — new uses preferred "" - "" format",
KEEP,11416,IL - Tinted Windows,il-tinted-windows-v1,il-tinted-windows.png,27346,"equal size (27346 bytes) — new uses preferred "" - "" format",il-tinted-windows
DEACTIVATE,2980,IL-Tinted Windows,il-tinted-windows,il-tinted-windows.gif,27346,"equal size (27346 bytes) — new uses preferred "" - "" format",
KEEP,11337,IL - Trailers,il-trailers-v1,il-trailers.png,23206,"equal size (23206 bytes) — new uses preferred "" - "" format",il-trailers
DEACTIVATE,2981,IL-Trailers,il-trailers,il-trailers.gif,23206,"equal size (23206 bytes) — new uses preferred "" - "" format",
KEEP,11338,IL - Trucks,il-trucks-v1,il-trucks.png,35613,"equal size (35613 bytes) — new uses preferred "" - "" format",il-trucks
DEACTIVATE,2982,IL-Trucks,il-trucks,il-trucks.gif,35613,"equal size (35613 bytes) — new uses preferred "" - "" format",
KEEP,11465,IL - United Nations Protection Force,il-united-nations-protection-force-v1,il-united-nations-protection-force.png,25487,new image larger (25487 vs 22922 bytes),il-united-nations-protection-force
DEACTIVATE,3079,IL-United Nations Protection Force,il-united-nations-protection-force,il-united-nations-protection-force.gif,22922,new image larger (25487 vs 22922 bytes),
KEEP,11467,IL - Universal Veteran,il-universal-veteran-v1,il-universal-veteran.png,25752,new image larger (25752 vs 22640 bytes),il-universal-veteran
DEACTIVATE,3080,IL-Universal Veteran,il-universal-veteran,il-universal-veteran.gif,22640,new image larger (25752 vs 22640 bytes),
KEEP,11469,IL - US Air Force,il-us-air-force-v1,il-us-air-force.png,36068,new image larger (36068 vs 20633 bytes),il-us-air-force
DEACTIVATE,3081,IL-U.S. Air Force,il-us-air-force,il-u-s-air-force.gif,20633,new image larger (36068 vs 20633 bytes),
KEEP,11476,IL - Vietnam Veteran,il-vietnam-veteran-v1,il-vietnam-veteran.png,24141,new image larger (24141 vs 22179 bytes),il-vietnam-veteran
DEACTIVATE,3084,IL-Vietnam Veteran,il-vietnam-veteran,il-vietnam-veteran.gif,22179,new image larger (24141 vs 22179 bytes),
KEEP,11477,IL - West Point Bicentennial,il-west-point-bicentennial-v1,il-west-point-bicentennial.png,33806,"equal size (33806 bytes) — new uses preferred "" - "" format",il-west-point-bicentennial
DEACTIVATE,3085,IL-West Point Bicentennial,il-west-point-bicentennial,il-west-point-bicentennial.gif,33806,"equal size (33806 bytes) — new uses preferred "" - "" format",
KEEP,11342,IL - Wildlife Prairie Park,il-wildlife-prairie-park-v1,il-wildlife-prairie-park.png,25836,"equal size (25836 bytes) — new uses preferred "" - "" format",il-wildlife-prairie-park
DEACTIVATE,3047,IL-Wildlife Prairie Park,il-wildlife-prairie-park,il-wildlife-prairie-park.gif,25836,"equal size (25836 bytes) — new uses preferred "" - "" format",
KEEP,11479,IL - World War Ii Veteran,il-world-war-ii-veteran-v1,il-world-war-ii-veteran.png,42900,new image larger (42900 vs 22980 bytes),il-world-war-ii-veteran
DEACTIVATE,3087,IL-World War II Veteran,il-world-war-ii-veteran,il-world-war-ii-veteran.gif,22980,new image larger (42900 vs 22980 bytes),
KEEP,11499,IN - Abraham Lincolns Boyhood Home,in-abraham-lincolns-boyhood-home-v1,in-abraham-lincolns-boyhood-home.png,76669,new image larger (76669 vs 75982 bytes),in-abraham-lincolns-boyhood-home
DEACTIVATE,3090,IN-Abraham Lincolns Boyhood Home,in-abraham-lincolns-boyhood-home,in-abraham-lincolns-boyhood-home.jpg,75982,new image larger (76669 vs 75982 bytes),
KEEP,3094,IN-American Diabetes Association,in-american-diabetes-association,in-american-diabetes-association.jpg,73566,old image larger (73566 vs 64276 bytes),
DEACTIVATE,11500,IN - American Diabetes Association,in-american-diabetes-association-v1,in-american-diabetes-association.png,64276,old image larger (73566 vs 64276 bytes),
KEEP,3097,IN-Anderson University,in-anderson-university,in-anderson-university.jpg,91432,old image larger (91432 vs 69583 bytes),
DEACTIVATE,11488,IN - Anderson University,in-anderson-university-v1,in-anderson-university.png,69583,old image larger (91432 vs 69583 bytes),
KEEP,11489,IN - Bethel University,in-bethel-university-v1,in-bethel-university.png,91477,new image larger (91477 vs 32142 bytes),in-bethel-university
DEACTIVATE,3103,IN-Bethel University,in-bethel-university,in-bethel-university.jpg,32142,new image larger (91477 vs 32142 bytes),
KEEP,3104,IN-Black Expo,in-black-expo,in-black-expo.jpg,86283,old image larger (86283 vs 71544 bytes),
DEACTIVATE,11501,IN - Black Expo,in-black-expo-v1,in-black-expo.png,71544,old image larger (86283 vs 71544 bytes),
KEEP,11503,IN - Breast Cancer Awareness,in-breast-cancer-awareness-v1,in-breast-cancer-awareness.png,74935,new image larger (74935 vs 71092 bytes),in-breast-cancer-awareness
DEACTIVATE,3107,IN-Breast Cancer Awareness,in-breast-cancer-awareness,in-breast-cancer-awareness.jpg,71092,new image larger (74935 vs 71092 bytes),
KEEP,11505,IN - Donate Life,in-donate-life-v1,in-donate-life.png,77475,new image larger (77475 vs 72723 bytes),in-donate-life
DEACTIVATE,3122,IN-Donate Life,in-donate-life,in-donate-life.jpg,72723,new image larger (77475 vs 72723 bytes),
KEEP,11519,IN - Environmental,in-environmental-v1,in-environmental.png,91899,new image larger (91899 vs 89271 bytes),in-environmental
DEACTIVATE,3125,IN-Environmental,in-environmental,in-environmental.jpg,89271,new image larger (91899 vs 89271 bytes),
KEEP,11486,IN - Greenways Foundation,in-greenways-foundation-v1,in-greenways-foundation.png,92910,new image larger (92910 vs 87645 bytes),in-greenways-foundation
DEACTIVATE,3138,IN-Greenways Foundation,in-greenways-foundation,in-greenways-foundation.jpg,87645,new image larger (92910 vs 87645 bytes),
KEEP,3139,IN-Habitat for Humanity,in-habitat-for-humanity,in-habitat-for-humanity.jpg,70531,old image larger (70531 vs 68710 bytes),
DEACTIVATE,11506,IN - Habitat For Humanity,in-habitat-for-humanity-v1,in-habitat-for-humanity.png,68710,old image larger (70531 vs 68710 bytes),
KEEP,11507,IN - Health Foundation Of Greater Indianapolis,in-health-foundation-of-greater-indianapolis-v1,in-health-foundation-of-greater-indianapolis.png,73391,new image larger (73391 vs 64375 bytes),in-health-foundation-of-greater-indianapolis
DEACTIVATE,3141,IN-Health Foundation of Greater Indianapolis,in-health-foundation-of-greater-indianapolis,in-health-foundation-of-greater-indianapolis.jpg,64375,new image larger (73391 vs 64375 bytes),
KEEP,3149,IN-Huntington University,in-huntington-university,in-huntington-university.jpg,74120,old image larger (74120 vs 62382 bytes),
DEACTIVATE,11491,IN - Huntington University,in-huntington-university-v1,in-huntington-university.png,62382,old image larger (74120 vs 62382 bytes),
KEEP,3153,IN-Indiana Association of Pregnancy Centers,in-indiana-association-of-pregnancy-centers,in-indiana-association-of-pregnancy-centers.jpg,79513,old image larger (79513 vs 70950 bytes),
DEACTIVATE,11508,IN - Indiana Association Of Pregnancy Centers,in-indiana-association-of-pregnancy-centers-v1,in-indiana-association-of-pregnancy-centers.png,70950,old image larger (79513 vs 70950 bytes),
KEEP,3154,IN-Indiana Bicycle Coalition,in-indiana-bicycle-coalition,in-indiana-bicycle-coalition.jpg,90391,old image larger (90391 vs 76141 bytes),
DEACTIVATE,11520,IN - Indiana Bicycle Coalition,in-indiana-bicycle-coalition-v1,in-indiana-bicycle-coalition.png,76141,old image larger (90391 vs 76141 bytes),
KEEP,11509,IN - Indiana Organization Of Nurse Executives,in-indiana-organization-of-nurse-executives-v1,in-indiana-organization-of-nurse-executives.png,75100,new image larger (75100 vs 69864 bytes),in-indiana-organization-of-nurse-executives
DEACTIVATE,3162,IN-Indiana Organization of Nurse Executives,in-indiana-organization-of-nurse-executives,in-indiana-organization-of-nurse-executives.jpg,69864,new image larger (75100 vs 69864 bytes),
KEEP,3163,IN-Indiana Patriot Guard Riders,in-indiana-patriot-guard-riders,in-indiana-patriot-guard-riders.jpg,86946,old image larger (86946 vs 70865 bytes),
DEACTIVATE,11510,IN - Indiana Patriot Guard Riders,in-indiana-patriot-guard-riders-v1,in-indiana-patriot-guard-riders.png,70865,old image larger (86946 vs 70865 bytes),
KEEP,3169,IN-Indiana University,in-indiana-university,in-indiana-university.jpg,74910,old image larger (74910 vs 69822 bytes),
DEACTIVATE,11492,IN - Indiana University,in-indiana-university-v1,in-indiana-university.png,69822,old image larger (74910 vs 69822 bytes),
KEEP,3172,IN-Indiana Youth Group,in-indiana-youth-group,in-indiana-youth-group.jpg,75958,old image larger (75958 vs 59994 bytes),
DEACTIVATE,11511,IN - Indiana Youth Group,in-indiana-youth-group-v1,in-indiana-youth-group.png,59994,old image larger (75958 vs 59994 bytes),
KEEP,3175,IN-Indianapolis Zoological Society,in-indianapolis-zoological-society,in-indianapolis-zoological-society.jpg,80201,old image larger (80201 vs 73329 bytes),
DEACTIVATE,11512,IN - Indianapolis Zoological Society,in-indianapolis-zoological-society-v1,in-indianapolis-zoological-society.png,73329,old image larger (80201 vs 73329 bytes),
KEEP,11482,IN - Lions Of Indiana,in-lions-of-indiana-v1,in-lions-of-indiana.png,78640,new image larger (78640 vs 72422 bytes),in-lions-of-indiana
DEACTIVATE,3183,IN-Lions of Indiana,in-lions-of-indiana,in-lions-of-indiana.jpg,72422,new image larger (78640 vs 72422 bytes),
KEEP,3184,IN-Manchester University,in-manchester-university,in-manchester-university.jpg,81721,old image larger (81721 vs 67079 bytes),
DEACTIVATE,11493,IN - Manchester University,in-manchester-university-v1,in-manchester-university.png,67079,old image larger (81721 vs 67079 bytes),
KEEP,3198,IN-POW-MIA,in-pow-mia,in-pow-mia.jpg,73311,old image larger (73311 vs 65497 bytes),
DEACTIVATE,11527,IN - POW MIA,in-pow-mia-v1,in-pow-mia.png,65497,old image larger (73311 vs 65497 bytes),
KEEP,11517,IN - Riley Hospital,in-riley-hospital-v1,in-riley-hospital.png,91019,new image larger (91019 vs 79017 bytes),in-riley-hospital
DEACTIVATE,3204,IN-Riley Hospital,in-riley-hospital,in-riley-hospital.jpg,79017,new image larger (91019 vs 79017 bytes),
KEEP,11495,IN - Saint Marys College,in-saint-marys-college-v1,in-saint-marys-college.jpg,91117,"equal size (91117 bytes) — new uses preferred "" - "" format",in-saint-marys-college
DEACTIVATE,3212,IN-Saint Mary's College,in-saint-marys-college,in-saint-mary-s-college.jpg,91117,"equal size (91117 bytes) — new uses preferred "" - "" format",
KEEP,11522,IN - Standard Issue 2003 v2,in-standard-issue-2003-v2,in-standard-issue-2003-v2.jpg,244873,new image larger (244873 vs 71012 bytes),in-standard-issue-2003
DEACTIVATE,11523,IN - Standard Issue 2003,in-standard-issue-2003,in-standard-issue-2003.jpg,71012,new image larger (244873 vs 71012 bytes),
KEEP,11481,IN - State Police,in-state-police-v1,in-state-police.png,106945,new image larger (106945 vs 97745 bytes),in-state-police
DEACTIVATE,3214,IN-State Police,in-state-police,in-state-police.jpg,97745,new image larger (106945 vs 97745 bytes),
KEEP,11496,IN - Trine University,in-trine-university-v1,in-trine-university.png,72196,new image larger (72196 vs 66870 bytes),in-trine-university
DEACTIVATE,3218,IN-Trine University,in-trine-university,in-trine-university.jpg,66870,new image larger (72196 vs 66870 bytes),
KEEP,3226,IN-Vincennes University,in-vincennes-university,in-vincennes-university.jpg,85260,old image larger (85260 vs 71551 bytes),
DEACTIVATE,11497,IN - Vincennes University,in-vincennes-university-v1,in-vincennes-university.png,71551,old image larger (85260 vs 71551 bytes),
KEEP,3229,IN-Wild Turkey,in-wild-turkey,in-wild-turkey.jpg,62260,old image larger (62260 vs 37271 bytes),
DEACTIVATE,11487,IN - Wild Turkey,in-wild-turkey-v1,in-wild-turkey.png,37271,old image larger (62260 vs 37271 bytes),
KEEP,11555,KS - Agriculture IN The Classroom v1,ks-agriculture-in-the-classroom-v1-v1,ks-agriculture-in-the-classroom-v1.jpg,64611,"equal size (64611 bytes) — new uses preferred "" - "" format",ks-agriculture-in-the-classroom-v1
DEACTIVATE,3323,KS-Agriculture in the Classroom-v1,ks-agriculture-in-the-classroom-v1,ks-agriculture-in-the-classroom.jpg,64611,"equal size (64611 bytes) — new uses preferred "" - "" format",
KEEP,11556,KS - Agriculture IN The Classroom v2,ks-agriculture-in-the-classroom-v2-v1,ks-agriculture-in-the-classroom-v2.jpg,27691,"equal size (27691 bytes) — new uses preferred "" - "" format",ks-agriculture-in-the-classroom-v2
DEACTIVATE,3324,KS-Agriculture in the Classroom-v2,ks-agriculture-in-the-classroom-v2,ks-agriculture-in-the-classroom-new.jpg,27691,"equal size (27691 bytes) — new uses preferred "" - "" format",
KEEP,11557,KS - Bradens Hope 2022,ks-bradens-hope-2022-v1,ks-bradens-hope-2022.jpg,31174,"equal size (31174 bytes) — new uses preferred "" - "" format",ks-bradens-hope-2022
DEACTIVATE,3327,KS-Braden’s Hope-2022,ks-bradens-hope-2022,ks-braden-s-hope-2022.jpg,31174,"equal size (31174 bytes) — new uses preferred "" - "" format",
KEEP,11559,KS - Childrens Trust Fund,ks-childrens-trust-fund-v1,ks-childrens-trust-fund.jpg,36376,"equal size (36376 bytes) — new uses preferred "" - "" format",ks-childrens-trust-fund
DEACTIVATE,3329,KS-Children’s Trust Fund,ks-childrens-trust-fund,ks-children-s-trust-fund.jpg,36376,"equal size (36376 bytes) — new uses preferred "" - "" format",
KEEP,11537,KS - Dealer 2022,ks-dealer-2022-v1,ks-dealer-2022.jpg,22830,"equal size (22830 bytes) — new uses preferred "" - "" format",ks-dealer-2022
DEACTIVATE,3379,KS-Dealer-2022,ks-dealer-2022,ks-dealer-2022-new-color.jpg,22830,"equal size (22830 bytes) — new uses preferred "" - "" format",
KEEP,11541,KS - Dealer Lender 2022,ks-dealer-lender-2022-v1,ks-dealer-lender-2022.png,31492,"equal size (31492 bytes) — new uses preferred "" - "" format",ks-dealer-lender-2022
DEACTIVATE,3380,KS-Dealer Lender-2022,ks-dealer-lender-2022,ks-dealer-lender-2022-new-color.jpg,31492,"equal size (31492 bytes) — new uses preferred "" - "" format",
KEEP,11542,KS - Dealer Manufactured Home 2022,ks-dealer-manufactured-home-2022-v1,ks-dealer-manufactured-home-2022.png,32068,"equal size (32068 bytes) — new uses preferred "" - "" format",ks-dealer-manufactured-home-2022
DEACTIVATE,3383,KS-Dealer Manufactured Home-2022,ks-dealer-manufactured-home-2022,ks-dealer-manufactured-home-2022-new-color.jpg,32068,"equal size (32068 bytes) — new uses preferred "" - "" format",
KEEP,11543,KS - Dealer Salvage 2022,ks-dealer-salvage-2022-v1,ks-dealer-salvage-2022.png,31714,"equal size (31714 bytes) — new uses preferred "" - "" format",ks-dealer-salvage-2022
DEACTIVATE,3381,KS-Dealer Salvage-2022,ks-dealer-salvage-2022,ks-dealer-salvage-2022-new-color.jpg,31714,"equal size (31714 bytes) — new uses preferred "" - "" format",
KEEP,11544,KS - Dealer Trailer 2022,ks-dealer-trailer-2022-v1,ks-dealer-trailer-2022.png,31677,"equal size (31677 bytes) — new uses preferred "" - "" format",ks-dealer-trailer-2022
DEACTIVATE,3384,KS-Dealer Trailer-2022,ks-dealer-trailer-2022,ks-dealer-trailer-2022-new-color.jpg,31677,"equal size (31677 bytes) — new uses preferred "" - "" format",
KEEP,11545,KS - Dealer Wholesale 2022,ks-dealer-wholesale-2022-v1,ks-dealer-wholesale-2022.png,32472,"equal size (32472 bytes) — new uses preferred "" - "" format",ks-dealer-wholesale-2022
DEACTIVATE,3382,KS-Dealer Wholesale-2022,ks-dealer-wholesale-2022,ks-dealer-wholesale-2022-new-color.jpg,32472,"equal size (32472 bytes) — new uses preferred "" - "" format",
REVIEW,3336,KS-Emergency Medical Services,ks-emergency-medical-services,ks-emergency-medical-services.jpg,67592,2 variants found — manual review needed,
REVIEW,11528,KS - Emergency Medical Services v1,ks-emergency-medical-services-v1,ks-emergency-medical-services-v1.jpg,67592,2 variants found — manual review needed,
REVIEW,11529,KS - Emergency Medical Services v2,ks-emergency-medical-services-v2,ks-emergency-medical-services-v2.jpg,10833,2 variants found — manual review needed,
REVIEW,3313,KS-Emporia State University,ks-emporia-state-university,ks-emporia-state-university.jpg,65753,2 variants found — manual review needed,
REVIEW,11551,KS - Emporia State University v1,ks-emporia-state-university-v1,ks-emporia-state-university-v1.jpg,65753,2 variants found — manual review needed,
REVIEW,11552,KS - Emporia State University v2,ks-emporia-state-university-v2,ks-emporia-state-university-v2.jpg,11172,2 variants found — manual review needed,
KEEP,11561,KS - Im Pet Friendly,ks-im-pet-friendly-v1,ks-im-pet-friendly.jpg,67193,"equal size (67193 bytes) — new uses preferred "" - "" format",ks-im-pet-friendly
DEACTIVATE,3343,KS-I’m Pet Friendly,ks-im-pet-friendly,ks-i-m-pet-friendly.jpg,67193,"equal size (67193 bytes) — new uses preferred "" - "" format",
KEEP,11533,KS - Shriners,ks-shriners-v1,ks-shriners.jpg,67246,"equal size (67246 bytes) — new uses preferred "" - "" format",ks-shriners
DEACTIVATE,3347,KS-Shriner’s,ks-shriners,ks-shriner-s.jpg,67246,"equal size (67246 bytes) — new uses preferred "" - "" format",
KEEP,11591,KS - US Air Force 2022,ks-us-air-force-2022-v1,ks-us-air-force-2022.jpg,31661,"equal size (31661 bytes) — new uses preferred "" - "" format",ks-us-air-force-2022
DEACTIVATE,3359,KS-U.S. Air Force-2022,ks-us-air-force-2022,ks-u-s-air-force-2022.jpg,31661,"equal size (31661 bytes) — new uses preferred "" - "" format",
KEEP,11592,KS - US Army 2022,ks-us-army-2022-v1,ks-us-army-2022.jpg,37446,"equal size (37446 bytes) — new uses preferred "" - "" format",ks-us-army-2022
DEACTIVATE,3360,KS-U.S. Army-2022,ks-us-army-2022,ks-u-s-army-2022.jpg,37446,"equal size (37446 bytes) — new uses preferred "" - "" format",
KEEP,11593,KS - US Coast Guard 2022,ks-us-coast-guard-2022-v1,ks-us-coast-guard-2022.jpg,40847,"equal size (40847 bytes) — new uses preferred "" - "" format",ks-us-coast-guard-2022
DEACTIVATE,3361,KS-U.S. Coast Guard-2022,ks-us-coast-guard-2022,ks-u-s-coast-guard-2022.jpg,40847,"equal size (40847 bytes) — new uses preferred "" - "" format",
KEEP,11594,KS - US Marine Corps 2022,ks-us-marine-corps-2022-v1,ks-us-marine-corps-2022.jpg,17680,"equal size (17680 bytes) — new uses preferred "" - "" format",ks-us-marine-corps-2022
DEACTIVATE,3362,KS-U.S. Marine Corps-2022,ks-us-marine-corps-2022,ks-u-s-marine-corps-2022.jpg,17680,"equal size (17680 bytes) — new uses preferred "" - "" format",
KEEP,11595,KS - US Navy 2022,ks-us-navy-2022-v1,ks-us-navy-2022.jpg,29630,"equal size (29630 bytes) — new uses preferred "" - "" format",ks-us-navy-2022
DEACTIVATE,3363,KS-U.S. Navy-2022,ks-us-navy-2022,ks-u-s-navy-2022.jpg,29630,"equal size (29630 bytes) — new uses preferred "" - "" format",
KEEP,11596,KS - US Space Force 2022,ks-us-space-force-2022-v1,ks-us-space-force-2022.jpg,29704,"equal size (29704 bytes) — new uses preferred "" - "" format",ks-us-space-force-2022
DEACTIVATE,3364,KS-U.S. Space Force-2022,ks-us-space-force-2022,ks-u-s-space-force-2022.jpg,29704,"equal size (29704 bytes) — new uses preferred "" - "" format",
KEEP,11597,KS - US Veteran,ks-us-veteran-v1,ks-us-veteran.jpg,66986,"equal size (66986 bytes) — new uses preferred "" - "" format",ks-us-veteran
DEACTIVATE,3365,KS-U.S. Veteran,ks-us-veteran,ks-u-s-veteran.jpg,66986,"equal size (66986 bytes) — new uses preferred "" - "" format",
KEEP,3402,KY-Air Force Academy-Motorcycle,ky-air-force-academy-motorcycle,ky-air-force-academy-mc.png,56541,old image larger (56541 vs 25228 bytes),
DEACTIVATE,11629,KY - Air Force Academy Motorcycle,ky-air-force-academy-motorcycle-v1,ky-air-force-academy-motorcycle.png,25228,old image larger (56541 vs 25228 bytes),
KEEP,3404,KY-Air Force Cross-Motorcycle,ky-air-force-cross-motorcycle,ky-air-force-cross-mc.png,60164,old image larger (60164 vs 29761 bytes),
DEACTIVATE,11612,KY - Air Force Cross Motorcycle,ky-air-force-cross-motorcycle-v1,ky-Air-Force-Cross-motorcycle.png,29761,old image larger (60164 vs 29761 bytes),
KEEP,11677,KY - Alice Lloyd College,ky-alice-lloyd-college-v1,ky-alice-lloyd-college.png,238145,new image larger (238145 vs 94853 bytes),ky-alice-lloyd-college
DEACTIVATE,3406,KY-Alice Lloyd College,ky-alice-lloyd-college,ky-alice-lloyd.png,94853,new image larger (238145 vs 94853 bytes),
KEEP,11672,KY - Alternate Speed Motorcycle,ky-alternate-speed-motorcycle-v1,ky-alternate-speed-motorcycle.png,79844,new image larger (79844 vs 51603 bytes),ky-alternate-speed-motorcycle
DEACTIVATE,3407,KY-Alternate Speed-Motorcycle,ky-alternate-speed-motorcycle,ky-alternate-speed-mc.png,51603,new image larger (79844 vs 51603 bytes),
KEEP,3413,KY-Army Veteran-Motorcycle,ky-army-veteran-motorcycle,ky-army-veteran-mc.png,61652,old image larger (61652 vs 29794 bytes),
DEACTIVATE,11626,KY - Army Veteran Motorcycle,ky-army-veteran-motorcycle-v1,ky-Army-Veteran-motorcycle.png,29794,old image larger (61652 vs 29794 bytes),
KEEP,11678,KY - Asbury University,ky-asbury-university-v1,ky-asbury-university.png,131602,new image larger (131602 vs 92144 bytes),ky-asbury-university
DEACTIVATE,3414,KY-Asbury University,ky-asbury-university,ky-asbury.png,92144,new image larger (131602 vs 92144 bytes),
KEEP,3416,KY-Bellarmine University,ky-bellarmine-university,ky-bellarmine.png,61594,old image larger (61594 vs 35769 bytes),
DEACTIVATE,11679,KY - Bellarmine University,ky-bellarmine-university-v1,ky-bellarmine-university.png,35769,old image larger (61594 vs 35769 bytes),
KEEP,3417,KY-Berea College,ky-berea-college,ky-berea.png,47690,old image larger (47690 vs 25312 bytes),
DEACTIVATE,11680,KY - Berea College,ky-berea-college-v1,ky-berea-college.png,25312,old image larger (47690 vs 25312 bytes),
KEEP,3420,KY-Brescia University,ky-brescia-university,ky-brescia.png,75438,old image larger (75438 vs 55261 bytes),
DEACTIVATE,11681,KY - Brescia University,ky-brescia-university-v1,ky-brescia-university.png,55261,old image larger (75438 vs 55261 bytes),
KEEP,3424,KY-Campbellsville University,ky-campbellsville-university,ky-campbellsville.png,58178,old image larger (58178 vs 33363 bytes),
DEACTIVATE,11682,KY - Campbellsville University,ky-campbellsville-university-v1,ky-campbellsville-university.png,33363,old image larger (58178 vs 33363 bytes),
KEEP,3427,KY-Centre College,ky-centre-college,ky-centre.png,67603,old image larger (67603 vs 50936 bytes),
DEACTIVATE,11683,KY - Centre College,ky-centre-college-v1,ky-centre-college.png,50936,old image larger (67603 vs 50936 bytes),
KEEP,3431,KY-Coast Guard Academy-Motorcycle,ky-coast-guard-academy-motorcycle,ky-coast-guard-acad-mc.png,65017,old image larger (65017 vs 25366 bytes),
DEACTIVATE,11637,KY - Coast Guard Academy Motorcycle,ky-coast-guard-academy-motorcycle-v1,ky-coast-guard-academy-motorcycle.png,25366,old image larger (65017 vs 25366 bytes),
KEEP,3433,KY-Coast Guard Veteran-Motorcycle,ky-coast-guard-veteran-motorcycle,ky-coast-guard-vet-mc.png,59363,old image larger (59363 vs 21503 bytes),
DEACTIVATE,11638,KY - Coast Guard Veteran Motorcycle,ky-coast-guard-veteran-motorcycle-v1,ky-coast-guard-veteran-motorcycle.png,21503,old image larger (59363 vs 21503 bytes),
KEEP,3450,KY-Eastern Kentucky University,ky-eastern-kentucky-university,ky-eastern-kentucky.png,63639,old image larger (63639 vs 40804 bytes),
DEACTIVATE,11684,KY - Eastern Kentucky University,ky-eastern-kentucky-university-v1,ky-eastern-kentucky-university.png,40804,old image larger (63639 vs 40804 bytes),
KEEP,3457,KY-Georgetown College,ky-georgetown-college,ky-georgetown.png,61041,old image larger (61041 vs 30323 bytes),
DEACTIVATE,11685,KY - Georgetown College,ky-georgetown-college-v1,ky-georgetown-college.png,30323,old image larger (61041 vs 30323 bytes),
KEEP,3459,KY-Gold Star Daughter-Motorcycle,ky-gold-star-daughter-motorcycle,ky-gold-star-daughter-mc.png,59082,old image larger (59082 vs 17800 bytes),
DEACTIVATE,11649,KY - Gold Star Daughter Motorcycle,ky-gold-star-daughter-motorcycle-v1,ky-gold-star-daughter-motorcycle.png,17800,old image larger (59082 vs 17800 bytes),
KEEP,3461,KY-Gold Star Father-Motorcycle,ky-gold-star-father-motorcycle,ky-gold-star-father-mc.png,58734,old image larger (58734 vs 17665 bytes),
DEACTIVATE,11650,KY - Gold Star Father Motorcycle,ky-gold-star-father-motorcycle-v1,ky-gold-star-father-motorcycle.png,17665,old image larger (58734 vs 17665 bytes),
KEEP,3463,KY-Gold Star Mother-Motorcycle,ky-gold-star-mother-motorcycle,ky-gold-star-mother-mc.png,58734,old image larger (58734 vs 17665 bytes),
DEACTIVATE,11651,KY - Gold Star Mother Motorcycle,ky-gold-star-mother-motorcycle-v1,ky-gold-star-mother-motorcycle.png,17665,old image larger (58734 vs 17665 bytes),
KEEP,3467,KY-Gold Star Son-Motorcycle,ky-gold-star-son-motorcycle,ky-gold-star-son-mc.png,58031,old image larger (58031 vs 17470 bytes),
DEACTIVATE,11654,KY - Gold Star Son Motorcycle,ky-gold-star-son-motorcycle-v1,ky-gold-star-son-motorcycle.png,17470,old image larger (58031 vs 17470 bytes),
KEEP,3469,KY-Gold Star Spouse-Motorcycle,ky-gold-star-spouse-motorcycle,ky-gold-star-spouse-mc.png,58423,old image larger (58423 vs 17653 bytes),
DEACTIVATE,11655,KY - Gold Star Spouse Motorcycle,ky-gold-star-spouse-motorcycle-v1,ky-gold-star-spouse-motorcycle.png,17653,old image larger (58423 vs 17653 bytes),
KEEP,3470,KY-Historic-Motorcycle,ky-historic-motorcycle,ky-historic-mc.png,36000,old image larger (36000 vs 21042 bytes),
DEACTIVATE,11675,KY - Historic Motorcycle,ky-historic-motorcycle-v1,ky-historic-motorcycle.png,21042,old image larger (36000 vs 21042 bytes),
KEEP,3474,KY-I Support Veterans-Motorcycle,ky-i-support-veterans-motorcycle,ky-i-support-veterans-mc.png,91340,old image larger (91340 vs 83122 bytes),
DEACTIVATE,11725,KY - I Support Veterans Motorcycle,ky-i-support-veterans-motorcycle-v1,ky-i-support-veterans-motorcycle.png,83122,old image larger (91340 vs 83122 bytes),
KEEP,3486,KY-Kentucky Christian University,ky-kentucky-christian-university,ky-ky-library-association.png,96204,old image larger (96204 vs 94375 bytes),
DEACTIVATE,11686,KY - Kentucky Christian University,ky-kentucky-christian-university-v1,ky-kentucky-christian-university.png,94375,old image larger (96204 vs 94375 bytes),
KEEP,3480,KY-Kentucky Colonel,ky-kentucky-colonel,ky-kentucky.png,72613,old image larger (72613 vs 56170 bytes),
DEACTIVATE,11731,KY - Kentucky Colonel,ky-kentucky-colonel-v1,ky-kentucky-colonel.png,56170,old image larger (72613 vs 56170 bytes),
KEEP,3497,KY-Marine Veteran-Motorcycle,ky-marine-veteran-motorcycle,ky-marine-veteran-mc.png,61187,old image larger (61187 vs 26241 bytes),
DEACTIVATE,11658,KY - Marine Veteran Motorcycle,ky-marine-veteran-motorcycle-v1,ky-marine-veteran-motorcycle.png,26241,old image larger (61187 vs 26241 bytes),
KEEP,3502,KY-Midway University,ky-midway-university,ky-midway.png,52566,old image larger (52566 vs 27385 bytes),
DEACTIVATE,11691,KY - Midway University,ky-midway-university-v1,ky-midway-university.png,27385,old image larger (52566 vs 27385 bytes),
KEEP,3506,KY-Murray State University,ky-murray-state-university,ky-murray-state.png,62006,old image larger (62006 vs 33531 bytes),
DEACTIVATE,11692,KY - Murray State University,ky-murray-state-university-v1,ky-murray-state-university.png,33531,old image larger (62006 vs 33531 bytes),
KEEP,3508,KY-National Guard-Motorcycle,ky-national-guard-motorcycle,ky-national-guard-mc.png,61374,old image larger (61374 vs 22962 bytes),
DEACTIVATE,11661,KY - National Guard Motorcycle,ky-national-guard-motorcycle-v1,ky-national-guard-motorcycle.png,22962,old image larger (61374 vs 22962 bytes),
KEEP,3512,KY-Navy Cross-Motorcycle,ky-navy-cross-motorcycle,ky-navy-cross-mc.png,59787,old image larger (59787 vs 31833 bytes),
DEACTIVATE,11662,KY - Navy Cross Motorcycle,ky-navy-cross-motorcycle-v1,ky-navy-cross-motorcycle.png,31833,old image larger (59787 vs 31833 bytes),
KEEP,3514,KY-Navy Veteran-Motorcycle,ky-navy-veteran-motorcycle,ky-navy-veteran-mc.png,59504,old image larger (59504 vs 22050 bytes),
DEACTIVATE,11663,KY - Navy Veteran Motorcycle,ky-navy-veteran-motorcycle-v1,ky-navy-veteran-motorcycle.png,22050,old image larger (59504 vs 22050 bytes),
KEEP,3515,KY-Northern Kentucky University,ky-northern-kentucky-university,ky-northern-kentucky.png,54264,old image larger (54264 vs 31378 bytes),
DEACTIVATE,11693,KY - Northern Kentucky University,ky-northern-kentucky-university-v1,ky-northern-kentucky-university.png,31378,old image larger (54264 vs 31378 bytes),
KEEP,3547,"KY- Organ, Eye and Tissue Donation",ky-organ-eye-and-tissue-donation,ky-trust-for-life.png,53270,old image larger (53270 vs 29143 bytes),
DEACTIVATE,11747,KY - Organ Eye And Tissue Donation,ky-organ-eye-and-tissue-donation-v1,ky-organ-eye-and-tissue-donation.png,29143,old image larger (53270 vs 29143 bytes),
KEEP,3524,KY-Purple Heart-Motorcycle,ky-purple-heart-motorcycle,ky-purple-heart-mc.png,54799,old image larger (54799 vs 18091 bytes),
DEACTIVATE,11666,KY - Purple Heart Motorcycle,ky-purple-heart-motorcycle-v1,ky-purple-heart-motorcycle.png,18091,old image larger (54799 vs 18091 bytes),
KEEP,3482,KY-Support Kentucky's Libraries,ky-support-kentuckys-libraries,ky-kentucky-state.png,81188,old image larger (81188 vs 78595 bytes),
DEACTIVATE,11770,KY - Support Kentuckys Libraries,ky-support-kentuckys-libraries-v1,ky-support-kentuckys-libraries.png,78595,old image larger (81188 vs 78595 bytes),
KEEP,3543,KY-Thomas More University,ky-thomas-more-university,ky-thomas-more.png,58031,old image larger (58031 vs 31225 bytes),
DEACTIVATE,11695,KY - Thomas More University,ky-thomas-more-university-v1,ky-thomas-more-university.png,31225,old image larger (58031 vs 31225 bytes),
KEEP,3544,KY-Transylvania University,ky-transylvania-university,ky-transylvania.png,74747,old image larger (74747 vs 41697 bytes),
DEACTIVATE,11696,KY - Transylvania University,ky-transylvania-university-v1,ky-transylvania-university.png,41697,old image larger (74747 vs 41697 bytes),
KEEP,3485,KY-University of Kentucky,ky-university-of-kentucky,ky-ky-dental-association.png,50390,old image larger (50390 vs 22502 bytes),
DEACTIVATE,11698,KY - University Of Kentucky,ky-university-of-kentucky-v1,ky-university-of-kentucky.png,22502,old image larger (50390 vs 22502 bytes),
KEEP,3493,KY-University of Louisville,ky-university-of-louisville,ky-louisville.png,55386,old image larger (55386 vs 30379 bytes),
DEACTIVATE,11699,KY - University Of Louisville,ky-university-of-louisville-v1,ky-university-of-louisville.png,30379,old image larger (55386 vs 30379 bytes),
KEEP,11884,LA - 300Th Anniversary New Orleans,la-300th-anniversary-new-orleans-v1,la-300th-anniversary-new-orleans.png,36691,"equal size (36691 bytes) — new uses preferred "" - "" format",la-300th-anniversary-new-orleans
DEACTIVATE,3669,LA-300th Anniversary New Orleans,la-300th-anniversary-new-orleans,la-300th-anniversary-new-orleans.jpg,36691,"equal size (36691 bytes) — new uses preferred "" - "" format",
KEEP,11823,LA - Acadiana High School,la-acadiana-high-school-v1,la-acadiana-high-school.png,22036,"equal size (22036 bytes) — new uses preferred "" - "" format",la-acadiana-high-school
DEACTIVATE,3741,LA-Acadiana High School,la-acadiana-high-school,la-acadiana-high-school.jpg,22036,"equal size (22036 bytes) — new uses preferred "" - "" format",
KEEP,11954,LA - Afghanistan Campaign Veteran,la-afghanistan-campaign-veteran-v1,la-afghanistan-campaign-veteran.png,9483,"equal size (9483 bytes) — new uses preferred "" - "" format",la-afghanistan-campaign-veteran
DEACTIVATE,3554,LA-Afghanistan Campaign Veteran,la-afghanistan-campaign-veteran,la-afghanistan-campaign-veteran.jpg,9483,"equal size (9483 bytes) — new uses preferred "" - "" format",
KEEP,11886,LA - Agricultural Education,la-agricultural-education-v1,la-agricultural-education.png,47606,"equal size (47606 bytes) — new uses preferred "" - "" format",la-agricultural-education
DEACTIVATE,3635,LA-Agricultural Education,la-agricultural-education,la-agricultural-education.jpg,47606,"equal size (47606 bytes) — new uses preferred "" - "" format",
KEEP,11956,LA - Air Force,la-air-force-v1,la-air-force.png,36284,"equal size (36284 bytes) — new uses preferred "" - "" format",la-air-force
DEACTIVATE,3555,LA-Air Force,la-air-force,la-air-force.jpg,36284,"equal size (36284 bytes) — new uses preferred "" - "" format",
KEEP,11785,LA - Alpha Kappa Alpha,la-alpha-kappa-alpha-v1,la-alpha-kappa-alpha.png,18623,"equal size (18623 bytes) — new uses preferred "" - "" format",la-alpha-kappa-alpha
DEACTIVATE,3765,LA-Alpha Kappa Alpha,la-alpha-kappa-alpha,la-alpha-kappa-alpha.jpg,18623,"equal size (18623 bytes) — new uses preferred "" - "" format",
KEEP,11786,LA - Alpha Phi Alpha,la-alpha-phi-alpha-v1,la-alpha-phi-alpha.png,29548,"equal size (29548 bytes) — new uses preferred "" - "" format",la-alpha-phi-alpha
DEACTIVATE,3766,LA-Alpha Phi Alpha,la-alpha-phi-alpha,la-alpha-phi-alpha.jpg,29548,"equal size (29548 bytes) — new uses preferred "" - "" format",
KEEP,11945,LA - Amateur Radio Operator,la-amateur-radio-operator-v1,la-amateur-radio-operator.png,14489,"equal size (14489 bytes) — new uses preferred "" - "" format",la-amateur-radio-operator
DEACTIVATE,3636,LA-Amateur Radio Operator,la-amateur-radio-operator,la-amateur-radio-operator.jpg,14489,"equal size (14489 bytes) — new uses preferred "" - "" format",
KEEP,11888,LA - American Indian,la-american-indian-v1,la-american-indian.png,12450,"equal size (12450 bytes) — new uses preferred "" - "" format",la-american-indian
DEACTIVATE,3672,LA-American Indian,la-american-indian,la-american-indian.jpg,12450,"equal size (12450 bytes) — new uses preferred "" - "" format",
KEEP,11806,LA - Americas Wetland,la-americas-wetland-v1,la-americas-wetland.png,20465,"equal size (20465 bytes) — new uses preferred "" - "" format",la-americas-wetland
DEACTIVATE,3671,LA-America's Wetland,la-americas-wetland,la-america-s-wetland.jpg,20465,"equal size (20465 bytes) — new uses preferred "" - "" format",
KEEP,11889,LA - Animal Friendly,la-animal-friendly-v1,la-animal-friendly.png,19042,"equal size (19042 bytes) — new uses preferred "" - "" format",la-animal-friendly
DEACTIVATE,3673,LA-Animal Friendly,la-animal-friendly,la-animal-friendly.jpg,19042,"equal size (19042 bytes) — new uses preferred "" - "" format",
KEEP,11946,LA - Antique,la-antique-v1,la-antique.png,21968,"equal size (21968 bytes) — new uses preferred "" - "" format",la-antique
DEACTIVATE,3637,LA-Antique,la-antique,la-antique.jpg,21968,"equal size (21968 bytes) — new uses preferred "" - "" format",
KEEP,11825,LA - Archbishop Rummel High School,la-archbishop-rummel-high-school-v1,la-archbishop-rummel-high-school.png,43668,new image larger (43668 vs 38069 bytes),la-archbishop-rummel-high-school
DEACTIVATE,3742,LA-Archbishop Rummel High School,la-archbishop-rummel-high-school,la-archbishop-rummel-high-school.jpg,38069,new image larger (43668 vs 38069 bytes),
KEEP,11826,LA - Archbishop Shaw High School,la-archbishop-shaw-high-school-v1,la-archbishop-shaw-high-school.png,36615,"equal size (36615 bytes) — new uses preferred "" - "" format",la-archbishop-shaw-high-school
DEACTIVATE,3743,LA-Archbishop Shaw High School,la-archbishop-shaw-high-school,la-archbishop-shaw-high-school.jpg,36615,"equal size (36615 bytes) — new uses preferred "" - "" format",
KEEP,11959,LA - Army,la-army-v1,la-army.png,30889,"equal size (30889 bytes) — new uses preferred "" - "" format",la-army
DEACTIVATE,3556,LA-Army,la-army,la-army.jpg,30889,"equal size (30889 bytes) — new uses preferred "" - "" format",
KEEP,11890,LA - Autism Society,la-autism-society-v1,la-autism-society.png,53966,"equal size (53966 bytes) — new uses preferred "" - "" format",la-autism-society
DEACTIVATE,3639,LA-Autism Society,la-autism-society,la-autism-society.jpg,53966,"equal size (53966 bytes) — new uses preferred "" - "" format",
KEEP,11936,LA - Bayou State Golfer,la-bayou-state-golfer-v1,la-bayou-state-golfer.png,46582,"equal size (46582 bytes) — new uses preferred "" - "" format",la-bayou-state-golfer
DEACTIVATE,3674,LA-Bayou State Golfer,la-bayou-state-golfer,la-bayou-state-golfer.jpg,46582,"equal size (46582 bytes) — new uses preferred "" - "" format",
KEEP,11787,LA - Beta Sigma Phi,la-beta-sigma-phi-v1,la-beta-sigma-phi.png,16594,"equal size (16594 bytes) — new uses preferred "" - "" format",la-beta-sigma-phi
DEACTIVATE,3767,LA-Beta Sigma Phi,la-beta-sigma-phi,la-beta-sigma-phi.jpg,16594,"equal size (16594 bytes) — new uses preferred "" - "" format",
KEEP,11960,LA - Blue Star Mothers,la-blue-star-mothers-v1,la-blue-star-mothers.png,40659,new image larger (40659 vs 35060 bytes),la-blue-star-mothers
DEACTIVATE,3675,LA-Blue Star Mothers,la-blue-star-mothers,la-blue-star-mothers.jpg,35060,new image larger (40659 vs 35060 bytes),
KEEP,11891,LA - Boy Scouts Of America,la-boy-scouts-of-america-v1,la-boy-scouts-of-america.png,34592,"equal size (34592 bytes) — new uses preferred "" - "" format",la-boy-scouts-of-america
DEACTIVATE,3640,LA-Boy Scouts of America,la-boy-scouts-of-america,la-boy-scouts-of-america.jpg,34592,"equal size (34592 bytes) — new uses preferred "" - "" format",
KEEP,11892,LA - Breast Cancer Awarness,la-breast-cancer-awarness-v1,la-breast-cancer-awarness.png,8813,"equal size (8813 bytes) — new uses preferred "" - "" format",la-breast-cancer-awarness
DEACTIVATE,3676,LA-Breast Cancer Awarness,la-breast-cancer-awarness,la-breast-cancer-awarness.jpg,8813,"equal size (8813 bytes) — new uses preferred "" - "" format",
KEEP,11962,LA - Bronze Star Medal,la-bronze-star-medal-v1,la-bronze-star-medal.png,49507,"equal size (49507 bytes) — new uses preferred "" - "" format",la-bronze-star-medal
DEACTIVATE,3557,LA-Bronze Star Medal,la-bronze-star-medal,la-bronze-star-medal.jpg,49507,"equal size (49507 bytes) — new uses preferred "" - "" format",
KEEP,11829,LA - Brother Martin High School,la-brother-martin-high-school-v1,la-brother-martin-high-school.png,12770,"equal size (12770 bytes) — new uses preferred "" - "" format",la-brother-martin-high-school
DEACTIVATE,3744,LA-Brother Martin High School,la-brother-martin-high-school,la-brother-martin-high-school.jpg,12770,"equal size (12770 bytes) — new uses preferred "" - "" format",
KEEP,11831,LA - Caddo Parish Magnet H School,la-caddo-parish-magnet-h-school-v1,la-caddo-parish-magnet-h-school.png,44083,new image larger (44083 vs 38484 bytes),la-caddo-parish-magnet-h-school
DEACTIVATE,3746,LA-Caddo Parish Magnet H School,la-caddo-parish-magnet-h-school,la-caddo-parish-magnet-h-school.jpg,38484,new image larger (44083 vs 38484 bytes),
KEEP,11893,LA - Camp Woodmen,la-camp-woodmen-v1,la-camp-woodmen.png,16609,"equal size (16609 bytes) — new uses preferred "" - "" format",la-camp-woodmen
DEACTIVATE,3677,LA-Camp Woodmen,la-camp-woodmen,la-camp-woodmen.jpg,16609,"equal size (16609 bytes) — new uses preferred "" - "" format",
KEEP,11832,LA - Capitol High School,la-capitol-high-school-v1,la-capitol-high-school.png,42092,"equal size (42092 bytes) — new uses preferred "" - "" format",la-capitol-high-school
DEACTIVATE,3747,LA-Capitol High School,la-capitol-high-school,la-capitol-high-school.jpg,42092,"equal size (42092 bytes) — new uses preferred "" - "" format",
KEEP,11833,LA - Captain Shreve High School,la-captain-shreve-high-school-v1,la-captain-shreve-high-school.png,13522,"equal size (13522 bytes) — new uses preferred "" - "" format",la-captain-shreve-high-school
DEACTIVATE,3748,LA-Captain Shreve High School,la-captain-shreve-high-school,la-captain-shreve-high-school.jpg,13522,"equal size (13522 bytes) — new uses preferred "" - "" format",
KEEP,11834,LA - Carencro High School,la-carencro-high-school-v1,la-carencro-high-school.png,13427,"equal size (13427 bytes) — new uses preferred "" - "" format",la-carencro-high-school
DEACTIVATE,3749,LA-Carencro High School,la-carencro-high-school,la-carencro-high-school.jpg,13427,"equal size (13427 bytes) — new uses preferred "" - "" format",
KEEP,11835,LA - Catholic High School,la-catholic-high-school-v1,la-catholic-high-school.png,17408,"equal size (17408 bytes) — new uses preferred "" - "" format",la-catholic-high-school
DEACTIVATE,3750,LA-Catholic High School,la-catholic-high-school,la-catholic-high-school.jpg,17408,"equal size (17408 bytes) — new uses preferred "" - "" format",
KEEP,11895,LA - Charles Dunbar Award,la-charles-dunbar-award-v1,la-charles-dunbar-award.png,12141,"equal size (12141 bytes) — new uses preferred "" - "" format",la-charles-dunbar-award
DEACTIVATE,3678,LA-Charles Dunbar Award,la-charles-dunbar-award,la-charles-dunbar-award.jpg,12141,"equal size (12141 bytes) — new uses preferred "" - "" format",
KEEP,11896,LA - Chez Nous Autres,la-chez-nous-autres-v1,la-chez-nous-autres.png,10261,"equal size (10261 bytes) — new uses preferred "" - "" format",la-chez-nous-autres
DEACTIVATE,3679,LA-Chez Nous Autres,la-chez-nous-autres,la-chez-nous-autres.jpg,10261,"equal size (10261 bytes) — new uses preferred "" - "" format",
KEEP,11897,LA - Child Safety,la-child-safety-v1,la-child-safety.png,12492,"equal size (12492 bytes) — new uses preferred "" - "" format",la-child-safety
DEACTIVATE,3680,LA-Child Safety,la-child-safety,la-child-safety.jpg,12492,"equal size (12492 bytes) — new uses preferred "" - "" format",
KEEP,11898,LA - Choose Life,la-choose-life-v1,la-choose-life.png,13143,"equal size (13143 bytes) — new uses preferred "" - "" format",la-choose-life
DEACTIVATE,3681,LA-Choose Life,la-choose-life,la-choose-life.jpg,13143,"equal size (13143 bytes) — new uses preferred "" - "" format",
KEEP,11963,LA - Civil Air Patrol,la-civil-air-patrol-v1,la-civil-air-patrol.png,12952,"equal size (12952 bytes) — new uses preferred "" - "" format",la-civil-air-patrol
DEACTIVATE,3641,LA-Civil Air Patrol,la-civil-air-patrol,la-civil-air-patrol.jpg,12952,"equal size (12952 bytes) — new uses preferred "" - "" format",
KEEP,11964,LA - Coast Guard,la-coast-guard-v1,la-coast-guard.png,37149,"equal size (37149 bytes) — new uses preferred "" - "" format",la-coast-guard
DEACTIVATE,3558,LA-Coast Guard,la-coast-guard,la-coast-guard.jpg,37149,"equal size (37149 bytes) — new uses preferred "" - "" format",
KEEP,11808,LA - Coastal Conservation,la-coastal-conservation-v1,la-coastal-conservation.png,16929,"equal size (16929 bytes) — new uses preferred "" - "" format",la-coastal-conservation
DEACTIVATE,3682,LA-Coastal Conservation,la-coastal-conservation,la-coastal-conservation.jpg,16929,"equal size (16929 bytes) — new uses preferred "" - "" format",
KEEP,11776,LA - Commissioned Police Officer,la-commissioned-police-officer-v1,la-commissioned-police-officer.png,8561,"equal size (8561 bytes) — new uses preferred "" - "" format",la-commissioned-police-officer
DEACTIVATE,3642,LA-Commissioned Police Officer,la-commissioned-police-officer,la-commissioned-police-officer.jpg,8561,"equal size (8561 bytes) — new uses preferred "" - "" format",
KEEP,11965,LA - Congressional Medal Of Honor,la-congressional-medal-of-honor-v1,la-congressional-medal-of-honor.png,19407,"equal size (19407 bytes) — new uses preferred "" - "" format",la-congressional-medal-of-honor
DEACTIVATE,3559,LA-Congressional Medal of Honor,la-congressional-medal-of-honor,la-congressional-medal-of-honor.jpg,19407,"equal size (19407 bytes) — new uses preferred "" - "" format",
KEEP,11788,LA - Delta Sigma Theta,la-delta-sigma-theta-v1,la-delta-sigma-theta.png,13036,"equal size (13036 bytes) — new uses preferred "" - "" format",la-delta-sigma-theta
DEACTIVATE,3768,LA-Delta Sigma Theta,la-delta-sigma-theta,la-delta-sigma-theta.jpg,13036,"equal size (13036 bytes) — new uses preferred "" - "" format",
KEEP,11809,LA - Delta Waterfowl,la-delta-waterfowl-v1,la-delta-waterfowl.png,43025,new image larger (43025 vs 37426 bytes),la-delta-waterfowl
DEACTIVATE,3683,LA-Delta Waterfowl,la-delta-waterfowl,la-delta-waterfowl.jpg,37426,new image larger (43025 vs 37426 bytes),
KEEP,11838,LA - Deridder High School,la-deridder-high-school-v1,la-deridder-high-school.png,44055,new image larger (44055 vs 38456 bytes),la-deridder-high-school
DEACTIVATE,3751,LA-Deridder High School,la-deridder-high-school,la-deridder-high-school.jpg,38456,new image larger (44055 vs 38456 bytes),
KEEP,11966,LA - Desert Storm Air Force,la-desert-storm-air-force-v1,la-desert-storm-air-force.png,37621,"equal size (37621 bytes) — new uses preferred "" - "" format",la-desert-storm-air-force
DEACTIVATE,3594,LA-Desert Storm Air Force,la-desert-storm-air-force,la-desert-storm-air-force.jpg,37621,"equal size (37621 bytes) — new uses preferred "" - "" format",
KEEP,11967,LA - Desert Storm Army,la-desert-storm-army-v1,la-desert-storm-army.png,38663,"equal size (38663 bytes) — new uses preferred "" - "" format",la-desert-storm-army
DEACTIVATE,3595,LA-Desert Storm Army,la-desert-storm-army,la-desert-storm-army.jpg,38663,"equal size (38663 bytes) — new uses preferred "" - "" format",
KEEP,11968,LA - Desert Storm Coast Guard,la-desert-storm-coast-guard-v1,la-desert-storm-coast-guard.png,37067,"equal size (37067 bytes) — new uses preferred "" - "" format",la-desert-storm-coast-guard
DEACTIVATE,3596,LA-Desert Storm Coast Guard,la-desert-storm-coast-guard,la-desert-storm-coast-guard.jpg,37067,"equal size (37067 bytes) — new uses preferred "" - "" format",
KEEP,11969,LA - Desert Storm Marine Corps,la-desert-storm-marine-corps-v1,la-desert-storm-marine-corps.png,37479,"equal size (37479 bytes) — new uses preferred "" - "" format",la-desert-storm-marine-corps
DEACTIVATE,3597,LA-Desert Storm Marine Corps,la-desert-storm-marine-corps,la-desert-storm-marine-corps.jpg,37479,"equal size (37479 bytes) — new uses preferred "" - "" format",
KEEP,11970,LA - Desert Storm Navy,la-desert-storm-navy-v1,la-desert-storm-navy.png,12187,"equal size (12187 bytes) — new uses preferred "" - "" format",la-desert-storm-navy
DEACTIVATE,3598,LA-Desert Storm Navy,la-desert-storm-navy,la-desert-storm-navy.jpg,12187,"equal size (12187 bytes) — new uses preferred "" - "" format",
KEEP,11839,LA - Dillard University,la-dillard-university-v1,la-dillard-university.png,12384,"equal size (12384 bytes) — new uses preferred "" - "" format",la-dillard-university
DEACTIVATE,3608,LA-Dillard University,la-dillard-university,la-dillard-university.jpg,12384,"equal size (12384 bytes) — new uses preferred "" - "" format",
KEEP,11971,LA - Disabled Veteran,la-disabled-veteran-v1,la-disabled-veteran.png,37735,"equal size (37735 bytes) — new uses preferred "" - "" format",la-disabled-veteran
DEACTIVATE,3560,LA-Disabled Veteran,la-disabled-veteran,la-disabled-veteran.jpg,37735,"equal size (37735 bytes) — new uses preferred "" - "" format",
KEEP,11972,LA - Distinguished Service Cross,la-distinguished-service-cross-v1,la-distinguished-service-cross.png,43245,"equal size (43245 bytes) — new uses preferred "" - "" format",la-distinguished-service-cross
DEACTIVATE,3561,LA-Distinguished Service Cross,la-distinguished-service-cross,la-distinguished-service-cross.jpg,43245,"equal size (43245 bytes) — new uses preferred "" - "" format",
KEEP,11900,LA - Down Syndrome Awareness,la-down-syndrome-awareness-v1,la-down-syndrome-awareness.png,52428,"equal size (52428 bytes) — new uses preferred "" - "" format",la-down-syndrome-awareness
DEACTIVATE,3684,LA-Down Syndrome Awareness,la-down-syndrome-awareness,la-down-syndrome-awareness.jpg,52428,"equal size (52428 bytes) — new uses preferred "" - "" format",
KEEP,11810,LA - Ducks Unlimited,la-ducks-unlimited-v1,la-ducks-unlimited.png,11853,"equal size (11853 bytes) — new uses preferred "" - "" format",la-ducks-unlimited
DEACTIVATE,3685,LA-Ducks Unlimited,la-ducks-unlimited,la-ducks-unlimited.jpg,11853,"equal size (11853 bytes) — new uses preferred "" - "" format",
KEEP,11901,LA - Educator,la-educator-v1,la-educator.png,14075,"equal size (14075 bytes) — new uses preferred "" - "" format",la-educator
DEACTIVATE,3686,LA-Educator,la-educator,la-educator.jpg,14075,"equal size (14075 bytes) — new uses preferred "" - "" format",
KEEP,11777,LA - Emergency Medical Technician,la-emergency-medical-technician-v1,la-emergency-medical-technician.png,12139,"equal size (12139 bytes) — new uses preferred "" - "" format",la-emergency-medical-technician
DEACTIVATE,3687,LA-Emergency Medical Technician,la-emergency-medical-technician,la-emergency-medical-technician.jpg,12139,"equal size (12139 bytes) — new uses preferred "" - "" format",
KEEP,11811,LA - Endangered Species,la-endangered-species-v1,la-endangered-species.png,40492,"equal size (40492 bytes) — new uses preferred "" - "" format",la-endangered-species
DEACTIVATE,3688,LA-Endangered Species,la-endangered-species,la-endangered-species.jpg,40492,"equal size (40492 bytes) — new uses preferred "" - "" format",
KEEP,11812,LA - Environmental Education,la-environmental-education-v1,la-environmental-education.png,13805,"equal size (13805 bytes) — new uses preferred "" - "" format",la-environmental-education
DEACTIVATE,3689,LA-Environmental Education,la-environmental-education,la-environmental-education.jpg,13805,"equal size (13805 bytes) — new uses preferred "" - "" format",
KEEP,11789,LA - Esther Grand Eastern Star,la-esther-grand-eastern-star-v1,la-esther-grand-eastern-star.png,18734,"equal size (18734 bytes) — new uses preferred "" - "" format",la-esther-grand-eastern-star
DEACTIVATE,3643,LA-Esther Grand-Eastern Star,la-esther-grand-eastern-star,la-esther-grand-eastern-star.jpg,18734,"equal size (18734 bytes) — new uses preferred "" - "" format",
KEEP,11973,LA - Ex Prisoner Of War,la-ex-prisoner-of-war-v1,la-ex-prisoner-of-war.png,24641,"equal size (24641 bytes) — new uses preferred "" - "" format",la-ex-prisoner-of-war
DEACTIVATE,3562,LA-Ex-prisoner of War,la-ex-prisoner-of-war,la-ex-prisoner-of-war.jpg,24641,"equal size (24641 bytes) — new uses preferred "" - "" format",
KEEP,11902,LA - Family Of Officer Killed,la-family-of-officer-killed-v1,la-family-of-officer-killed.png,13332,"equal size (13332 bytes) — new uses preferred "" - "" format",la-family-of-officer-killed
DEACTIVATE,3690,LA-Family of Officer Killed,la-family-of-officer-killed,la-family-of-officer-killed.jpg,13332,"equal size (13332 bytes) — new uses preferred "" - "" format",
KEEP,11903,LA - Feeding Hope,la-feeding-hope-v1,la-feeding-hope.png,35176,"equal size (35176 bytes) — new uses preferred "" - "" format",la-feeding-hope
DEACTIVATE,3691,LA-Feeding Hope,la-feeding-hope,la-feeding-hope.jpg,35176,"equal size (35176 bytes) — new uses preferred "" - "" format",
KEEP,11840,LA - Fletcher Community College,la-fletcher-community-college-v1,la-fletcher-community-college.png,18988,"equal size (18988 bytes) — new uses preferred "" - "" format",la-fletcher-community-college
DEACTIVATE,3609,LA-Fletcher Community College,la-fletcher-community-college,la-fletcher-community-college.jpg,18988,"equal size (18988 bytes) — new uses preferred "" - "" format",
KEEP,11778,LA - Fraternal Order Of Police,la-fraternal-order-of-police-v1,la-fraternal-order-of-police.png,13854,"equal size (13854 bytes) — new uses preferred "" - "" format",la-fraternal-order-of-police
DEACTIVATE,3644,LA-Fraternal Order of Police,la-fraternal-order-of-police,la-fraternal-order-of-police.jpg,13854,"equal size (13854 bytes) — new uses preferred "" - "" format",
KEEP,11904,LA - Girl Scout,la-girl-scout-v1,la-girl-scout.png,29344,new image larger (29344 vs 23745 bytes),la-girl-scout
DEACTIVATE,3692,LA-Girl Scout,la-girl-scout,la-girl-scout.jpg,23745,new image larger (29344 vs 23745 bytes),
KEEP,11974,LA - Globalwaronterrorism,la-globalwaronterrorism-v1,la-globalwaronterrorism.png,36850,"equal size (36850 bytes) — new uses preferred "" - "" format",la-globalwaronterrorism
DEACTIVATE,3563,LA-GlobalWarOnTerrorism,la-globalwaronterrorism,la-globalwaronterrorism.jpg,36850,"equal size (36850 bytes) — new uses preferred "" - "" format",
KEEP,11975,LA - Gold Star,la-gold-star-v1,la-gold-star.png,10139,"equal size (10139 bytes) — new uses preferred "" - "" format",la-gold-star
DEACTIVATE,3645,LA-Gold Star,la-gold-star,la-gold-star.jpg,10139,"equal size (10139 bytes) — new uses preferred "" - "" format",
KEEP,11790,LA - Grand Lodge,la-grand-lodge-v1,la-grand-lodge.png,10552,"equal size (10552 bytes) — new uses preferred "" - "" format",la-grand-lodge
DEACTIVATE,3646,LA-Grand Lodge,la-grand-lodge,la-grand-lodge.jpg,10552,"equal size (10552 bytes) — new uses preferred "" - "" format",
KEEP,11905,LA - Grotto,la-grotto-v1,la-grotto.png,8724,"equal size (8724 bytes) — new uses preferred "" - "" format",la-grotto
DEACTIVATE,3647,LA-Grotto,la-grotto,la-grotto.jpg,8724,"equal size (8724 bytes) — new uses preferred "" - "" format",
KEEP,11906,LA - Helping Schools,la-helping-schools-v1,la-helping-schools.png,12832,"equal size (12832 bytes) — new uses preferred "" - "" format",la-helping-schools
DEACTIVATE,3693,LA-Helping Schools,la-helping-schools,la-helping-schools.jpg,12832,"equal size (12832 bytes) — new uses preferred "" - "" format",
KEEP,11843,LA - Holy Cross School,la-holy-cross-school-v1,la-holy-cross-school.png,41354,"equal size (41354 bytes) — new uses preferred "" - "" format",la-holy-cross-school
DEACTIVATE,3753,LA-Holy Cross School,la-holy-cross-school,la-holy-cross-school.jpg,41354,"equal size (41354 bytes) — new uses preferred "" - "" format",
KEEP,11813,LA - Honey Bee,la-honey-bee-v1,la-honey-bee.png,41871,"equal size (41871 bytes) — new uses preferred "" - "" format",la-honey-bee
DEACTIVATE,3694,LA-Honey Bee,la-honey-bee,la-honey-bee.jpg,41871,"equal size (41871 bytes) — new uses preferred "" - "" format",
KEEP,11844,LA - Human Jukebox,la-human-jukebox-v1,la-human-jukebox.png,38798,"equal size (38798 bytes) — new uses preferred "" - "" format",la-human-jukebox
DEACTIVATE,3695,LA-Human Jukebox,la-human-jukebox,la-human-jukebox.jpg,38798,"equal size (38798 bytes) — new uses preferred "" - "" format",
KEEP,11814,LA - Hunters For The Hungry,la-hunters-for-the-hungry-v1,la-hunters-for-the-hungry.png,40813,"equal size (40813 bytes) — new uses preferred "" - "" format",la-hunters-for-the-hungry
DEACTIVATE,3696,LA-Hunters for the hungry,la-hunters-for-the-hungry,la-hunters-for-the-hungry.jpg,40813,"equal size (40813 bytes) — new uses preferred "" - "" format",
KEEP,11909,LA - IN God We Trust,la-in-god-we-trust-v1,la-in-god-we-trust.png,20257,"equal size (20257 bytes) — new uses preferred "" - "" format",la-in-god-we-trust
DEACTIVATE,3699,LA-In God We Trust,la-in-god-we-trust,la-in-god-we-trust.jpg,20257,"equal size (20257 bytes) — new uses preferred "" - "" format",
KEEP,11976,LA - Iraq Campaign Veteran,la-iraq-campaign-veteran-v1,la-iraq-campaign-veteran.png,9094,"equal size (9094 bytes) — new uses preferred "" - "" format",la-iraq-campaign-veteran
DEACTIVATE,3564,LA-Iraq Campaign Veteran,la-iraq-campaign-veteran,la-iraq-campaign-veteran.jpg,9094,"equal size (9094 bytes) — new uses preferred "" - "" format",
KEEP,11845,LA - Jc Christian,la-jc-christian-v1,la-jc-christian.png,20280,"equal size (20280 bytes) — new uses preferred "" - "" format",la-jc-christian
DEACTIVATE,3754,LA-JC Christian,la-jc-christian,la-jc-christian.jpg,20280,"equal size (20280 bytes) — new uses preferred "" - "" format",
KEEP,11846,LA - Jesuit High School,la-jesuit-high-school-v1,la-jesuit-high-school.png,53394,"equal size (53394 bytes) — new uses preferred "" - "" format",la-jesuit-high-school
DEACTIVATE,3755,LA-Jesuit High School,la-jesuit-high-school,la-jesuit-high-school.jpg,53394,"equal size (53394 bytes) — new uses preferred "" - "" format",
KEEP,11912,LA - K9S4Cops,la-k9s4cops-v1,la-k9s4cops.png,44158,new image larger (44158 vs 38559 bytes),la-k9s4cops
DEACTIVATE,3648,LA-K9s4COPS,la-k9s4cops,la-k9s4cops.jpg,38559,new image larger (44158 vs 38559 bytes),
KEEP,11791,LA - Kappa Alpha Psi,la-kappa-alpha-psi-v1,la-kappa-alpha-psi.png,16845,"equal size (16845 bytes) — new uses preferred "" - "" format",la-kappa-alpha-psi
DEACTIVATE,3769,LA-Kappa Alpha Psi,la-kappa-alpha-psi,la-kappa-alpha-psi.jpg,16845,"equal size (16845 bytes) — new uses preferred "" - "" format",
KEEP,11792,LA - Knights Ladies Of Peter Clave,la-knights-ladies-of-peter-clave-v1,la-knights-ladies-of-peter-clave.png,11683,"equal size (11683 bytes) — new uses preferred "" - "" format",la-knights-ladies-of-peter-clave
DEACTIVATE,3649,LA-Knights Ladies of Peter Clave,la-knights-ladies-of-peter-clave,la-knights-ladies-of-peter-clave.jpg,11683,"equal size (11683 bytes) — new uses preferred "" - "" format",
KEEP,11793,LA - Knights Of Columbus,la-knights-of-columbus-v1,la-knights-of-columbus.png,13651,"equal size (13651 bytes) — new uses preferred "" - "" format",la-knights-of-columbus
DEACTIVATE,3650,LA-Knights of Columbus,la-knights-of-columbus,la-knights-of-columbus.jpg,13651,"equal size (13651 bytes) — new uses preferred "" - "" format",
KEEP,11977,LA - Korean Veteran Service,la-korean-veteran-service-v1,la-korean-veteran-service.png,13266,"equal size (13266 bytes) — new uses preferred "" - "" format",la-korean-veteran-service
DEACTIVATE,3588,LA-Korean Veteran Service,la-korean-veteran-service,la-korean-veteran-service.jpg,13266,"equal size (13266 bytes) — new uses preferred "" - "" format",
KEEP,11978,LA - Korean War Air Force,la-korean-war-air-force-v1,la-korean-war-air-force.png,11873,"equal size (11873 bytes) — new uses preferred "" - "" format",la-korean-war-air-force
DEACTIVATE,3589,LA-Korean War Air Force,la-korean-war-air-force,la-korean-war-air-force.jpg,11873,"equal size (11873 bytes) — new uses preferred "" - "" format",
KEEP,11979,LA - Korean War Army,la-korean-war-army-v1,la-korean-war-army.png,12041,"equal size (12041 bytes) — new uses preferred "" - "" format",la-korean-war-army
DEACTIVATE,3590,LA-Korean War Army,la-korean-war-army,la-korean-war-army.jpg,12041,"equal size (12041 bytes) — new uses preferred "" - "" format",
KEEP,11980,LA - Korean War Coast Guard,la-korean-war-coast-guard-v1,la-korean-war-coast-guard.png,12256,"equal size (12256 bytes) — new uses preferred "" - "" format",la-korean-war-coast-guard
DEACTIVATE,3591,LA-Korean War Coast Guard,la-korean-war-coast-guard,la-korean-war-coast-guard.jpg,12256,"equal size (12256 bytes) — new uses preferred "" - "" format",
KEEP,11981,LA - Korean War Marine Corps,la-korean-war-marine-corps-v1,la-korean-war-marine-corps.png,11808,"equal size (11808 bytes) — new uses preferred "" - "" format",la-korean-war-marine-corps
DEACTIVATE,3592,LA-Korean War Marine Corps,la-korean-war-marine-corps,la-korean-war-marine-corps.jpg,11808,"equal size (11808 bytes) — new uses preferred "" - "" format",
KEEP,11982,LA - Korean War Navy,la-korean-war-navy-v1,la-korean-war-navy.png,12556,"equal size (12556 bytes) — new uses preferred "" - "" format",la-korean-war-navy
DEACTIVATE,3593,LA-Korean War Navy,la-korean-war-navy,la-korean-war-navy.jpg,12556,"equal size (12556 bytes) — new uses preferred "" - "" format",
KEEP,11794,LA - Krewe Of Nyx,la-krewe-of-nyx-v1,la-krewe-of-nyx.png,43738,new image larger (43738 vs 38139 bytes),la-krewe-of-nyx
DEACTIVATE,3700,LA-Krewe of Nyx,la-krewe-of-nyx,la-krewe-of-nyx.jpg,38139,new image larger (43738 vs 38139 bytes),
KEEP,11983,LA - Laos War Veteran,la-laos-war-veteran-v1,la-laos-war-veteran.png,11625,"equal size (11625 bytes) — new uses preferred "" - "" format",la-laos-war-veteran
DEACTIVATE,3565,LA-Laos War Veteran,la-laos-war-veteran,la-laos-war-veteran.jpg,11625,"equal size (11625 bytes) — new uses preferred "" - "" format",
KEEP,11914,LA - Life Center Full Gospel,la-life-center-full-gospel-v1,la-life-center-full-gospel.png,18711,"equal size (18711 bytes) — new uses preferred "" - "" format",la-life-center-full-gospel
DEACTIVATE,3703,LA-Life Center Full Gospel,la-life-center-full-gospel,la-life-center-full-gospel.jpg,18711,"equal size (18711 bytes) — new uses preferred "" - "" format",
KEEP,11795,LA - Lions International,la-lions-international-v1,la-lions-international.png,12719,"equal size (12719 bytes) — new uses preferred "" - "" format",la-lions-international
DEACTIVATE,3704,LA-Lions International,la-lions-international,la-lions-international.jpg,12719,"equal size (12719 bytes) — new uses preferred "" - "" format",
KEEP,11915,LA - Louisiana Aids Advocacy,la-louisiana-aids-advocacy-v1,la-louisiana-aids-advocacy.png,43739,"equal size (43739 bytes) — new uses preferred "" - "" format",la-louisiana-aids-advocacy
DEACTIVATE,3653,LA-Louisiana AIDS Advocacy,la-louisiana-aids-advocacy,la-louisiana-aids-advocacy.jpg,43739,"equal size (43739 bytes) — new uses preferred "" - "" format",
KEEP,11847,LA - Louisiana Christian University,la-louisiana-christian-university-v1,la-louisiana-christian-university.png,29275,"equal size (29275 bytes) — new uses preferred "" - "" format",la-louisiana-christian-university
DEACTIVATE,3611,LA-Louisiana Christian University,la-louisiana-christian-university,la-louisiana-christian-university.jpg,29275,"equal size (29275 bytes) — new uses preferred "" - "" format",
KEEP,11916,LA - Louisiana Seafood,la-louisiana-seafood-v1,la-louisiana-seafood.png,37666,"equal size (37666 bytes) — new uses preferred "" - "" format",la-louisiana-seafood
DEACTIVATE,3714,LA-Louisiana Seafood,la-louisiana-seafood,la-louisiana-seafood.jpg,37666,"equal size (37666 bytes) — new uses preferred "" - "" format",
KEEP,11848,LA - Louisiana Tech University,la-louisiana-tech-university-v1,la-louisiana-tech-university.png,41072,"equal size (41072 bytes) — new uses preferred "" - "" format",la-louisiana-tech-university
DEACTIVATE,3612,LA-Louisiana Tech University,la-louisiana-tech-university,la-louisiana-tech-university.jpg,41072,"equal size (41072 bytes) — new uses preferred "" - "" format",
KEEP,11849,LA - Loyola University,la-loyola-university-v1,la-loyola-university.png,40284,"equal size (40284 bytes) — new uses preferred "" - "" format",la-loyola-university
DEACTIVATE,3613,LA-Loyola University,la-loyola-university,la-loyola-university.jpg,40284,"equal size (40284 bytes) — new uses preferred "" - "" format",
KEEP,11854,LA - Lsu,la-lsu-v1,la-lsu.png,20782,"equal size (20782 bytes) — new uses preferred "" - "" format",la-lsu
DEACTIVATE,3614,LA-LSU,la-lsu,la-lsu.jpg,20782,"equal size (20782 bytes) — new uses preferred "" - "" format",
KEEP,11850,LA - Lsu Alexandria,la-lsu-alexandria-v1,la-lsu-alexandria.png,22099,"equal size (22099 bytes) — new uses preferred "" - "" format",la-lsu-alexandria
DEACTIVATE,3615,LA-LSU-Alexandria,la-lsu-alexandria,la-lsu-alexandria.jpg,22099,"equal size (22099 bytes) — new uses preferred "" - "" format",
KEEP,11851,LA - Lsu Eunice,la-lsu-eunice-v1,la-lsu-eunice.png,10642,"equal size (10642 bytes) — new uses preferred "" - "" format",la-lsu-eunice
DEACTIVATE,3616,LA-LSU-Eunice,la-lsu-eunice,la-lsu-eunice.jpg,10642,"equal size (10642 bytes) — new uses preferred "" - "" format",
KEEP,11938,LA - Lsu National Champs 2019,la-lsu-national-champs-2019-v1,la-lsu-national-champs-2019.png,21900,"equal size (21900 bytes) — new uses preferred "" - "" format",la-lsu-national-champs-2019
DEACTIVATE,3716,LA-LSU National Champs 2019,la-lsu-national-champs-2019,la-lsu-national-champs-2019.jpg,21900,"equal size (21900 bytes) — new uses preferred "" - "" format",
KEEP,11852,LA - Lsu School Of Dentistry,la-lsu-school-of-dentistry-v1,la-lsu-school-of-dentistry.png,21257,"equal size (21257 bytes) — new uses preferred "" - "" format",la-lsu-school-of-dentistry
DEACTIVATE,3618,LA-LSU School of Dentistry,la-lsu-school-of-dentistry,la-lsu-school-of-dentistry.jpg,21257,"equal size (21257 bytes) — new uses preferred "" - "" format",
KEEP,11853,LA - Lsu Shreveport,la-lsu-shreveport-v1,la-lsu-shreveport.png,21576,"equal size (21576 bytes) — new uses preferred "" - "" format",la-lsu-shreveport
DEACTIVATE,3617,LA-LSU-Shreveport,la-lsu-shreveport,la-lsu-shreveport.jpg,21576,"equal size (21576 bytes) — new uses preferred "" - "" format",
KEEP,11917,LA - Lung Cancer,la-lung-cancer-v1,la-lung-cancer.png,42092,"equal size (42092 bytes) — new uses preferred "" - "" format",la-lung-cancer
DEACTIVATE,3717,LA-Lung Cancer,la-lung-cancer,la-lung-cancer.jpg,42092,"equal size (42092 bytes) — new uses preferred "" - "" format",
KEEP,11985,LA - Marine Corps,la-marine-corps-v1,la-marine-corps.png,9924,"equal size (9924 bytes) — new uses preferred "" - "" format",la-marine-corps
DEACTIVATE,3566,LA-Marine Corps,la-marine-corps,la-marine-corps.jpg,9924,"equal size (9924 bytes) — new uses preferred "" - "" format",
KEEP,11984,LA - Marine Corps League,la-marine-corps-league-v1,la-marine-corps-league.png,38176,"equal size (38176 bytes) — new uses preferred "" - "" format",la-marine-corps-league
DEACTIVATE,3656,LA-Marine Corps League,la-marine-corps-league,la-marine-corps-league.jpg,38176,"equal size (38176 bytes) — new uses preferred "" - "" format",
KEEP,11918,LA - Math Science Arts,la-math-science-arts-v1,la-math-science-arts.png,21947,"equal size (21947 bytes) — new uses preferred "" - "" format",la-math-science-arts
DEACTIVATE,3756,LA-Math Science Arts,la-math-science-arts,la-math-science-arts.jpg,21947,"equal size (21947 bytes) — new uses preferred "" - "" format",
KEEP,11855,LA - Mcdonogh High School,la-mcdonogh-high-school-v1,la-mcdonogh-high-school.png,20397,"equal size (20397 bytes) — new uses preferred "" - "" format",la-mcdonogh-high-school
DEACTIVATE,3757,LA-McDonogh High School,la-mcdonogh-high-school,la-mcdonogh-high-school.jpg,20397,"equal size (20397 bytes) — new uses preferred "" - "" format",
KEEP,11856,LA - Mckinley Senior High School,la-mckinley-senior-high-school-v1,la-mckinley-senior-high-school.png,52553,"equal size (52553 bytes) — new uses preferred "" - "" format",la-mckinley-senior-high-school
DEACTIVATE,3758,LA-McKinley Senior High School,la-mckinley-senior-high-school,la-mckinley-senior-high-school.jpg,52553,"equal size (52553 bytes) — new uses preferred "" - "" format",
KEEP,11857,LA - Mcneese State University,la-mcneese-state-university-v1,la-mcneese-state-university.png,24808,"equal size (24808 bytes) — new uses preferred "" - "" format",la-mcneese-state-university
DEACTIVATE,3619,LA-Mcneese State University,la-mcneese-state-university,la-mcneese-state-university.jpg,24808,"equal size (24808 bytes) — new uses preferred "" - "" format",
KEEP,11986,LA - Merchant Marine Kings Point,la-merchant-marine-kings-point-v1,la-merchant-marine-kings-point.png,48290,new image larger (48290 vs 42691 bytes),la-merchant-marine-kings-point
DEACTIVATE,3657,LA-Merchant Marine Kings Point,la-merchant-marine-kings-point,la-merchant-marine-kings-point.jpg,42691,new image larger (48290 vs 42691 bytes),
KEEP,11987,LA - Merchant Marine Veteran,la-merchant-marine-veteran-v1,la-merchant-marine-veteran.png,35001,"equal size (35001 bytes) — new uses preferred "" - "" format",la-merchant-marine-veteran
DEACTIVATE,3567,LA-Merchant Marine Veteran,la-merchant-marine-veteran,la-merchant-marine-veteran.jpg,35001,"equal size (35001 bytes) — new uses preferred "" - "" format",
KEEP,11988,LA - Military Honors,la-military-honors-v1,la-military-honors.png,44357,"equal size (44357 bytes) — new uses preferred "" - "" format",la-military-honors
DEACTIVATE,3568,LA-Military Honors,la-military-honors,la-military-honors.jpg,44357,"equal size (44357 bytes) — new uses preferred "" - "" format",
KEEP,11920,LA - Motorcycle Awareness,la-motorcycle-awareness-v1,la-motorcycle-awareness.png,21708,"equal size (21708 bytes) — new uses preferred "" - "" format",la-motorcycle-awareness
DEACTIVATE,3718,LA-Motorcycle Awareness,la-motorcycle-awareness,la-motorcycle-awareness.jpg,21708,"equal size (21708 bytes) — new uses preferred "" - "" format",
KEEP,11989,LA - National Guard,la-national-guard-v1,la-national-guard.png,22872,"equal size (22872 bytes) — new uses preferred "" - "" format",la-national-guard
DEACTIVATE,3569,LA-National Guard,la-national-guard,la-national-guard.jpg,22872,"equal size (22872 bytes) — new uses preferred "" - "" format",
KEEP,11921,LA - National Rifle Association,la-national-rifle-association-v1,la-national-rifle-association.png,43003,"equal size (43003 bytes) — new uses preferred "" - "" format",la-national-rifle-association
DEACTIVATE,3658,LA-National Rifle Association,la-national-rifle-association,la-national-rifle-association.jpg,43003,"equal size (43003 bytes) — new uses preferred "" - "" format",
KEEP,11990,LA - Navy,la-navy-v1,la-navy.png,36538,"equal size (36538 bytes) — new uses preferred "" - "" format",la-navy
DEACTIVATE,3570,LA-Navy,la-navy,la-navy.jpg,36538,"equal size (36538 bytes) — new uses preferred "" - "" format",
KEEP,11941,LA - New Orleans Saints,la-new-orleans-saints-v1,la-new-orleans-saints.png,14750,"equal size (14750 bytes) — new uses preferred "" - "" format",la-new-orleans-saints
DEACTIVATE,3719,LA-New Orleans Saints,la-new-orleans-saints,la-new-orleans-saints.jpg,14750,"equal size (14750 bytes) — new uses preferred "" - "" format",
KEEP,11861,LA - Northwestern State University,la-northwestern-state-university-v1,la-northwestern-state-university.png,19398,"equal size (19398 bytes) — new uses preferred "" - "" format",la-northwestern-state-university
DEACTIVATE,3622,LA-Northwestern State University,la-northwestern-state-university,la-northwestern-state-university.jpg,19398,"equal size (19398 bytes) — new uses preferred "" - "" format",
KEEP,11862,LA - Northwood High School,la-northwood-high-school-v1,la-northwood-high-school.png,33636,"equal size (33636 bytes) — new uses preferred "" - "" format",la-northwood-high-school
DEACTIVATE,3759,LA-Northwood High School,la-northwood-high-school,la-northwood-high-school.jpg,33636,"equal size (33636 bytes) — new uses preferred "" - "" format",
KEEP,11797,LA - Omega Psi Phi,la-omega-psi-phi-v1,la-omega-psi-phi.png,17824,"equal size (17824 bytes) — new uses preferred "" - "" format",la-omega-psi-phi
DEACTIVATE,3770,LA-Omega Psi Phi,la-omega-psi-phi,la-omega-psi-phi.jpg,17824,"equal size (17824 bytes) — new uses preferred "" - "" format",
KEEP,11991,LA - Pearl Harbor Survivor,la-pearl-harbor-survivor-v1,la-pearl-harbor-survivor.png,13263,"equal size (13263 bytes) — new uses preferred "" - "" format",la-pearl-harbor-survivor
DEACTIVATE,3571,LA-Pearl Harbor Survivor,la-pearl-harbor-survivor,la-pearl-harbor-survivor.jpg,13263,"equal size (13263 bytes) — new uses preferred "" - "" format",
KEEP,11798,LA - Phi Beta Sigma,la-phi-beta-sigma-v1,la-phi-beta-sigma.png,22997,"equal size (22997 bytes) — new uses preferred "" - "" format",la-phi-beta-sigma
DEACTIVATE,3771,LA-Phi Beta Sigma,la-phi-beta-sigma,la-phi-beta-sigma.jpg,22997,"equal size (22997 bytes) — new uses preferred "" - "" format",
KEEP,11799,LA - Private Shriner,la-private-shriner-v1,la-private-shriner.png,18467,"equal size (18467 bytes) — new uses preferred "" - "" format",la-private-shriner
DEACTIVATE,3661,LA-Private Shriner,la-private-shriner,la-private-shriner.jpg,18467,"equal size (18467 bytes) — new uses preferred "" - "" format",
KEEP,11779,LA - Professional Firefighters,la-professional-firefighters-v1,la-professional-firefighters.png,13047,"equal size (13047 bytes) — new uses preferred "" - "" format",la-professional-firefighters
DEACTIVATE,3662,LA-Professional Firefighters,la-professional-firefighters,la-professional-firefighters.jpg,13047,"equal size (13047 bytes) — new uses preferred "" - "" format",
KEEP,11780,LA - Professional Geoscientist,la-professional-geoscientist-v1,la-professional-geoscientist.png,34376,"equal size (34376 bytes) — new uses preferred "" - "" format",la-professional-geoscientist
DEACTIVATE,3720,LA-Professional Geoscientist,la-professional-geoscientist,la-professional-geoscientist.jpg,34376,"equal size (34376 bytes) — new uses preferred "" - "" format",
KEEP,11816,LA - Protect Our Forest,la-protect-our-forest-v1,la-protect-our-forest.png,37524,"equal size (37524 bytes) — new uses preferred "" - "" format",la-protect-our-forest
DEACTIVATE,3721,LA-Protect Our Forest,la-protect-our-forest,la-protect-our-forest.jpg,37524,"equal size (37524 bytes) — new uses preferred "" - "" format",
KEEP,11817,LA - Protect Wild Dolphins,la-protect-wild-dolphins-v1,la-protect-wild-dolphins.png,12087,"equal size (12087 bytes) — new uses preferred "" - "" format",la-protect-wild-dolphins
DEACTIVATE,3722,LA-Protect Wild Dolphins,la-protect-wild-dolphins,la-protect-wild-dolphins.jpg,12087,"equal size (12087 bytes) — new uses preferred "" - "" format",
KEEP,11992,LA - Purple Heart,la-purple-heart-v1,la-purple-heart.png,9832,"equal size (9832 bytes) — new uses preferred "" - "" format",la-purple-heart
DEACTIVATE,3572,LA-Purple Heart,la-purple-heart,la-purple-heart.jpg,9832,"equal size (9832 bytes) — new uses preferred "" - "" format",
KEEP,11818,LA - Quail Forever,la-quail-forever-v1,la-quail-forever.png,14521,"equal size (14521 bytes) — new uses preferred "" - "" format",la-quail-forever
DEACTIVATE,3723,LA-Quail Forever,la-quail-forever,la-quail-forever.jpg,14521,"equal size (14521 bytes) — new uses preferred "" - "" format",
KEEP,11993,LA - Reserve Forces,la-reserve-forces-v1,la-reserve-forces.png,38471,"equal size (38471 bytes) — new uses preferred "" - "" format",la-reserve-forces
DEACTIVATE,3573,LA-Reserve Forces,la-reserve-forces,la-reserve-forces.jpg,38471,"equal size (38471 bytes) — new uses preferred "" - "" format",
KEEP,11994,LA - Retired Air Force,la-retired-air-force-v1,la-retired-air-force.png,37300,"equal size (37300 bytes) — new uses preferred "" - "" format",la-retired-air-force
DEACTIVATE,3582,LA-Retired Air Force,la-retired-air-force,la-retired-air-force.jpg,37300,"equal size (37300 bytes) — new uses preferred "" - "" format",
KEEP,11995,LA - Retired Army,la-retired-army-v1,la-retired-army.png,40502,"equal size (40502 bytes) — new uses preferred "" - "" format",la-retired-army
DEACTIVATE,3583,LA-Retired Army,la-retired-army,la-retired-army.jpg,40502,"equal size (40502 bytes) — new uses preferred "" - "" format",
KEEP,11996,LA - Retired Coast Guard,la-retired-coast-guard-v1,la-retired-coast-guard.png,38709,"equal size (38709 bytes) — new uses preferred "" - "" format",la-retired-coast-guard
DEACTIVATE,3584,LA-Retired Coast Guard,la-retired-coast-guard,la-retired-coast-guard.jpg,38709,"equal size (38709 bytes) — new uses preferred "" - "" format",
KEEP,11781,LA - Retired Firefighters,la-retired-firefighters-v1,la-retired-firefighters.png,18140,"equal size (18140 bytes) — new uses preferred "" - "" format",la-retired-firefighters
DEACTIVATE,3663,LA-Retired Firefighters,la-retired-firefighters,la-retired-firefighters.jpg,18140,"equal size (18140 bytes) — new uses preferred "" - "" format",
KEEP,11782,LA - Retired Law Officer,la-retired-law-officer-v1,la-retired-law-officer.png,13246,"equal size (13246 bytes) — new uses preferred "" - "" format",la-retired-law-officer
DEACTIVATE,3664,LA-Retired Law Officer,la-retired-law-officer,la-retired-law-officer.jpg,13246,"equal size (13246 bytes) — new uses preferred "" - "" format",
KEEP,11997,LA - Retired Marine Corps,la-retired-marine-corps-v1,la-retired-marine-corps.png,13460,"equal size (13460 bytes) — new uses preferred "" - "" format",la-retired-marine-corps
DEACTIVATE,3585,LA-Retired Marine Corps,la-retired-marine-corps,la-retired-marine-corps.jpg,13460,"equal size (13460 bytes) — new uses preferred "" - "" format",
KEEP,11998,LA - Retired Navy,la-retired-navy-v1,la-retired-navy.png,40445,"equal size (40445 bytes) — new uses preferred "" - "" format",la-retired-navy
DEACTIVATE,3586,LA-Retired Navy,la-retired-navy,la-retired-navy.jpg,40445,"equal size (40445 bytes) — new uses preferred "" - "" format",
KEEP,11999,LA - Retired Reserve Force,la-retired-reserve-force-v1,la-retired-reserve-force.png,41370,"equal size (41370 bytes) — new uses preferred "" - "" format",la-retired-reserve-force
DEACTIVATE,3587,LA-Retired Reserve Force,la-retired-reserve-force,la-retired-reserve-force.jpg,41370,"equal size (41370 bytes) — new uses preferred "" - "" format",
KEEP,11819,LA - Sabine Pass Lighthouse,la-sabine-pass-lighthouse-v1,la-sabine-pass-lighthouse.png,41503,"equal size (41503 bytes) — new uses preferred "" - "" format",la-sabine-pass-lighthouse
DEACTIVATE,3724,LA-Sabine Pass Lighthouse,la-sabine-pass-lighthouse,la-sabine-pass-lighthouse.jpg,41503,"equal size (41503 bytes) — new uses preferred "" - "" format",
KEEP,11928,LA - Seniors Our Heritage,la-seniors-our-heritage-v1,la-seniors-our-heritage.png,15202,"equal size (15202 bytes) — new uses preferred "" - "" format",la-seniors-our-heritage
DEACTIVATE,3725,LA-Seniors Our Heritage,la-seniors-our-heritage,la-seniors-our-heritage.jpg,15202,"equal size (15202 bytes) — new uses preferred "" - "" format",
KEEP,11929,LA - Seymore Dfair,la-seymore-dfair-v1,la-seymore-dfair.png,44132,"equal size (44132 bytes) — new uses preferred "" - "" format",la-seymore-dfair
DEACTIVATE,3726,LA-Seymore DFair,la-seymore-dfair,la-seymore-dfair.jpg,44132,"equal size (44132 bytes) — new uses preferred "" - "" format",
KEEP,11942,LA - Share The Road,la-share-the-road-v1,la-share-the-road.png,12625,"equal size (12625 bytes) — new uses preferred "" - "" format",la-share-the-road
DEACTIVATE,3727,LA-Share The Road,la-share-the-road,la-share-the-road.jpg,12625,"equal size (12625 bytes) — new uses preferred "" - "" format",
KEEP,11801,LA - Shriner,la-shriner-v1,la-shriner.png,7642,"equal size (7642 bytes) — new uses preferred "" - "" format",la-shriner
DEACTIVATE,3665,LA-Shriner,la-shriner,la-shriner.jpg,7642,"equal size (7642 bytes) — new uses preferred "" - "" format",
KEEP,11930,LA - Sons Of Confederate Veterans,la-sons-of-confederate-veterans-v1,la-sons-of-confederate-veterans.png,25585,"equal size (25585 bytes) — new uses preferred "" - "" format",la-sons-of-confederate-veterans
DEACTIVATE,3728,LA-Sons of Confederate Veterans,la-sons-of-confederate-veterans,la-sons-of-confederate-veterans.jpg,25585,"equal size (25585 bytes) — new uses preferred "" - "" format",
KEEP,11871,LA - St Augustine High School,la-st-augustine-high-school-v1,la-st-augustine-high-school.png,16026,"equal size (16026 bytes) — new uses preferred "" - "" format",la-st-augustine-high-school
DEACTIVATE,3760,LA-St. Augustine High School,la-st-augustine-high-school,la-st-augustine-high-school.jpg,16026,"equal size (16026 bytes) — new uses preferred "" - "" format",
KEEP,11931,LA - St Jude Hospital,la-st-jude-hospital-v1,la-st-jude-hospital.png,9835,"equal size (9835 bytes) — new uses preferred "" - "" format",la-st-jude-hospital
DEACTIVATE,3729,LA-St. Jude Hospital,la-st-jude-hospital,la-st-jude-hospital.jpg,9835,"equal size (9835 bytes) — new uses preferred "" - "" format",
KEEP,11872,LA - St Vincent DE Paul,la-st-vincent-de-paul-v1,la-st-vincent-de-paul.png,49009,new image larger (49009 vs 43410 bytes),la-st-vincent-de-paul
DEACTIVATE,3730,LA-St. Vincent de Paul,la-st-vincent-de-paul,la-st-vincent-de-paul.jpg,43410,new image larger (49009 vs 43410 bytes),
KEEP,11949,LA - Street Cruiser,la-street-cruiser-v1,la-street-cruiser.png,12584,"equal size (12584 bytes) — new uses preferred "" - "" format",la-street-cruiser
DEACTIVATE,3666,LA-Street Cruiser,la-street-cruiser,la-street-cruiser.jpg,12584,"equal size (12584 bytes) — new uses preferred "" - "" format",
KEEP,11950,LA - Street Rod,la-street-rod-v1,la-street-rod.png,12117,"equal size (12117 bytes) — new uses preferred "" - "" format",la-street-rod
DEACTIVATE,3667,LA-Street Rod,la-street-rod,la-street-rod.jpg,12117,"equal size (12117 bytes) — new uses preferred "" - "" format",
KEEP,11932,LA - Support Our Troops,la-support-our-troops-v1,la-support-our-troops.png,29397,new image larger (29397 vs 23798 bytes),la-support-our-troops
DEACTIVATE,3731,LA-Support Our Troops,la-support-our-troops,la-support-our-troops.jpg,23798,new image larger (29397 vs 23798 bytes),
KEEP,11933,LA - Support Our Veterans,la-support-our-veterans-v1,la-support-our-veterans.png,9973,"equal size (9973 bytes) — new uses preferred "" - "" format",la-support-our-veterans
DEACTIVATE,3732,LA-Support Our Veterans,la-support-our-veterans,la-support-our-veterans.jpg,9973,"equal size (9973 bytes) — new uses preferred "" - "" format",
KEEP,11820,LA - Tchefuncte Lighthouse,la-tchefuncte-lighthouse-v1,la-tchefuncte-lighthouse.png,38173,"equal size (38173 bytes) — new uses preferred "" - "" format",la-tchefuncte-lighthouse
DEACTIVATE,3733,LA-Tchefuncte Lighthouse,la-tchefuncte-lighthouse,la-tchefuncte-lighthouse.jpg,38173,"equal size (38173 bytes) — new uses preferred "" - "" format",
KEEP,11804,LA - Town Of Ball,la-town-of-ball-v1,la-town-of-ball.png,19112,"equal size (19112 bytes) — new uses preferred "" - "" format",la-town-of-ball
DEACTIVATE,3734,LA-Town of Ball,la-town-of-ball,la-town-of-ball.jpg,19112,"equal size (19112 bytes) — new uses preferred "" - "" format",
KEEP,11873,LA - Tulane University,la-tulane-university-v1,la-tulane-university.png,24943,"equal size (24943 bytes) — new uses preferred "" - "" format",la-tulane-university
DEACTIVATE,3630,LA-Tulane University,la-tulane-university,la-tulane-university.jpg,24943,"equal size (24943 bytes) — new uses preferred "" - "" format",
KEEP,11874,LA - University High School,la-university-high-school-v1,la-university-high-school.png,42099,"equal size (42099 bytes) — new uses preferred "" - "" format",la-university-high-school
DEACTIVATE,3761,LA-University High School,la-university-high-school,la-university-high-school.jpg,42099,"equal size (42099 bytes) — new uses preferred "" - "" format",
KEEP,11878,LA - University Of New Orleans,la-university-of-new-orleans-v1,la-university-of-new-orleans.png,31688,new image larger (31688 vs 26089 bytes),la-university-of-new-orleans
DEACTIVATE,3633,LA-University of New Orleans,la-university-of-new-orleans,la-university-of-new-orleans.jpg,26089,new image larger (31688 vs 26089 bytes),
KEEP,11934,LA - Unlocking Autism,la-unlocking-autism-v1,la-unlocking-autism.png,36423,"equal size (36423 bytes) — new uses preferred "" - "" format",la-unlocking-autism
DEACTIVATE,3735,LA-Unlocking Autism,la-unlocking-autism,la-unlocking-autism.jpg,36423,"equal size (36423 bytes) — new uses preferred "" - "" format",
KEEP,11879,LA - Ursuline Academy,la-ursuline-academy-v1,la-ursuline-academy.png,37938,"equal size (37938 bytes) — new uses preferred "" - "" format",la-ursuline-academy
DEACTIVATE,3762,LA-Ursuline Academy,la-ursuline-academy,la-ursuline-academy.jpg,37938,"equal size (37938 bytes) — new uses preferred "" - "" format",
KEEP,12000,LA - Vietnam Air Force,la-vietnam-air-force-v1,la-vietnam-air-force.png,25092,"equal size (25092 bytes) — new uses preferred "" - "" format",la-vietnam-air-force
DEACTIVATE,3599,LA-Vietnam Air Force,la-vietnam-air-force,la-vietnam-air-force.jpg,25092,"equal size (25092 bytes) — new uses preferred "" - "" format",
KEEP,12001,LA - Vietnam Army,la-vietnam-army-v1,la-vietnam-army.png,24976,"equal size (24976 bytes) — new uses preferred "" - "" format",la-vietnam-army
DEACTIVATE,3600,LA-Vietnam Army,la-vietnam-army,la-vietnam-army.jpg,24976,"equal size (24976 bytes) — new uses preferred "" - "" format",
KEEP,12002,LA - Vietnam Coast Guard,la-vietnam-coast-guard-v1,la-vietnam-coast-guard.png,25629,"equal size (25629 bytes) — new uses preferred "" - "" format",la-vietnam-coast-guard
DEACTIVATE,3601,LA-Vietnam Coast Guard,la-vietnam-coast-guard,la-vietnam-coast-guard.jpg,25629,"equal size (25629 bytes) — new uses preferred "" - "" format",
KEEP,12003,LA - Vietnam Marine Corps,la-vietnam-marine-corps-v1,la-vietnam-marine-corps.png,39800,"equal size (39800 bytes) — new uses preferred "" - "" format",la-vietnam-marine-corps
DEACTIVATE,3602,LA-Vietnam Marine Corps,la-vietnam-marine-corps,la-vietnam-marine-corps.jpg,39800,"equal size (39800 bytes) — new uses preferred "" - "" format",
KEEP,12004,LA - Vietnam Navy,la-vietnam-navy-v1,la-vietnam-navy.png,23625,"equal size (23625 bytes) — new uses preferred "" - "" format",la-vietnam-navy
DEACTIVATE,3603,LA-Vietnam Navy,la-vietnam-navy,la-vietnam-navy.jpg,23625,"equal size (23625 bytes) — new uses preferred "" - "" format",
KEEP,11784,LA - Volunteer Firefighters,la-volunteer-firefighters-v1,la-volunteer-firefighters.png,12383,"equal size (12383 bytes) — new uses preferred "" - "" format",la-volunteer-firefighters
DEACTIVATE,3736,LA-Volunteer Firefighters,la-volunteer-firefighters,la-volunteer-firefighters.jpg,12383,"equal size (12383 bytes) — new uses preferred "" - "" format",
KEEP,11880,LA - W Monroe Hs,la-w-monroe-hs-v1,la-w-monroe-hs.png,21879,"equal size (21879 bytes) — new uses preferred "" - "" format",la-w-monroe-hs
DEACTIVATE,3763,LA-W Monroe HS,la-w-monroe-hs,la-w-monroe-hs.jpg,21879,"equal size (21879 bytes) — new uses preferred "" - "" format",
KEEP,12005,LA - Washington Artillery,la-washington-artillery-v1,la-washington-artillery.png,39507,"equal size (39507 bytes) — new uses preferred "" - "" format",la-washington-artillery
DEACTIVATE,3737,LA-Washington Artillery,la-washington-artillery,la-washington-artillery.jpg,39507,"equal size (39507 bytes) — new uses preferred "" - "" format",
KEEP,11881,LA - West Feliciana High School,la-west-feliciana-high-school-v1,la-west-feliciana-high-school.png,44796,new image larger (44796 vs 39205 bytes),la-west-feliciana-high-school
DEACTIVATE,3764,LA-West Feliciana High School,la-west-feliciana-high-school,la-west-feliciana-high-school.jpg,39205,new image larger (44796 vs 39205 bytes),
KEEP,11882,LA - West Point,la-west-point-v1,la-west-point.png,62294,"equal size (62294 bytes) — new uses preferred "" - "" format",la-west-point
DEACTIVATE,3580,LA-West Point,la-west-point,la-west-point.jpg,62294,"equal size (62294 bytes) — new uses preferred "" - "" format",
KEEP,11821,LA - White Tail Deer,la-white-tail-deer-v1,la-white-tail-deer.png,16628,"equal size (16628 bytes) — new uses preferred "" - "" format",la-white-tail-deer
DEACTIVATE,3738,LA-White Tail Deer,la-white-tail-deer,la-white-tail-deer.jpg,16628,"equal size (16628 bytes) — new uses preferred "" - "" format",
KEEP,11822,LA - Wild Turkey Federation,la-wild-turkey-federation-v1,la-wild-turkey-federation.png,23621,"equal size (23621 bytes) — new uses preferred "" - "" format",la-wild-turkey-federation
DEACTIVATE,3739,LA-Wild Turkey Federation,la-wild-turkey-federation,la-wild-turkey-federation.jpg,23621,"equal size (23621 bytes) — new uses preferred "" - "" format",
KEEP,12006,LA - World War Ii Veteran,la-world-war-ii-veteran-v1,la-world-war-ii-veteran.png,22882,"equal size (22882 bytes) — new uses preferred "" - "" format",la-world-war-ii-veteran
DEACTIVATE,3581,LA-World War II Veteran,la-world-war-ii-veteran,la-world-war-ii-veteran.jpg,22882,"equal size (22882 bytes) — new uses preferred "" - "" format",
KEEP,11935,LA - Wwoz Guardians Of The Groove,la-wwoz-guardians-of-the-groove-v1,la-wwoz-guardians-of-the-groove.png,10494,"equal size (10494 bytes) — new uses preferred "" - "" format",la-wwoz-guardians-of-the-groove
DEACTIVATE,3740,LA-WWOZ Guardians of The Groove,la-wwoz-guardians-of-the-groove,la-wwoz-guardians-of-the-groove.jpg,10494,"equal size (10494 bytes) — new uses preferred "" - "" format",
KEEP,11883,LA - Xavier University,la-xavier-university-v1,la-xavier-university.png,14907,"equal size (14907 bytes) — new uses preferred "" - "" format",la-xavier-university
DEACTIVATE,3634,LA-Xavier University,la-xavier-university,la-xavier-university.jpg,14907,"equal size (14907 bytes) — new uses preferred "" - "" format",
KEEP,11802,LA - Zeta Phi Beta,la-zeta-phi-beta-v1,la-zeta-phi-beta.png,10661,"equal size (10661 bytes) — new uses preferred "" - "" format",la-zeta-phi-beta
DEACTIVATE,3772,LA-Zeta Phi Beta,la-zeta-phi-beta,la-zeta-phi-beta.jpg,10661,"equal size (10661 bytes) — new uses preferred "" - "" format",
KEEP,11803,LA - Zulu Social Aid And Club,la-zulu-social-aid-and-club-v1,la-zulu-social-aid-and-club.png,57254,"equal size (57254 bytes) — new uses preferred "" - "" format",la-zulu-social-aid-and-club
DEACTIVATE,3668,LA-Zulu Social Aid and Club,la-zulu-social-aid-and-club,la-zulu-social-aid-and-club.jpg,57254,"equal size (57254 bytes) — new uses preferred "" - "" format",
KEEP,12008,MA - Governors Council,ma-governors-council-v1,ma-governors-council.jpg,26331,"equal size (26331 bytes) — new uses preferred "" - "" format",ma-governors-council
DEACTIVATE,3857,MA-Governor's Council,ma-governors-council,ma-governor-s-council.jpg,26331,"equal size (26331 bytes) — new uses preferred "" - "" format",
REVIEW,3849,MA-Red Sox / Jimmy Fund,ma-red-sox-jimmy-fund,ma-red-sox-jimmy-fund.jpg,27568,2 variants found — manual review needed,
REVIEW,12014,MA - Red Sox Jimmy Fund v1,ma-red-sox-jimmy-fund-v1,ma-red-sox-jimmy-fund-v1.jpg,27568,2 variants found — manual review needed,
REVIEW,12015,MA - Red Sox Jimmy Fund v2,ma-red-sox-jimmy-fund-v2,ma-red-sox-jimmy-fund-v2.jpg,12127,2 variants found — manual review needed,
KEEP,12054,MD - Orphans Court Of Maryland,md-orphans-court-of-maryland-v1,md-orphans-court-of-maryland.gif,33637,"equal size (33637 bytes) — new uses preferred "" - "" format",md-orphans-court-of-maryland
DEACTIVATE,722,MD-Orphan's Court of Maryland,md-orphans-court-of-maryland,md-orphan-s-court-of-maryland.gif,33637,"equal size (33637 bytes) — new uses preferred "" - "" format",
KEEP,12061,ME - Agriculture Commerical,me-agriculture-commerical-v1,me-agriculture-commerical.png,20898,"equal size (20898 bytes) — new uses preferred "" - "" format",me-agriculture-commerical
DEACTIVATE,3774,ME-Agriculture-Commerical,me-agriculture-commerical,me-agriculture-commerical.jpg,20898,"equal size (20898 bytes) — new uses preferred "" - "" format",
KEEP,12070,ME - Agriculture Passenger,me-agriculture-passenger-v1,me-agriculture-passenger.png,33297,"equal size (33297 bytes) — new uses preferred "" - "" format",me-agriculture-passenger
DEACTIVATE,3773,ME-Agriculture-Passenger,me-agriculture-passenger,me-agriculture-passenger.jpg,33297,"equal size (33297 bytes) — new uses preferred "" - "" format",
KEEP,12076,ME - Animal Welfare,me-animal-welfare-v1,me-animal-welfare.png,34312,"equal size (34312 bytes) — new uses preferred "" - "" format",me-animal-welfare
DEACTIVATE,3776,ME-Animal Welfare,me-animal-welfare,me-animal-welfare.jpg,34312,"equal size (34312 bytes) — new uses preferred "" - "" format",
KEEP,12081,ME - Antique Auto,me-antique-auto-v1,me-antique-auto.png,53000,"equal size (53000 bytes) — new uses preferred "" - "" format",me-antique-auto
DEACTIVATE,3775,ME-Antique Auto,me-antique-auto,me-antique-auto.gif,53000,"equal size (53000 bytes) — new uses preferred "" - "" format",
KEEP,12082,ME - Antique Motorcycle,me-antique-motorcycle-v1,me-antique-motorcycle.png,48786,"equal size (48786 bytes) — new uses preferred "" - "" format",me-antique-motorcycle
DEACTIVATE,3803,ME-Antique Motorcycle,me-antique-motorcycle,me-antique-motorcycle.gif,48786,"equal size (48786 bytes) — new uses preferred "" - "" format",
KEEP,12083,ME - Autocycle,me-autocycle-v1,me-autocycle.png,44689,"equal size (44689 bytes) — new uses preferred "" - "" format",me-autocycle
DEACTIVATE,3804,ME-Autocycle,me-autocycle,me-autocycle.gif,44689,"equal size (44689 bytes) — new uses preferred "" - "" format",
KEEP,12077,ME - Breast Cancer Support,me-breast-cancer-support-v1,me-breast-cancer-support.png,30509,"equal size (30509 bytes) — new uses preferred "" - "" format",me-breast-cancer-support
DEACTIVATE,3779,ME-Breast Cancer Support,me-breast-cancer-support,me-breast-cancer-support.jpg,30509,"equal size (30509 bytes) — new uses preferred "" - "" format",
KEEP,12062,ME - Combination,me-combination-v1,me-combination.png,48493,"equal size (48493 bytes) — new uses preferred "" - "" format",me-combination
DEACTIVATE,3780,ME-Combination,me-combination,me-combination.gif,48493,"equal size (48493 bytes) — new uses preferred "" - "" format",
KEEP,12063,ME - Commercial,me-commercial-v1,me-commercial.png,51863,"equal size (51863 bytes) — new uses preferred "" - "" format",me-commercial
DEACTIVATE,3798,ME-Commercial,me-commercial,me-commercial.gif,51863,"equal size (51863 bytes) — new uses preferred "" - "" format",
KEEP,12064,ME - Conservation Commercial,me-conservation-commercial-v1,me-conservation-commercial.png,52433,new image larger (52433 vs 19671 bytes),me-conservation-commercial
DEACTIVATE,3782,ME-Conservation-Commercial,me-conservation-commercial,me-conservation-commercial.jpg,19671,new image larger (52433 vs 19671 bytes),
KEEP,12071,ME - Conservation Passenger,me-conservation-passenger-v1,me-conservation-passenger.png,25765,"equal size (25765 bytes) — new uses preferred "" - "" format",me-conservation-passenger
DEACTIVATE,3781,ME-Conservation-Passenger,me-conservation-passenger,me-conservation-passenger.jpg,25765,"equal size (25765 bytes) — new uses preferred "" - "" format",
KEEP,12084,ME - Custom Vehicle,me-custom-vehicle-v1,me-custom-vehicle.png,49877,"equal size (49877 bytes) — new uses preferred "" - "" format",me-custom-vehicle
DEACTIVATE,3783,ME-Custom Vehicle,me-custom-vehicle,me-custom-vehicle.gif,49877,"equal size (49877 bytes) — new uses preferred "" - "" format",
KEEP,12086,ME - Disability,me-disability-v1,me-disability.png,52746,"equal size (52746 bytes) — new uses preferred "" - "" format",me-disability
DEACTIVATE,3784,ME-Disability,me-disability,me-disability.gif,52746,"equal size (52746 bytes) — new uses preferred "" - "" format",
KEEP,12085,ME - Disability Motorcycle,me-disability-motorcycle-v1,me-disability-motorcycle.png,51799,"equal size (51799 bytes) — new uses preferred "" - "" format",me-disability-motorcycle
DEACTIVATE,3806,ME-Disability Motorcycle,me-disability-motorcycle,me-disability-motorcycle.gif,51799,"equal size (51799 bytes) — new uses preferred "" - "" format",
KEEP,12094,ME - Disability Special Veteran Decal,me-disability-special-veteran-decal-v1,me-disability-special-veteran-decal.png,19844,"equal size (19844 bytes) — new uses preferred "" - "" format",me-disability-special-veteran-decal
DEACTIVATE,3813,ME-Disability Special Veteran-Decal,me-disability-special-veteran-decal,me-disability-special-veteran-plate-decal.jpg,19844,"equal size (19844 bytes) — new uses preferred "" - "" format",
KEEP,12097,ME - Disabled Veteran,me-disabled-veteran-v1,me-disabled-veteran.png,30092,"equal size (30092 bytes) — new uses preferred "" - "" format",me-disabled-veteran
DEACTIVATE,3818,ME-Disabled Veteran,me-disabled-veteran,me-disabled-veteran-plate.jpg,30092,"equal size (30092 bytes) — new uses preferred "" - "" format",
KEEP,3805,ME-Disabled Veteran Motorcycle,me-disabled-veteran-motorcycle,me-disabled-veteran-motorcycle.gif,47428,old image larger (47428 vs 3739 bytes),
DEACTIVATE,12095,ME - Disabled Veteran Motorcycle,me-disabled-veteran-motorcycle-v1,me-disabled-veteran-motorcycle.jpg,3739,old image larger (47428 vs 3739 bytes),
KEEP,12060,ME - Firefighter,me-firefighter-v1,me-firefighter.png,42449,"equal size (42449 bytes) — new uses preferred "" - "" format",me-firefighter
DEACTIVATE,3786,ME-Firefighter,me-firefighter,me-firefighter.gif,42449,"equal size (42449 bytes) — new uses preferred "" - "" format",
KEEP,12065,ME - Hire,me-hire-v1,me-hire.png,45961,"equal size (45961 bytes) — new uses preferred "" - "" format",me-hire
DEACTIVATE,3794,ME-Hire,me-hire,me-hire.gif,45961,"equal size (45961 bytes) — new uses preferred "" - "" format",
KEEP,12072,ME - Lobster,me-lobster-v1,me-lobster.png,31789,"equal size (31789 bytes) — new uses preferred "" - "" format",me-lobster
DEACTIVATE,3788,ME-Lobster,me-lobster,me-lobster.jpg,31789,"equal size (31789 bytes) — new uses preferred "" - "" format",
KEEP,12087,ME - Moped,me-moped-v1,me-moped.png,39838,"equal size (39838 bytes) — new uses preferred "" - "" format",me-moped
DEACTIVATE,3807,ME-Moped,me-moped,me-moped.gif,39838,"equal size (39838 bytes) — new uses preferred "" - "" format",
KEEP,12066,ME - Motor Home,me-motor-home-v1,me-motor-home.png,47538,"equal size (47538 bytes) — new uses preferred "" - "" format",me-motor-home
DEACTIVATE,3800,ME-Motor Home,me-motor-home,me-motor-home.gif,47538,"equal size (47538 bytes) — new uses preferred "" - "" format",
KEEP,12088,ME - Motorcycle,me-motorcycle-v1,me-motorcycle.png,39838,"equal size (39838 bytes) — new uses preferred "" - "" format",me-motorcycle
DEACTIVATE,3802,ME-Motorcycle,me-motorcycle,me-motorcycle.gif,39838,"equal size (39838 bytes) — new uses preferred "" - "" format",
KEEP,12103,ME - Purple Heart,me-purple-heart-v1,me-purple-heart.png,24903,"equal size (24903 bytes) — new uses preferred "" - "" format",me-purple-heart
DEACTIVATE,3820,ME-Purple Heart,me-purple-heart,me-purple-heart.jpg,24903,"equal size (24903 bytes) — new uses preferred "" - "" format",
KEEP,12102,ME - Purple Heart Motorcycle,me-purple-heart-motorcycle-v1,me-purple-heart-motorcycle.png,44889,"equal size (44889 bytes) — new uses preferred "" - "" format",me-purple-heart-motorcycle
DEACTIVATE,3808,ME-Purple Heart Motorcycle,me-purple-heart-motorcycle,me-purple-heart-motorcycle.gif,44889,"equal size (44889 bytes) — new uses preferred "" - "" format",
KEEP,12101,ME - Purple Heart Motorcycle (2),me-purple-heart-motorcycle-2-v1,me-purple-heart-motorcycle (2).png,35046,"equal size (35046 bytes) — new uses preferred "" - "" format",me-purple-heart-motorcycle-2
DEACTIVATE,3821,ME-Purple Heart-Motorcycle,me-purple-heart-motorcycle-2,me-purple-heart-motorcycle.jpg,35046,"equal size (35046 bytes) — new uses preferred "" - "" format",
KEEP,3809,ME-Special Veteran Motorcycle,me-special-veteran-motorcycle,me-special-veteran-motorcycle.gif,47428,old image larger (47428 vs 3476 bytes),
DEACTIVATE,12104,ME - Special Veteran Motorcycle,me-special-veteran-motorcycle-v1,me-special-veteran-motorcycle.jpg,3476,old image larger (47428 vs 3476 bytes),
KEEP,12073,ME - Sportsman,me-sportsman-v1,me-sportsman.png,17234,"equal size (17234 bytes) — new uses preferred "" - "" format",me-sportsman
DEACTIVATE,3793,ME-Sportsman,me-sportsman,me-sportsman.jpg,17234,"equal size (17234 bytes) — new uses preferred "" - "" format",
KEEP,12092,ME - Street Rod,me-street-rod-v1,me-street-rod.png,49138,"equal size (49138 bytes) — new uses preferred "" - "" format",me-street-rod
DEACTIVATE,3791,ME-Street Rod,me-street-rod,me-street-rod.gif,49138,"equal size (49138 bytes) — new uses preferred "" - "" format",
KEEP,12078,ME - Support Troops,me-support-troops-v1,me-support-troops.png,16682,"equal size (16682 bytes) — new uses preferred "" - "" format",me-support-troops
DEACTIVATE,3792,ME-Support Troops,me-support-troops,me-support-troops.jpg,16682,"equal size (16682 bytes) — new uses preferred "" - "" format",
KEEP,12069,ME - Trailer,me-trailer-v1,me-trailer.png,36886,"equal size (36886 bytes) — new uses preferred "" - "" format",me-trailer
DEACTIVATE,3801,ME-Trailer,me-trailer,me-trailer.gif,36886,"equal size (36886 bytes) — new uses preferred "" - "" format",
REVIEW,3795,ME-University of Maine,me-university-of-maine,me-university-of-maine.jpg,25900,2 variants found — manual review needed,
REVIEW,12074,ME - University Of Maine v1,me-university-of-maine-v1,me-university-of-maine-v1.png,25900,2 variants found — manual review needed,
REVIEW,12075,ME - University Of Maine v2,me-university-of-maine-v2,me-university-of-maine-v2.png,25585,2 variants found — manual review needed,
KEEP,12250,MN - Classic,mn-classic-v1,mn-classic.png,23884,"equal size (23884 bytes) — new uses preferred "" - "" format",mn-classic
DEACTIVATE,3963,MN-Classic,mn-classic,mn-collector-class-classic.jpg,23884,"equal size (23884 bytes) — new uses preferred "" - "" format",
KEEP,12249,MN - Classic Motorcycle,mn-classic-motorcycle-v1,mn-classic-motorcycle.png,90170,new image larger (90170 vs 19467 bytes),mn-classic-motorcycle
DEACTIVATE,3964,MN-Classic-Motorcycle,mn-classic-motorcycle,mn-collector-class-classic-motorcycle.jpg,19467,new image larger (90170 vs 19467 bytes),
KEEP,12251,MN - Collector,mn-collector-v1,mn-collector.png,99251,new image larger (99251 vs 74299 bytes),mn-collector
DEACTIVATE,3965,MN-Collector,mn-collector,mn-collector-class-collector.png,74299,new image larger (99251 vs 74299 bytes),
KEEP,12191,MN - Critical Habitat Anglers,mn-critical-habitat-anglers-v1,mn-critical-habitat-anglers.jpg,140994,new image larger (140994 vs 26243 bytes),mn-critical-habitat-anglers
DEACTIVATE,3997,MN-Critical Habitat-Anglers,mn-critical-habitat-anglers,mn-critical-habitat-dnr-conservation-anglers.jpg,26243,new image larger (140994 vs 26243 bytes),
KEEP,12192,MN - Critical Habitat Buck,mn-critical-habitat-buck-v1,mn-critical-habitat-buck.jpg,129454,new image larger (129454 vs 24824 bytes),mn-critical-habitat-buck
DEACTIVATE,4000,MN-Critical Habitat-Buck,mn-critical-habitat-buck,mn-critical-habitat-dnr-conservation-buck.jpg,24824,new image larger (129454 vs 24824 bytes),
KEEP,12193,MN - Critical Habitat Chickadee,mn-critical-habitat-chickadee-v1,mn-critical-habitat-chickadee.jpg,128812,new image larger (128812 vs 25012 bytes),mn-critical-habitat-chickadee
DEACTIVATE,3998,MN-Critical Habitat-Chickadee,mn-critical-habitat-chickadee,mn-critical-habitat-dnr-conservation-chickadee.jpg,25012,new image larger (128812 vs 25012 bytes),
KEEP,12194,MN - Critical Habitat Deer,mn-critical-habitat-deer-v1,mn-critical-habitat-deer.jpg,130148,new image larger (130148 vs 26654 bytes),mn-critical-habitat-deer
DEACTIVATE,3995,MN-Critical Habitat-Deer,mn-critical-habitat-deer,mn-critical-habitat-dnr-conservation-deer.jpg,26654,new image larger (130148 vs 26654 bytes),
KEEP,12195,MN - Critical Habitat Ladyslipper,mn-critical-habitat-ladyslipper-v1,mn-critical-habitat-ladyslipper.jpg,124760,new image larger (124760 vs 25390 bytes),mn-critical-habitat-ladyslipper
DEACTIVATE,3999,MN-Critical Habitat-Ladyslipper,mn-critical-habitat-ladyslipper,mn-critical-habitat-dnr-conservation-ladyslipper.jpg,25390,new image larger (124760 vs 25390 bytes),
KEEP,12196,MN - Critical Habitat Loon,mn-critical-habitat-loon-v1,mn-critical-habitat-loon.jpg,168316,new image larger (168316 vs 28559 bytes),mn-critical-habitat-loon
DEACTIVATE,3996,MN-Critical Habitat-Loon,mn-critical-habitat-loon,mn-critical-habitat-dnr-conservation-loon.jpg,28559,new image larger (168316 vs 28559 bytes),
KEEP,12198,MN - Critical Habitat Pheasant,mn-critical-habitat-pheasant-v1,mn-critical-habitat-pheasant.jpg,139658,new image larger (139658 vs 29288 bytes),mn-critical-habitat-pheasant
DEACTIVATE,4001,MN-Critical Habitat-Pheasant,mn-critical-habitat-pheasant,mn-critical-habitat-dnr-conservation-pheasant.jpg,29288,new image larger (139658 vs 29288 bytes),
KEEP,12199,MN - Critical Habitat Pollinator,mn-critical-habitat-pollinator-v1,mn-critical-habitat-pollinator.jpg,158220,new image larger (158220 vs 31708 bytes),mn-critical-habitat-pollinator
DEACTIVATE,4004,MN-Critical Habitat-Pollinator,mn-critical-habitat-pollinator,mn-critical-habitat-dnr-conservation-pollinator.jpg,31708,new image larger (158220 vs 31708 bytes),
KEEP,12200,MN - Critical Habitat Wild Turkey,mn-critical-habitat-wild-turkey-v1,mn-critical-habitat-wild-turkey.jpg,180673,new image larger (180673 vs 51827 bytes),mn-critical-habitat-wild-turkey
DEACTIVATE,4003,MN-Critical Habitat-Wild Turkey,mn-critical-habitat-wild-turkey,mn-critical-habitat-dnr-conservation-wild-turkey.jpg,51827,new image larger (180673 vs 51827 bytes),
KEEP,12252,MN - Disabled Moped,mn-disabled-moped-v1,mn-disabled-moped.png,18356,"equal size (18356 bytes) — new uses preferred "" - "" format",mn-disabled-moped
DEACTIVATE,4007,MN-Disabled Moped,mn-disabled-moped,mn-disabled-moped.jpg,18356,"equal size (18356 bytes) — new uses preferred "" - "" format",
KEEP,12253,MN - Disabled Motorcycle,mn-disabled-motorcycle-v1,mn-disabled-motorcycle.png,18356,"equal size (18356 bytes) — new uses preferred "" - "" format",mn-disabled-motorcycle
DEACTIVATE,4006,MN-Disabled-Motorcycle,mn-disabled-motorcycle,mn-disabled-motorcycle.jpg,18356,"equal size (18356 bytes) — new uses preferred "" - "" format",
KEEP,12162,MN - Firefighter,mn-firefighter-v1,mn-firefighter.png,139729,new image larger (139729 vs 25536 bytes),mn-firefighter
DEACTIVATE,4008,MN-Firefighter,mn-firefighter,mn-firefighter.jpg,25536,new image larger (139729 vs 25536 bytes),
KEEP,12159,MN - Firefighter Motorcycle,mn-firefighter-motorcycle-v1,mn-firefighter-motorcycle.png,105182,new image larger (105182 vs 20096 bytes),mn-firefighter-motorcycle
DEACTIVATE,4009,MN-Firefighter-Motorcycle,mn-firefighter-motorcycle,mn-firefighter-motorcycle.jpg,20096,new image larger (105182 vs 20096 bytes),
KEEP,12161,MN - Firefighter Retired,mn-firefighter-retired-v1,mn-firefighter-retired.png,146563,new image larger (146563 vs 29482 bytes),mn-firefighter-retired
DEACTIVATE,4010,MN-Firefighter-Retired,mn-firefighter-retired,mn-firefighter-retired.jpg,29482,new image larger (146563 vs 29482 bytes),
KEEP,12160,MN - Firefighter Retired Motorcycle,mn-firefighter-retired-motorcycle-v1,mn-firefighter-retired-motorcycle.png,102681,new image larger (102681 vs 35284 bytes),mn-firefighter-retired-motorcycle
DEACTIVATE,4011,MN-Firefighter-Retired-Motorcycle,mn-firefighter-retired-motorcycle,mn-firefighter-retired-motorcycle.jpg,35284,new image larger (102681 vs 35284 bytes),
KEEP,12265,MN - Gold Star Family,mn-gold-star-family-v1,mn-gold-star-family.png,125178,new image larger (125178 vs 27994 bytes),mn-gold-star-family
DEACTIVATE,4012,MN-Gold Star Family,mn-gold-star-family,mn-gold-star-family.jpg,27994,new image larger (125178 vs 27994 bytes),
KEEP,12264,MN - Gold Star Family Motorcycle,mn-gold-star-family-motorcycle-v1,mn-gold-star-family-motorcycle.png,93401,new image larger (93401 vs 19252 bytes),mn-gold-star-family-motorcycle
DEACTIVATE,4013,MN-Gold Star Family-Motorcycle,mn-gold-star-family-motorcycle,mn-gold-star-family-motorcycle.jpg,19252,new image larger (93401 vs 19252 bytes),
KEEP,12173,MN - Honorary Consulate,mn-honorary-consulate-v1,mn-honorary-consulate.png,116519,new image larger (116519 vs 39036 bytes),mn-honorary-consulate
DEACTIVATE,4014,MN-Honorary Consulate,mn-honorary-consulate,mn-honorary-consulate.jpg,39036,new image larger (116519 vs 39036 bytes),
KEEP,12220,MN - Law Enforcement Memorial,mn-law-enforcement-memorial-v1,mn-law-enforcement-memorial.png,171090,new image larger (171090 vs 32928 bytes),mn-law-enforcement-memorial
DEACTIVATE,4015,MN-Law Enforcement Memorial,mn-law-enforcement-memorial,mn-law-enforcement-memorial.jpg,32928,new image larger (171090 vs 32928 bytes),
KEEP,12219,MN - Law Enforcement Memorial Motorcycle,mn-law-enforcement-memorial-motorcycle-v1,mn-law-enforcement-memorial-motorcycle.png,134778,new image larger (134778 vs 24983 bytes),mn-law-enforcement-memorial-motorcycle
DEACTIVATE,4016,MN-Law Enforcement Memorial-Motorcycle,mn-law-enforcement-memorial-motorcycle,mn-law-enforcement-memorial-motorcycle.jpg,24983,new image larger (134778 vs 24983 bytes),
KEEP,12175,MN - Limousine,mn-limousine-v1,mn-limousine.png,117326,new image larger (117326 vs 20403 bytes),mn-limousine
DEACTIVATE,4017,MN-Limousine,mn-limousine,mn-limousine.jpg,20403,new image larger (117326 vs 20403 bytes),
KEEP,12164,MN - Minnesota 100,mn-minnesota-100-v1,mn-minnesota-100.png,142492,new image larger (142492 vs 28135 bytes),mn-minnesota-100
DEACTIVATE,4018,MN-Minnesota 100,mn-minnesota-100,mn-minnesota-100.jpg,28135,new image larger (142492 vs 28135 bytes),
KEEP,12254,MN - Personalized Motorcycle Vertical,mn-personalized-motorcycle-vertical-v1,mn-personalized-motorcycle-vertical.png,7693,"equal size (7693 bytes) — new uses preferred "" - "" format",mn-personalized-motorcycle-vertical
DEACTIVATE,4027,MN-Personalized-Motorcycle-Vertical,mn-personalized-motorcycle-vertical,mn-personalized-motorcycle-vertical.jpg,7693,"equal size (7693 bytes) — new uses preferred "" - "" format",
KEEP,12255,MN - Pioneer,mn-pioneer-v1,mn-pioneer.png,96710,new image larger (96710 vs 63720 bytes),mn-pioneer
DEACTIVATE,3966,MN-Pioneer,mn-pioneer,mn-collector-class-pioneer.png,63720,new image larger (96710 vs 63720 bytes),
KEEP,12269,MN - Proud To Be A Veteran,mn-proud-to-be-a-veteran-v1,mn-proud-to-be-a-veteran.png,139426,new image larger (139426 vs 23971 bytes),mn-proud-to-be-a-veteran
DEACTIVATE,4028,MN-Proud to be a Veteran,mn-proud-to-be-a-veteran,mn-proud-to-be-a-veteran.jpg,23971,new image larger (139426 vs 23971 bytes),
KEEP,12225,MN - Remembering Victims Of Impaired Drivers,mn-remembering-victims-of-impaired-drivers-v1,mn-remembering-victims-of-impaired-drivers.png,130157,new image larger (130157 vs 25387 bytes),mn-remembering-victims-of-impaired-drivers
DEACTIVATE,4031,MN-Remembering Victims of Impaired Drivers,mn-remembering-victims-of-impaired-drivers,mn-remembering-victims-of-impaired-drivers.jpg,25387,new image larger (130157 vs 25387 bytes),
KEEP,12166,MN - Retired Law Enforcement,mn-retired-law-enforcement-v1,mn-retired-law-enforcement.png,143795,new image larger (143795 vs 29027 bytes),mn-retired-law-enforcement
DEACTIVATE,4032,MN-Retired Law Enforcement,mn-retired-law-enforcement,mn-retired-law-enforcement.jpg,29027,new image larger (143795 vs 29027 bytes),
KEEP,12165,MN - Retired Law Enforcement Motorcycle,mn-retired-law-enforcement-motorcycle-v1,mn-retired-law-enforcement-motorcycle.png,318928,new image larger (318928 vs 23756 bytes),mn-retired-law-enforcement-motorcycle
DEACTIVATE,4033,MN-Retired Law Enforcement-Motorcycle,mn-retired-law-enforcement-motorcycle,mn-retired-law-enforcement-motorcycle.jpg,23756,new image larger (318928 vs 23756 bytes),
KEEP,12229,MN - Start Seeing Motorcycles,mn-start-seeing-motorcycles-v1,mn-start-seeing-motorcycles.png,136777,new image larger (136777 vs 29630 bytes),mn-start-seeing-motorcycles
DEACTIVATE,4034,MN-Start Seeing-Motorcycles,mn-start-seeing-motorcycles,mn-start-seeing-motorcycles.jpg,29630,new image larger (136777 vs 29630 bytes),
KEEP,12231,MN - Support Our Troops,mn-support-our-troops-v1,mn-support-our-troops.png,133320,new image larger (133320 vs 23760 bytes),mn-support-our-troops
DEACTIVATE,4036,MN-Support our Troops,mn-support-our-troops,mn-support-our-troops.jpg,23760,new image larger (133320 vs 23760 bytes),
KEEP,12230,MN - Support Our Troops Motorcycle,mn-support-our-troops-motorcycle-v1,mn-support-our-troops-motorcycle.png,104380,new image larger (104380 vs 20140 bytes),mn-support-our-troops-motorcycle
DEACTIVATE,4037,MN-Support our Troops-Motorcycle,mn-support-our-troops-motorcycle,mn-support-our-troops-motorcycle.jpg,20140,new image larger (104380 vs 20140 bytes),
KEEP,12271,MN - Veteran Afghanistan,mn-veteran-afghanistan-v1,mn-veteran-afghanistan.png,130742,new image larger (130742 vs 22036 bytes),mn-veteran-afghanistan
DEACTIVATE,4038,MN-Veteran-Afghanistan,mn-veteran-afghanistan,mn-veteran-afghanistan.jpg,22036,new image larger (130742 vs 22036 bytes),
KEEP,12270,MN - Veteran Afghanistan Motorcycle,mn-veteran-afghanistan-motorcycle-v1,mn-veteran-afghanistan-motorcycle.png,99233,new image larger (99233 vs 30883 bytes),mn-veteran-afghanistan-motorcycle
DEACTIVATE,4039,MN-Veteran-Afghanistan-Motorcycle,mn-veteran-afghanistan-motorcycle,mn-veteran-afghanistan-motorcycle.jpg,30883,new image larger (99233 vs 30883 bytes),
KEEP,12273,MN - Veteran Armed Forces Expeditionary Service Medal,mn-veteran-armed-forces-expeditionary-service-medal-v1,mn-veteran-armed-forces-expeditionary-service-medal.png,140739,new image larger (140739 vs 22366 bytes),mn-veteran-armed-forces-expeditionary-service-medal
DEACTIVATE,4041,MN-Veteran-Armed Forces Expeditionary Service Medal,mn-veteran-armed-forces-expeditionary-service-medal,mn-veteran-armed-forces-expeditionary-service-medal.jpg,22366,new image larger (140739 vs 22366 bytes),
KEEP,12274,MN - Veteran Bronze Star,mn-veteran-bronze-star-v1,mn-veteran-bronze-star.png,127739,new image larger (127739 vs 23855 bytes),mn-veteran-bronze-star
DEACTIVATE,4042,MN-Veteran-Bronze Star,mn-veteran-bronze-star,mn-veteran-bronze-star.jpg,23855,new image larger (127739 vs 23855 bytes),
KEEP,12276,MN - Veteran Combat Wounded Purple Heart Motorcycle,mn-veteran-combat-wounded-purple-heart-motorcycle-v1,mn-veteran-combat-wounded-purple-heart-motorcycle.png,101393,new image larger (101393 vs 42316 bytes),mn-veteran-combat-wounded-purple-heart-motorcycle
DEACTIVATE,4044,MN-Veteran-Combat Wounded-Purple Heart-Motorcycle,mn-veteran-combat-wounded-purple-heart-motorcycle,mn-veteran-combat-wounded-purple-heart-motorcycle.jpg,42316,new image larger (101393 vs 42316 bytes),
KEEP,12280,MN - Veteran Ex POW,mn-veteran-ex-pow-v1,mn-veteran-ex-pow.png,136180,new image larger (136180 vs 23607 bytes),mn-veteran-ex-pow
DEACTIVATE,4045,MN-Veteran-Ex-POW,mn-veteran-ex-pow,mn-veteran-ex-pow.jpg,23607,new image larger (136180 vs 23607 bytes),
KEEP,12281,MN - Veteran Global War On Terrorism Expeditionary,mn-veteran-global-war-on-terrorism-expeditionary-v1,mn-veteran-global-war-on-terrorism-expeditionary.png,135395,new image larger (135395 vs 22294 bytes),mn-veteran-global-war-on-terrorism-expeditionary
DEACTIVATE,4047,MN-Veteran-Global War on Terrorism-Expeditionary,mn-veteran-global-war-on-terrorism-expeditionary,mn-veteran-global-war-on-terrorism-expeditionary.jpg,22294,new image larger (135395 vs 22294 bytes),
KEEP,12282,MN - Veteran Global War On Terrorism Motorcycle,mn-veteran-global-war-on-terrorism-motorcycle-v1,mn-veteran-global-war-on-terrorism-motorcycle.png,101366,new image larger (101366 vs 20958 bytes),mn-veteran-global-war-on-terrorism-motorcycle
DEACTIVATE,4049,MN-Veteran-Global War on Terrorism-Motorcycle,mn-veteran-global-war-on-terrorism-motorcycle,mn-veteran-global-war-on-terrorism-motorcycle.jpg,20958,new image larger (101366 vs 20958 bytes),
KEEP,12283,MN - Veteran Global War On Terrorism Service,mn-veteran-global-war-on-terrorism-service-v1,mn-veteran-global-war-on-terrorism-service.png,136268,new image larger (136268 vs 22248 bytes),mn-veteran-global-war-on-terrorism-service
DEACTIVATE,4048,MN-Veteran-Global War on Terrorism-Service,mn-veteran-global-war-on-terrorism-service,mn-veteran-global-war-on-terrorism-service.jpg,22248,new image larger (136268 vs 22248 bytes),
KEEP,12285,MN - Veteran Gulf War Motorcycle,mn-veteran-gulf-war-motorcycle-v1,mn-veteran-gulf-war-motorcycle.png,97785,new image larger (97785 vs 42947 bytes),mn-veteran-gulf-war-motorcycle
DEACTIVATE,4051,MN-Veteran-Gulf War-Motorcycle,mn-veteran-gulf-war-motorcycle,mn-veteran-gulf-war-motorcycle.jpg,42947,new image larger (97785 vs 42947 bytes),
KEEP,12288,MN - Veteran Iraq War,mn-veteran-iraq-war-v1,mn-veteran-iraq-war.png,132710,new image larger (132710 vs 19664 bytes),mn-veteran-iraq-war
DEACTIVATE,4052,MN-Veteran-Iraq War,mn-veteran-iraq-war,mn-veteran-iraq-war.jpg,19664,new image larger (132710 vs 19664 bytes),
KEEP,12287,MN - Veteran Iraq War Motorcycle,mn-veteran-iraq-war-motorcycle-v1,mn-veteran-iraq-war-motorcycle.png,98113,new image larger (98113 vs 19107 bytes),mn-veteran-iraq-war-motorcycle
DEACTIVATE,4053,MN-Veteran-Iraq War-Motorcycle,mn-veteran-iraq-war-motorcycle,mn-veteran-iraq-war-motorcycle.jpg,19107,new image larger (98113 vs 19107 bytes),
KEEP,12291,MN - Veteran Korean Defense Service Medal,mn-veteran-korean-defense-service-medal-v1,mn-veteran-korean-defense-service-medal.png,137775,new image larger (137775 vs 24051 bytes),mn-veteran-korean-defense-service-medal
DEACTIVATE,4056,MN-Veteran-Korean Defense Service Medal,mn-veteran-korean-defense-service-medal,mn-veteran-korean-defense-service-medal.jpg,24051,new image larger (137775 vs 24051 bytes),
KEEP,12290,MN - Veteran Korean Defense Service Medal Motorcycle,mn-veteran-korean-defense-service-medal-motorcycle-v1,mn-veteran-korean-defense-service-medal-motorcycle.png,98646,new image larger (98646 vs 29094 bytes),mn-veteran-korean-defense-service-medal-motorcycle
DEACTIVATE,4057,MN-Veteran-Korean Defense Service Medal-Motorcycle,mn-veteran-korean-defense-service-medal-motorcycle,mn-veteran-korean-defense-service-medal-motorcycle.jpg,29094,new image larger (98646 vs 29094 bytes),
KEEP,12292,MN - Veteran Laos War Allied Vet,mn-veteran-laos-war-allied-vet-v1,mn-veteran-laos-war-allied-vet.png,134801,new image larger (134801 vs 22880 bytes),mn-veteran-laos-war-allied-vet
DEACTIVATE,4040,MN-Veteran-Laos War-Allied Vet,mn-veteran-laos-war-allied-vet,mn-veteran-laos-war-allied-vet.jpg,22880,new image larger (134801 vs 22880 bytes),
KEEP,12293,MN - Veteran Pearl Harbor Survivor,mn-veteran-pearl-harbor-survivor-v1,mn-veteran-pearl-harbor-survivor.png,141614,new image larger (141614 vs 23897 bytes),mn-veteran-pearl-harbor-survivor
DEACTIVATE,4059,MN-Veteran-Pearl Harbor Survivor,mn-veteran-pearl-harbor-survivor,mn-veteran-pearl-harbor-survivor.jpg,23897,new image larger (141614 vs 23897 bytes),
KEEP,12294,MN - Veteran Silver Star,mn-veteran-silver-star-v1,mn-veteran-silver-star.png,128885,new image larger (128885 vs 22227 bytes),mn-veteran-silver-star
DEACTIVATE,4060,MN-Veteran-Silver Star,mn-veteran-silver-star,mn-veteran-silver-star.jpg,22227,new image larger (128885 vs 22227 bytes),
KEEP,12298,MN - Veteran Vietnam,mn-veteran-vietnam-v1,mn-veteran-vietnam.png,126135,new image larger (126135 vs 23976 bytes),mn-veteran-vietnam
DEACTIVATE,4062,MN-Veteran-Vietnam,mn-veteran-vietnam,mn-veteran-vietnam.jpg,23976,new image larger (126135 vs 23976 bytes),
KEEP,12296,MN - Veteran Vietnam Motorcycle,mn-veteran-vietnam-motorcycle-v1,mn-veteran-vietnam-motorcycle.png,98892,new image larger (98892 vs 31077 bytes),mn-veteran-vietnam-motorcycle
DEACTIVATE,4063,MN-Veteran-Vietnam-Motorcycle,mn-veteran-vietnam-motorcycle,mn-veteran-vietnam-motorcycle.jpg,31077,new image larger (98892 vs 31077 bytes),
KEEP,12300,MN - Veteran Woman Vet,mn-veteran-woman-vet-v1,mn-veteran-woman-vet.png,139142,new image larger (139142 vs 26766 bytes),mn-veteran-woman-vet
DEACTIVATE,4066,MN-Veteran-Woman Vet,mn-veteran-woman-vet,mn-veteran-woman-vet.jpg,26766,new image larger (139142 vs 26766 bytes),
KEEP,12299,MN - Veteran Woman Vet Motorcycle,mn-veteran-woman-vet-motorcycle-v1,mn-veteran-woman-vet-motorcycle.png,103853,new image larger (103853 vs 23656 bytes),mn-veteran-woman-vet-motorcycle
DEACTIVATE,4067,MN-Veteran-Woman Vet-Motorcycle,mn-veteran-woman-vet-motorcycle,mn-veteran-woman-vet-motorcycle.jpg,23656,new image larger (103853 vs 23656 bytes),
KEEP,12167,MN - Volunteer Ambulance Attendant,mn-volunteer-ambulance-attendant-v1,mn-volunteer-ambulance-attendant.png,25763,"equal size (25763 bytes) — new uses preferred "" - "" format",mn-volunteer-ambulance-attendant
DEACTIVATE,4068,MN-Volunteer Ambulance Attendant,mn-volunteer-ambulance-attendant,mn-volunteer-ambulance-attendant.jpg,25763,"equal size (25763 bytes) — new uses preferred "" - "" format",
KEEP,12429,MO - Air Force,mo-air-force-v1,mo-air-force.png,29061,"equal size (29061 bytes) — new uses preferred "" - "" format",mo-air-force
DEACTIVATE,4185,MO-Air Force,mo-air-force,mo-air-force.gif,29061,"equal size (29061 bytes) — new uses preferred "" - "" format",
KEEP,12430,MO - Air Medal,mo-air-medal-v1,mo-air-medal.png,29607,"equal size (29607 bytes) — new uses preferred "" - "" format",mo-air-medal
DEACTIVATE,4186,MO-Air Medal,mo-air-medal,mo-air-medal.gif,29607,"equal size (29607 bytes) — new uses preferred "" - "" format",
KEEP,12306,MO - Alpha Kappa Alpha,mo-alpha-kappa-alpha-v1,mo-alpha-kappa-alpha.png,22580,"equal size (22580 bytes) — new uses preferred "" - "" format",mo-alpha-kappa-alpha
DEACTIVATE,4072,MO-Alpha Kappa Alpha,mo-alpha-kappa-alpha,mo-alpha-kappa-alpha.gif,22580,"equal size (22580 bytes) — new uses preferred "" - "" format",
KEEP,12307,MO - Alpha Phi Alpha,mo-alpha-phi-alpha-v1,mo-alpha-phi-alpha.png,23637,"equal size (23637 bytes) — new uses preferred "" - "" format",mo-alpha-phi-alpha
DEACTIVATE,4073,MO-Alpha Phi Alpha,mo-alpha-phi-alpha,mo-alpha-phi-alpha.gif,23637,"equal size (23637 bytes) — new uses preferred "" - "" format",
KEEP,12422,MO - Amateur Radio,mo-amateur-radio-v1,mo-amateur-radio.png,36917,"equal size (36917 bytes) — new uses preferred "" - "" format",mo-amateur-radio
DEACTIVATE,4146,MO-Amateur Radio,mo-amateur-radio,mo-amateur-radio.gif,36917,"equal size (36917 bytes) — new uses preferred "" - "" format",
KEEP,12377,MO - American Heart Association Winning Women,mo-american-heart-association-winning-women-v1,mo-american-heart-association-winning-women.png,17945,"equal size (17945 bytes) — new uses preferred "" - "" format",mo-american-heart-association-winning-women
DEACTIVATE,4074,MO-American Heart Association-Winning Women,mo-american-heart-association-winning-women,mo-american-heart-association-winning-women.gif,17945,"equal size (17945 bytes) — new uses preferred "" - "" format",
KEEP,12431,MO - American Legion,mo-american-legion-v1,mo-american-legion.png,28519,"equal size (28519 bytes) — new uses preferred "" - "" format",mo-american-legion
DEACTIVATE,4075,MO-American Legion,mo-american-legion,mo-american-legion.gif,28519,"equal size (28519 bytes) — new uses preferred "" - "" format",
KEEP,12342,MO - Arkansas Alumni Go Hogs,mo-arkansas-alumni-go-hogs-v1,mo-arkansas-alumni-go-hogs.png,26974,"equal size (26974 bytes) — new uses preferred "" - "" format",mo-arkansas-alumni-go-hogs
DEACTIVATE,4076,MO-Arkansas Alumni-Go Hogs!,mo-arkansas-alumni-go-hogs,mo-arkansas-alumni-go-hogs.gif,26974,"equal size (26974 bytes) — new uses preferred "" - "" format",
KEEP,12432,MO - Armed Forces Expeditionary Medal,mo-armed-forces-expeditionary-medal-v1,mo-armed-forces-expeditionary-medal.png,35502,"equal size (35502 bytes) — new uses preferred "" - "" format",mo-armed-forces-expeditionary-medal
DEACTIVATE,4187,MO-Armed Forces Expeditionary Medal,mo-armed-forces-expeditionary-medal,mo-armed-forces-expeditionary-medal.gif,35502,"equal size (35502 bytes) — new uses preferred "" - "" format",
KEEP,12433,MO - Army,mo-army-v1,mo-army.png,33926,"equal size (33926 bytes) — new uses preferred "" - "" format",mo-army
DEACTIVATE,4188,MO-Army,mo-army,mo-army.gif,33926,"equal size (33926 bytes) — new uses preferred "" - "" format",
KEEP,12378,MO - Back The Blue,mo-back-the-blue-v1,mo-back-the-blue.png,113977,new image larger (113977 vs 38727 bytes),mo-back-the-blue
DEACTIVATE,4077,MO-Back the Blue,mo-back-the-blue,mo-back-the-blue.gif,38727,new image larger (113977 vs 38727 bytes),
KEEP,12343,MO - Baptist Bible College,mo-baptist-bible-college-v1,mo-baptist-bible-college.png,25147,"equal size (25147 bytes) — new uses preferred "" - "" format",mo-baptist-bible-college
DEACTIVATE,4153,MO-Baptist Bible College,mo-baptist-bible-college,mo-baptist-bible-college.gif,25147,"equal size (25147 bytes) — new uses preferred "" - "" format",
KEEP,12379,MO - Be An Organ Donor,mo-be-an-organ-donor-v1,mo-be-an-organ-donor.png,109181,new image larger (109181 vs 28137 bytes),mo-be-an-organ-donor
DEACTIVATE,4078,MO-Be An Organ Donor,mo-be-an-organ-donor,mo-be-an-organ-donor.gif,28137,new image larger (109181 vs 28137 bytes),
KEEP,12380,MO - Breast Cancer Awareness,mo-breast-cancer-awareness-v1,mo-breast-cancer-awareness.png,93946,new image larger (93946 vs 29257 bytes),mo-breast-cancer-awareness
DEACTIVATE,4079,MO-Breast Cancer Awareness,mo-breast-cancer-awareness,mo-breast-cancer-awareness.gif,29257,new image larger (93946 vs 29257 bytes),
KEEP,12435,MO - Bronze Star,mo-bronze-star-v1,mo-bronze-star.png,25183,"equal size (25183 bytes) — new uses preferred "" - "" format",mo-bronze-star
DEACTIVATE,4189,MO-Bronze Star,mo-bronze-star,mo-bronze-star.gif,25183,"equal size (25183 bytes) — new uses preferred "" - "" format",
KEEP,12434,MO - Bronze Star Valor,mo-bronze-star-valor-v1,mo-bronze-star-valor.png,25199,"equal size (25199 bytes) — new uses preferred "" - "" format",mo-bronze-star-valor
DEACTIVATE,4190,MO-Bronze Star Valor,mo-bronze-star-valor,mo-bronze-star-valor.gif,25199,"equal size (25199 bytes) — new uses preferred "" - "" format",
KEEP,12335,MO - Cave State,mo-cave-state-v1,mo-cave-state.png,26598,"equal size (26598 bytes) — new uses preferred "" - "" format",mo-cave-state
DEACTIVATE,4080,MO-Cave State,mo-cave-state,mo-cave-state.gif,26598,"equal size (26598 bytes) — new uses preferred "" - "" format",
KEEP,12344,MO - Central Methodist University,mo-central-methodist-university-v1,mo-central-methodist-university.png,18795,"equal size (18795 bytes) — new uses preferred "" - "" format",mo-central-methodist-university
DEACTIVATE,4154,MO-Central Methodist University,mo-central-methodist-university,mo-central-methodist-university.gif,18795,"equal size (18795 bytes) — new uses preferred "" - "" format",
KEEP,12382,MO - Childrens Trust Fund,mo-childrens-trust-fund-v1,mo-childrens-trust-fund.png,90774,new image larger (90774 vs 22061 bytes),mo-childrens-trust-fund
DEACTIVATE,4081,MO-Childrens Trust Fund,mo-childrens-trust-fund,mo-childrens-trust-fund.gif,22061,new image larger (90774 vs 22061 bytes),
KEEP,12383,MO - Choose Life,mo-choose-life-v1,mo-choose-life.png,25785,"equal size (25785 bytes) — new uses preferred "" - "" format",mo-choose-life
DEACTIVATE,4082,MO-Choose Life,mo-choose-life,mo-choose-life.gif,25785,"equal size (25785 bytes) — new uses preferred "" - "" format",
KEEP,12436,MO - Civil Air Patrol,mo-civil-air-patrol-v1,mo-civil-air-patrol.png,32563,"equal size (32563 bytes) — new uses preferred "" - "" format",mo-civil-air-patrol
DEACTIVATE,4191,MO-Civil Air Patrol,mo-civil-air-patrol,mo-civil-air-patrol.gif,32563,"equal size (32563 bytes) — new uses preferred "" - "" format",
KEEP,12437,MO - Coast Guard,mo-coast-guard-v1,mo-coast-guard.png,29985,"equal size (29985 bytes) — new uses preferred "" - "" format",mo-coast-guard
DEACTIVATE,4192,MO-Coast Guard,mo-coast-guard,mo-coast-guard.gif,29985,"equal size (29985 bytes) — new uses preferred "" - "" format",
KEEP,12345,MO - Columbia College,mo-columbia-college-v1,mo-columbia-college.png,28277,"equal size (28277 bytes) — new uses preferred "" - "" format",mo-columbia-college
DEACTIVATE,4155,MO-Columbia College,mo-columbia-college,mo-columbia-college.gif,28277,"equal size (28277 bytes) — new uses preferred "" - "" format",
KEEP,12439,MO - Combat Action,mo-combat-action-v1,mo-combat-action.png,37558,"equal size (37558 bytes) — new uses preferred "" - "" format",mo-combat-action
DEACTIVATE,4193,MO-Combat Action,mo-combat-action,mo-combat-action.gif,37558,"equal size (37558 bytes) — new uses preferred "" - "" format",
KEEP,12438,MO - Combat Action Ribbon,mo-combat-action-ribbon-v1,mo-combat-action-ribbon.png,24770,"equal size (24770 bytes) — new uses preferred "" - "" format",mo-combat-action-ribbon
DEACTIVATE,4194,MO-Combat Action Ribbon,mo-combat-action-ribbon,mo-combat-action-ribbon.gif,24770,"equal size (24770 bytes) — new uses preferred "" - "" format",
KEEP,12440,MO - Combat Infrantryman,mo-combat-infrantryman-v1,mo-combat-infrantryman.png,17572,"equal size (17572 bytes) — new uses preferred "" - "" format",mo-combat-infrantryman
DEACTIVATE,4195,MO-Combat Infrantryman,mo-combat-infrantryman,mo-combat-infrantryman.gif,17572,"equal size (17572 bytes) — new uses preferred "" - "" format",
KEEP,12441,MO - Combat Medic,mo-combat-medic-v1,mo-combat-medic.png,29849,"equal size (29849 bytes) — new uses preferred "" - "" format",mo-combat-medic
DEACTIVATE,4196,MO-Combat Medic,mo-combat-medic,mo-combat-medic.gif,29849,"equal size (29849 bytes) — new uses preferred "" - "" format",
KEEP,12442,MO - Congressional Medal Of Honor,mo-congressional-medal-of-honor-v1,mo-congressional-medal-of-honor.png,30089,"equal size (30089 bytes) — new uses preferred "" - "" format",mo-congressional-medal-of-honor
DEACTIVATE,4197,MO-Congressional Medal Of Honor,mo-congressional-medal-of-honor,mo-congressional-medal-of-honor.gif,30089,"equal size (30089 bytes) — new uses preferred "" - "" format",
KEEP,12336,MO - Conservation Bald Eagle,mo-conservation-bald-eagle-v1,mo-conservation-bald-eagle.png,32871,"equal size (32871 bytes) — new uses preferred "" - "" format",mo-conservation-bald-eagle
DEACTIVATE,4083,MO-Conservation-Bald Eagle,mo-conservation-bald-eagle,mo-conservation-bald-eagle.gif,32871,"equal size (32871 bytes) — new uses preferred "" - "" format",
KEEP,12337,MO - Conservation Bluebird,mo-conservation-bluebird-v1,mo-conservation-bluebird.png,81710,new image larger (81710 vs 46034 bytes),mo-conservation-bluebird
DEACTIVATE,4084,MO-Conservation-Bluebird,mo-conservation-bluebird,mo-conservation-bluebird.gif,46034,new image larger (81710 vs 46034 bytes),
KEEP,12338,MO - Conservation Deer,mo-conservation-deer-v1,mo-conservation-deer.png,83991,new image larger (83991 vs 43102 bytes),mo-conservation-deer
DEACTIVATE,4085,MO-Conservation-Deer,mo-conservation-deer,mo-conservation-deer.gif,43102,new image larger (83991 vs 43102 bytes),
KEEP,12346,MO - Culver Stockton College,mo-culver-stockton-college-v1,mo-culver-stockton-college.png,25860,"equal size (25860 bytes) — new uses preferred "" - "" format",mo-culver-stockton-college
DEACTIVATE,4156,MO-Culver-Stockton College,mo-culver-stockton-college,mo-culver-stockton-college.gif,25860,"equal size (25860 bytes) — new uses preferred "" - "" format",
KEEP,12423,MO - Custom Vehicle,mo-custom-vehicle-v1,mo-custom-vehicle.png,42234,"equal size (42234 bytes) — new uses preferred "" - "" format",mo-custom-vehicle
DEACTIVATE,4147,MO-Custom Vehicle,mo-custom-vehicle,mo-custom-vehicle.gif,42234,"equal size (42234 bytes) — new uses preferred "" - "" format",
KEEP,12308,MO - Delta Sigma Theta,mo-delta-sigma-theta-v1,mo-delta-sigma-theta.png,23093,"equal size (23093 bytes) — new uses preferred "" - "" format",mo-delta-sigma-theta
DEACTIVATE,4087,MO-Delta Sigma Theta,mo-delta-sigma-theta,mo-delta-sigma-theta.gif,23093,"equal size (23093 bytes) — new uses preferred "" - "" format",
KEEP,12444,MO - Disabled Veteran,mo-disabled-veteran-v1,mo-disabled-veteran.png,22900,"equal size (22900 bytes) — new uses preferred "" - "" format",mo-disabled-veteran
DEACTIVATE,4198,MO-Disabled Veteran,mo-disabled-veteran,mo-disabled-veteran.gif,22900,"equal size (22900 bytes) — new uses preferred "" - "" format",
KEEP,12443,MO - Disabled Veteran Alternate,mo-disabled-veteran-alternate-v1,mo-disabled-veteran-alternate.png,27737,"equal size (27737 bytes) — new uses preferred "" - "" format",mo-disabled-veteran-alternate
DEACTIVATE,4199,MO-Disabled Veteran-Alternate,mo-disabled-veteran-alternate,mo-disabled-veteran-alternate.gif,27737,"equal size (27737 bytes) — new uses preferred "" - "" format",
KEEP,12445,MO - Distinguished Flying Cross,mo-distinguished-flying-cross-v1,mo-distinguished-flying-cross.png,18952,"equal size (18952 bytes) — new uses preferred "" - "" format",mo-distinguished-flying-cross
DEACTIVATE,4200,MO-Distinguished Flying Cross,mo-distinguished-flying-cross,mo-distinguished-flying-cross.gif,18952,"equal size (18952 bytes) — new uses preferred "" - "" format",
KEEP,12384,MO - Dont Tread On ME,mo-dont-tread-on-me-v1,mo-dont-tread-on-me.png,117881,new image larger (117881 vs 35311 bytes),mo-dont-tread-on-me
DEACTIVATE,4088,MO-Don't Tread on Me,mo-dont-tread-on-me,mo-don-t-tread-on-me.gif,35311,new image larger (117881 vs 35311 bytes),
KEEP,12347,MO - Drury University,mo-drury-university-v1,mo-drury-university.png,19144,"equal size (19144 bytes) — new uses preferred "" - "" format",mo-drury-university
DEACTIVATE,4157,MO-Drury University,mo-drury-university,mo-drury-university.gif,19144,"equal size (19144 bytes) — new uses preferred "" - "" format",
KEEP,12340,MO - Ducks Unlimited,mo-ducks-unlimited-v1,mo-ducks-unlimited.png,29558,"equal size (29558 bytes) — new uses preferred "" - "" format",mo-ducks-unlimited
DEACTIVATE,4089,MO-Ducks Unlimited,mo-ducks-unlimited,mo-ducks-unlimited.gif,29558,"equal size (29558 bytes) — new uses preferred "" - "" format",
KEEP,12385,MO - Eagle Scout,mo-eagle-scout-v1,mo-eagle-scout.png,20565,"equal size (20565 bytes) — new uses preferred "" - "" format",mo-eagle-scout
DEACTIVATE,4090,MO-Eagle Scout,mo-eagle-scout,mo-eagle-scout.gif,20565,"equal size (20565 bytes) — new uses preferred "" - "" format",
KEEP,12301,MO - Emt,mo-emt-v1,mo-emt.png,19034,"equal size (19034 bytes) — new uses preferred "" - "" format",mo-emt
DEACTIVATE,4091,MO-EMT,mo-emt,mo-emt.gif,19034,"equal size (19034 bytes) — new uses preferred "" - "" format",
KEEP,12386,MO - Fight Terrorism,mo-fight-terrorism-v1,mo-fight-terrorism.png,86322,new image larger (86322 vs 21341 bytes),mo-fight-terrorism
DEACTIVATE,4092,MO-Fight Terrorism,mo-fight-terrorism,mo-fight-terrorism.gif,21341,new image larger (86322 vs 21341 bytes),
KEEP,12302,MO - Firefighter,mo-firefighter-v1,mo-firefighter.png,21603,"equal size (21603 bytes) — new uses preferred "" - "" format",mo-firefighter
DEACTIVATE,4093,MO-Firefighter,mo-firefighter,mo-firefighter.gif,21603,"equal size (21603 bytes) — new uses preferred "" - "" format",
KEEP,12348,MO - Fontbonne University,mo-fontbonne-university-v1,mo-fontbonne-university.png,24772,"equal size (24772 bytes) — new uses preferred "" - "" format",mo-fontbonne-university
DEACTIVATE,4158,MO-Fontbonne University,mo-fontbonne-university,mo-fontbonne-university.gif,24772,"equal size (24772 bytes) — new uses preferred "" - "" format",
KEEP,12326,MO - Former Missouri Legislator,mo-former-missouri-legislator-v1,mo-former-missouri-legislator.png,33097,"equal size (33097 bytes) — new uses preferred "" - "" format",mo-former-missouri-legislator
DEACTIVATE,4094,MO-Former Missouri Legislator,mo-former-missouri-legislator,mo-former-missouri-legislator.gif,33097,"equal size (33097 bytes) — new uses preferred "" - "" format",
KEEP,12309,MO - Fraternal Order Of Eagles,mo-fraternal-order-of-eagles-v1,mo-fraternal-order-of-eagles.png,25273,"equal size (25273 bytes) — new uses preferred "" - "" format",mo-fraternal-order-of-eagles
DEACTIVATE,4095,MO-Fraternal Order Of Eagles,mo-fraternal-order-of-eagles,mo-fraternal-order-of-eagles.gif,25273,"equal size (25273 bytes) — new uses preferred "" - "" format",
KEEP,12303,MO - Fraternal Order Of Police,mo-fraternal-order-of-police-v1,mo-fraternal-order-of-police.png,25530,"equal size (25530 bytes) — new uses preferred "" - "" format",mo-fraternal-order-of-police
DEACTIVATE,4096,MO-Fraternal Order Of Police,mo-fraternal-order-of-police,mo-fraternal-order-of-police.gif,25530,"equal size (25530 bytes) — new uses preferred "" - "" format",
KEEP,12387,MO - Friends Of Arrow Rock,mo-friends-of-arrow-rock-v1,mo-friends-of-arrow-rock.png,24623,"equal size (24623 bytes) — new uses preferred "" - "" format",mo-friends-of-arrow-rock
DEACTIVATE,4097,MO-Friends Of Arrow Rock,mo-friends-of-arrow-rock,mo-friends-of-arrow-rock.gif,24623,"equal size (24623 bytes) — new uses preferred "" - "" format",
KEEP,12388,MO - Gateway Arch,mo-gateway-arch-v1,mo-gateway-arch.png,34845,"equal size (34845 bytes) — new uses preferred "" - "" format",mo-gateway-arch
DEACTIVATE,4098,MO-Gateway Arch,mo-gateway-arch,mo-gateway-arch.gif,34845,"equal size (34845 bytes) — new uses preferred "" - "" format",
KEEP,12389,MO - God Bless America,mo-god-bless-america-v1,mo-god-bless-america.png,90032,new image larger (90032 vs 23388 bytes),mo-god-bless-america
DEACTIVATE,4099,MO-God Bless America,mo-god-bless-america,mo-god-bless-america.gif,23388,new image larger (90032 vs 23388 bytes),
KEEP,12310,MO - Grand Lodge Freemason,mo-grand-lodge-freemason-v1,mo-grand-lodge-freemason.png,23266,"equal size (23266 bytes) — new uses preferred "" - "" format",mo-grand-lodge-freemason
DEACTIVATE,4100,MO-Grand Lodge Freemason,mo-grand-lodge-freemason,mo-grand-lodge-freemason.gif,23266,"equal size (23266 bytes) — new uses preferred "" - "" format",
KEEP,12341,MO - Great Rivers State,mo-great-rivers-state-v1,mo-great-rivers-state.png,37899,"equal size (37899 bytes) — new uses preferred "" - "" format",mo-great-rivers-state
DEACTIVATE,4101,MO-Great Rivers State,mo-great-rivers-state,mo-great-rivers-state.gif,37899,"equal size (37899 bytes) — new uses preferred "" - "" format",
KEEP,12447,MO - Gulf War Veteran,mo-gulf-war-veteran-v1,mo-gulf-war-veteran.png,25587,"equal size (25587 bytes) — new uses preferred "" - "" format",mo-gulf-war-veteran
DEACTIVATE,4202,MO-Gulf War Veteran,mo-gulf-war-veteran,mo-gulf-war-veteran.gif,25587,"equal size (25587 bytes) — new uses preferred "" - "" format",
KEEP,12390,MO - Hearing Impaired Kids Endowment,mo-hearing-impaired-kids-endowment-v1,mo-hearing-impaired-kids-endowment.png,21637,"equal size (21637 bytes) — new uses preferred "" - "" format",mo-hearing-impaired-kids-endowment
DEACTIVATE,4102,MO-Hearing Impaired Kids Endowment,mo-hearing-impaired-kids-endowment,mo-hearing-impaired-kids-endowment.gif,21637,"equal size (21637 bytes) — new uses preferred "" - "" format",
KEEP,12391,MO - Helping Schools,mo-helping-schools-v1,mo-helping-schools.png,25186,"equal size (25186 bytes) — new uses preferred "" - "" format",mo-helping-schools
DEACTIVATE,4103,MO-Helping Schools,mo-helping-schools,mo-helping-schools.gif,25186,"equal size (25186 bytes) — new uses preferred "" - "" format",
KEEP,12424,MO - Historic,mo-historic-v1,mo-historic.png,41376,"equal size (41376 bytes) — new uses preferred "" - "" format",mo-historic
DEACTIVATE,4148,MO-Historic,mo-historic,mo-historic.gif,41376,"equal size (41376 bytes) — new uses preferred "" - "" format",
KEEP,12392,MO - ID Rather Fly,mo-id-rather-fly-v1,mo-id-rather-fly.png,40022,"equal size (40022 bytes) — new uses preferred "" - "" format",mo-id-rather-fly
DEACTIVATE,4104,MO-I'd Rather Fly,mo-id-rather-fly,mo-i-d-rather-fly.gif,40022,"equal size (40022 bytes) — new uses preferred "" - "" format",
KEEP,12393,MO - Im Pet Friendly,mo-im-pet-friendly-v1,mo-im-pet-friendly.png,28087,"equal size (28087 bytes) — new uses preferred "" - "" format",mo-im-pet-friendly
DEACTIVATE,4105,MO-I'm Pet Friendly,mo-im-pet-friendly,mo-i-m-pet-friendly.gif,28087,"equal size (28087 bytes) — new uses preferred "" - "" format",
KEEP,12414,MO - Kansas City Chiefs,mo-kansas-city-chiefs-v1,mo-kansas-city-chiefs.png,18915,"equal size (18915 bytes) — new uses preferred "" - "" format",mo-kansas-city-chiefs
DEACTIVATE,4106,MO-Kansas City Chiefs,mo-kansas-city-chiefs,mo-kansas-city-chiefs.gif,18915,"equal size (18915 bytes) — new uses preferred "" - "" format",
KEEP,12415,MO - Kansas City Royals,mo-kansas-city-royals-v1,mo-kansas-city-royals.png,39263,"equal size (39263 bytes) — new uses preferred "" - "" format",mo-kansas-city-royals
DEACTIVATE,4107,MO-Kansas City Royals,mo-kansas-city-royals,mo-kansas-city-royals.gif,39263,"equal size (39263 bytes) — new uses preferred "" - "" format",
REVIEW,4108,MO-Kansas City Zoo,mo-kansas-city-zoo,mo-kansas-city-zoo.gif,27524,2 variants found — manual review needed,
REVIEW,12395,MO - Kansas City Zoo,mo-kansas-city-zoo-v1,mo-kansas-city-zoo.png,27524,2 variants found — manual review needed,
REVIEW,12394,MO - Kansas City Zoo v2,mo-kansas-city-zoo-v2,mo-kansas-city-zoo-v2.png,32573,2 variants found — manual review needed,
KEEP,12311,MO - Kappa Alpha Psi,mo-kappa-alpha-psi-v1,mo-kappa-alpha-psi.png,28932,"equal size (28932 bytes) — new uses preferred "" - "" format",mo-kappa-alpha-psi
DEACTIVATE,4109,MO-Kappa Alpha Psi,mo-kappa-alpha-psi,mo-kappa-alpha-psi.gif,28932,"equal size (28932 bytes) — new uses preferred "" - "" format",
KEEP,12312,MO - Kingdom Of Calontir,mo-kingdom-of-calontir-v1,mo-kingdom-of-calontir.png,29578,"equal size (29578 bytes) — new uses preferred "" - "" format",mo-kingdom-of-calontir
DEACTIVATE,4111,MO-Kingdom Of Calontir,mo-kingdom-of-calontir,mo-kingdom-of-calontir.gif,29578,"equal size (29578 bytes) — new uses preferred "" - "" format",
KEEP,12313,MO - Knights Of Columbus,mo-knights-of-columbus-v1,mo-knights-of-columbus.png,22208,"equal size (22208 bytes) — new uses preferred "" - "" format",mo-knights-of-columbus
DEACTIVATE,4110,MO-Knights Of Columbus,mo-knights-of-columbus,mo-knights-of-columbus.gif,22208,"equal size (22208 bytes) — new uses preferred "" - "" format",
KEEP,12448,MO - Korean War Veteran,mo-korean-war-veteran-v1,mo-korean-war-veteran.png,26189,"equal size (26189 bytes) — new uses preferred "" - "" format",mo-korean-war-veteran
DEACTIVATE,4203,MO-Korean War Veteran,mo-korean-war-veteran,mo-korean-war-veteran.gif,26189,"equal size (26189 bytes) — new uses preferred "" - "" format",
KEEP,12449,MO - Legion Of Merit,mo-legion-of-merit-v1,mo-legion-of-merit.png,30277,"equal size (30277 bytes) — new uses preferred "" - "" format",mo-legion-of-merit
DEACTIVATE,4204,MO-Legion of Merit,mo-legion-of-merit,mo-legion-of-merit.gif,30277,"equal size (30277 bytes) — new uses preferred "" - "" format",
KEEP,12349,MO - Lincoln University,mo-lincoln-university-v1,mo-lincoln-university.png,24871,"equal size (24871 bytes) — new uses preferred "" - "" format",mo-lincoln-university
DEACTIVATE,4159,MO-Lincoln University,mo-lincoln-university,mo-lincoln-university.gif,24871,"equal size (24871 bytes) — new uses preferred "" - "" format",
KEEP,12350,MO - Lindenwood University,mo-lindenwood-university-v1,mo-lindenwood-university.png,14567,"equal size (14567 bytes) — new uses preferred "" - "" format",mo-lindenwood-university
DEACTIVATE,4160,MO-Lindenwood University,mo-lindenwood-university,mo-lindenwood-university.gif,14567,"equal size (14567 bytes) — new uses preferred "" - "" format",
KEEP,12314,MO - Lions Club,mo-lions-club-v1,mo-lions-club.png,29511,"equal size (29511 bytes) — new uses preferred "" - "" format",mo-lions-club
DEACTIVATE,4112,MO-Lions Club,mo-lions-club,mo-lions-club.gif,29511,"equal size (29511 bytes) — new uses preferred "" - "" format",
KEEP,12451,MO - Marine,mo-marine-v1,mo-marine.png,29878,"equal size (29878 bytes) — new uses preferred "" - "" format",mo-marine
DEACTIVATE,4205,MO-Marine,mo-marine,mo-marine.gif,29878,"equal size (29878 bytes) — new uses preferred "" - "" format",
KEEP,12450,MO - Marine Corps League,mo-marine-corps-league-v1,mo-marine-corps-league.png,31536,"equal size (31536 bytes) — new uses preferred "" - "" format",mo-marine-corps-league
DEACTIVATE,4206,MO-Marine Corps League,mo-marine-corps-league,mo-marine-corps-league.gif,31536,"equal size (31536 bytes) — new uses preferred "" - "" format",
KEEP,12351,MO - Maryville University Of St Louis,mo-maryville-university-of-st-louis-v1,mo-maryville-university-of-st-louis.png,21911,"equal size (21911 bytes) — new uses preferred "" - "" format",mo-maryville-university-of-st-louis
DEACTIVATE,4161,MO-Maryville University of St. Louis,mo-maryville-university-of-st-louis,mo-maryville-university-of-st-louis.gif,21911,"equal size (21911 bytes) — new uses preferred "" - "" format",
KEEP,12396,MO - Masters,mo-masters-v1,mo-masters.png,20519,"equal size (20519 bytes) — new uses preferred "" - "" format",mo-masters
DEACTIVATE,4113,MO-MASTERS,mo-masters,mo-masters.gif,20519,"equal size (20519 bytes) — new uses preferred "" - "" format",
KEEP,12452,MO - Merchant Marine,mo-merchant-marine-v1,mo-merchant-marine.png,41708,"equal size (41708 bytes) — new uses preferred "" - "" format",mo-merchant-marine
DEACTIVATE,4207,MO-Merchant Marine,mo-merchant-marine,mo-merchant-marine.gif,41708,"equal size (41708 bytes) — new uses preferred "" - "" format",
KEEP,12453,MO - Meritorious Service Medal,mo-meritorious-service-medal-v1,mo-meritorious-service-medal.png,39967,"equal size (39967 bytes) — new uses preferred "" - "" format",mo-meritorious-service-medal
DEACTIVATE,4208,MO-Meritorious Service Medal,mo-meritorious-service-medal,mo-meritorious-service-medal.gif,39967,"equal size (39967 bytes) — new uses preferred "" - "" format",
KEEP,12397,MO - Missouri 4 H,mo-missouri-4-h-v1,mo-missouri-4-h.png,23301,"equal size (23301 bytes) — new uses preferred "" - "" format",mo-missouri-4-h
DEACTIVATE,4114,MO-Missouri 4-H,mo-missouri-4-h,mo-missouri-4-h.gif,23301,"equal size (23301 bytes) — new uses preferred "" - "" format",
KEEP,12398,MO - Missouri Association Of Realtors,mo-missouri-association-of-realtors-v1,mo-missouri-association-of-realtors.png,28335,"equal size (28335 bytes) — new uses preferred "" - "" format",mo-missouri-association-of-realtors
DEACTIVATE,4115,MO-Missouri Association of Realtors,mo-missouri-association-of-realtors,mo-missouri-association-of-realtors.gif,28335,"equal size (28335 bytes) — new uses preferred "" - "" format",
KEEP,12416,MO - Missouri Bicycle And Pedestrian Federation,mo-missouri-bicycle-and-pedestrian-federation-v1,mo-missouri-bicycle-and-pedestrian-federation.png,27741,"equal size (27741 bytes) — new uses preferred "" - "" format",mo-missouri-bicycle-and-pedestrian-federation
DEACTIVATE,4116,MO-Missouri Bicycle and Pedestrian Federation,mo-missouri-bicycle-and-pedestrian-federation,mo-missouri-bicycle-and-pedestrian-federation.gif,27741,"equal size (27741 bytes) — new uses preferred "" - "" format",
KEEP,12399,MO - Missouri Botanical Garden,mo-missouri-botanical-garden-v1,mo-missouri-botanical-garden.png,30177,"equal size (30177 bytes) — new uses preferred "" - "" format",mo-missouri-botanical-garden
DEACTIVATE,4117,MO-Missouri Botanical Garden,mo-missouri-botanical-garden,mo-missouri-botanical-garden.gif,30177,"equal size (30177 bytes) — new uses preferred "" - "" format",
KEEP,12315,MO - Missouri Elks Association,mo-missouri-elks-association-v1,mo-missouri-elks-association.png,21928,"equal size (21928 bytes) — new uses preferred "" - "" format",mo-missouri-elks-association
DEACTIVATE,4118,MO-Missouri Elks Association,mo-missouri-elks-association,mo-missouri-elks-association.gif,21928,"equal size (21928 bytes) — new uses preferred "" - "" format",
KEEP,12316,MO - Missouri Jaycees,mo-missouri-jaycees-v1,mo-missouri-jaycees.png,24534,"equal size (24534 bytes) — new uses preferred "" - "" format",mo-missouri-jaycees
DEACTIVATE,4120,MO-Missouri Jaycees,mo-missouri-jaycees,mo-missouri-jaycees.gif,24534,"equal size (24534 bytes) — new uses preferred "" - "" format",
KEEP,12417,MO - Missouri Junior Golf Foundation,mo-missouri-junior-golf-foundation-v1,mo-missouri-junior-golf-foundation.png,38752,"equal size (38752 bytes) — new uses preferred "" - "" format",mo-missouri-junior-golf-foundation
DEACTIVATE,4121,MO-Missouri Junior Golf Foundation,mo-missouri-junior-golf-foundation,mo-missouri-junior-golf-foundation.gif,38752,"equal size (38752 bytes) — new uses preferred "" - "" format",
KEEP,12401,MO - Missouri Nurses Foundation,mo-missouri-nurses-foundation-v1,mo-missouri-nurses-foundation.png,36261,"equal size (36261 bytes) — new uses preferred "" - "" format",mo-missouri-nurses-foundation
DEACTIVATE,4122,MO-Missouri Nurses Foundation,mo-missouri-nurses-foundation,mo-missouri-nurses-foundation.gif,36261,"equal size (36261 bytes) — new uses preferred "" - "" format",
KEEP,12352,MO - Missouri Southern State University,mo-missouri-southern-state-university-v1,mo-missouri-southern-state-university.png,27339,"equal size (27339 bytes) — new uses preferred "" - "" format",mo-missouri-southern-state-university
DEACTIVATE,4162,MO-Missouri Southern State University,mo-missouri-southern-state-university,mo-missouri-southern-state-university.gif,27339,"equal size (27339 bytes) — new uses preferred "" - "" format",
KEEP,12353,MO - Missouri State University,mo-missouri-state-university-v1,mo-missouri-state-university.png,27123,"equal size (27123 bytes) — new uses preferred "" - "" format",mo-missouri-state-university
DEACTIVATE,4163,MO-Missouri State University,mo-missouri-state-university,mo-missouri-state-university.gif,27123,"equal size (27123 bytes) — new uses preferred "" - "" format",
KEEP,12455,MO - Missouri Task Force 1,mo-missouri-task-force-1-v1,mo-missouri-task-force-1.png,23109,"equal size (23109 bytes) — new uses preferred "" - "" format",mo-missouri-task-force-1
DEACTIVATE,4124,MO-Missouri Task Force 1,mo-missouri-task-force-1,mo-missouri-task-force-1.gif,23109,"equal size (23109 bytes) — new uses preferred "" - "" format",
KEEP,12402,MO - Missouri Travel Council,mo-missouri-travel-council-v1,mo-missouri-travel-council.png,32111,"equal size (32111 bytes) — new uses preferred "" - "" format",mo-missouri-travel-council
DEACTIVATE,4125,MO-Missouri Travel Council,mo-missouri-travel-council,mo-missouri-travel-council.gif,32111,"equal size (32111 bytes) — new uses preferred "" - "" format",
KEEP,12354,MO - Missouri University Of Science And Technology,mo-missouri-university-of-science-and-technology-v1,mo-missouri-university-of-science-and-technology.png,22940,"equal size (22940 bytes) — new uses preferred "" - "" format",mo-missouri-university-of-science-and-technology
DEACTIVATE,4164,MO-Missouri University of Science and Technology,mo-missouri-university-of-science-and-technology,mo-missouri-university-of-science-and-technology.gif,22940,"equal size (22940 bytes) — new uses preferred "" - "" format",
KEEP,12355,MO - Missouri Valley College,mo-missouri-valley-college-v1,mo-missouri-valley-college.png,20724,"equal size (20724 bytes) — new uses preferred "" - "" format",mo-missouri-valley-college
DEACTIVATE,4165,MO-Missouri Valley College,mo-missouri-valley-college,mo-missouri-valley-college.gif,20724,"equal size (20724 bytes) — new uses preferred "" - "" format",
KEEP,12356,MO - Missouri Western State University,mo-missouri-western-state-university-v1,mo-missouri-western-state-university.png,25520,"equal size (25520 bytes) — new uses preferred "" - "" format",mo-missouri-western-state-university
DEACTIVATE,4166,MO-Missouri Western State University,mo-missouri-western-state-university,mo-missouri-western-state-university.gif,25520,"equal size (25520 bytes) — new uses preferred "" - "" format",
KEEP,12403,MO - Mkn Teamsters,mo-mkn-teamsters-v1,mo-mkn-teamsters.png,28922,"equal size (28922 bytes) — new uses preferred "" - "" format",mo-mkn-teamsters
DEACTIVATE,4126,MO-MKN Teamsters,mo-mkn-teamsters,mo-mkn-teamsters.gif,28922,"equal size (28922 bytes) — new uses preferred "" - "" format",
KEEP,12404,MO - MO Ag Agribusiness,mo-mo-ag-agribusiness-v1,mo-mo-ag-agribusiness.png,21404,"equal size (21404 bytes) — new uses preferred "" - "" format",mo-mo-ag-agribusiness
DEACTIVATE,4127,MO-MO-AG Agribusiness,mo-mo-ag-agribusiness,mo-mo-ag-agribusiness.gif,21404,"equal size (21404 bytes) — new uses preferred "" - "" format",
KEEP,12456,MO - National Guard,mo-national-guard-v1,mo-national-guard.png,33999,"equal size (33999 bytes) — new uses preferred "" - "" format",mo-national-guard
DEACTIVATE,4209,MO-National Guard,mo-national-guard,mo-national-guard.gif,33999,"equal size (33999 bytes) — new uses preferred "" - "" format",
KEEP,12458,MO - Navy,mo-navy-v1,mo-navy.png,32058,"equal size (32058 bytes) — new uses preferred "" - "" format",mo-navy
DEACTIVATE,4210,MO-Navy,mo-navy,mo-navy.gif,32058,"equal size (32058 bytes) — new uses preferred "" - "" format",
KEEP,12457,MO - Navy Cross,mo-navy-cross-v1,mo-navy-cross.png,27216,"equal size (27216 bytes) — new uses preferred "" - "" format",mo-navy-cross
DEACTIVATE,4211,MO-Navy Cross,mo-navy-cross,mo-navy-cross.gif,27216,"equal size (27216 bytes) — new uses preferred "" - "" format",
KEEP,12357,MO - Northwest Missouri State University,mo-northwest-missouri-state-university-v1,mo-northwest-missouri-state-university.png,20622,"equal size (20622 bytes) — new uses preferred "" - "" format",mo-northwest-missouri-state-university
DEACTIVATE,4167,MO-Northwest Missouri State University,mo-northwest-missouri-state-university,mo-northwest-missouri-state-university.gif,20622,"equal size (20622 bytes) — new uses preferred "" - "" format",
KEEP,12317,MO - Omega Psi Phi,mo-omega-psi-phi-v1,mo-omega-psi-phi.png,30238,"equal size (30238 bytes) — new uses preferred "" - "" format",mo-omega-psi-phi
DEACTIVATE,4128,MO-Omega Psi Phi,mo-omega-psi-phi,mo-omega-psi-phi.gif,30238,"equal size (30238 bytes) — new uses preferred "" - "" format",
KEEP,12459,MO - Operation Enduring Freedom,mo-operation-enduring-freedom-v1,mo-operation-enduring-freedom.png,28399,"equal size (28399 bytes) — new uses preferred "" - "" format",mo-operation-enduring-freedom
DEACTIVATE,4212,MO-Operation Enduring Freedom,mo-operation-enduring-freedom,mo-operation-enduring-freedom.gif,28399,"equal size (28399 bytes) — new uses preferred "" - "" format",
KEEP,12460,MO - Operation Iraqi Freedom Veteran,mo-operation-iraqi-freedom-veteran-v1,mo-operation-iraqi-freedom-veteran.png,25714,"equal size (25714 bytes) — new uses preferred "" - "" format",mo-operation-iraqi-freedom-veteran
DEACTIVATE,4213,MO-Operation Iraqi Freedom Veteran,mo-operation-iraqi-freedom-veteran,mo-operation-iraqi-freedom-veteran.gif,25714,"equal size (25714 bytes) — new uses preferred "" - "" format",
KEEP,12461,MO - Operation Noble Eagle,mo-operation-noble-eagle-v1,mo-operation-noble-eagle.png,28852,"equal size (28852 bytes) — new uses preferred "" - "" format",mo-operation-noble-eagle
DEACTIVATE,4214,MO-Operation Noble Eagle,mo-operation-noble-eagle,mo-operation-noble-eagle.gif,28852,"equal size (28852 bytes) — new uses preferred "" - "" format",
KEEP,12405,MO - Order Of The Arrow,mo-order-of-the-arrow-v1,mo-order-of-the-arrow.png,20902,"equal size (20902 bytes) — new uses preferred "" - "" format",mo-order-of-the-arrow
DEACTIVATE,4129,MO-Order Of The Arrow,mo-order-of-the-arrow,mo-order-of-the-arrow.gif,20902,"equal size (20902 bytes) — new uses preferred "" - "" format",
KEEP,12318,MO - Order Of The Eastern Star Harmony Grand Chapter,mo-order-of-the-eastern-star-harmony-grand-chapter-v1,mo-order-of-the-eastern-star-harmony-grand-chapter.png,22194,"equal size (22194 bytes) — new uses preferred "" - "" format",mo-order-of-the-eastern-star-harmony-grand-chapter
DEACTIVATE,4130,MO-Order Of The Eastern Star-Harmony Grand Chapter,mo-order-of-the-eastern-star-harmony-grand-chapter,mo-order-of-the-eastern-star-harmony-grand-chapter.gif,22194,"equal size (22194 bytes) — new uses preferred "" - "" format",
KEEP,12304,MO - Paramedic,mo-paramedic-v1,mo-paramedic.png,17829,"equal size (17829 bytes) — new uses preferred "" - "" format",mo-paramedic
DEACTIVATE,4131,MO-Paramedic,mo-paramedic,mo-paramedic.gif,17829,"equal size (17829 bytes) — new uses preferred "" - "" format",
KEEP,12358,MO - Park University,mo-park-university-v1,mo-park-university.png,19040,"equal size (19040 bytes) — new uses preferred "" - "" format",mo-park-university
DEACTIVATE,4168,MO-Park University,mo-park-university,mo-park-university.gif,19040,"equal size (19040 bytes) — new uses preferred "" - "" format",
KEEP,12462,MO - Pearl Harbor Survivor,mo-pearl-harbor-survivor-v1,mo-pearl-harbor-survivor.png,31520,"equal size (31520 bytes) — new uses preferred "" - "" format",mo-pearl-harbor-survivor
DEACTIVATE,4215,MO-Pearl Harbor Survivor,mo-pearl-harbor-survivor,mo-pearl-harbor-survivor.gif,31520,"equal size (31520 bytes) — new uses preferred "" - "" format",
KEEP,12359,MO - Pittsburg State University,mo-pittsburg-state-university-v1,mo-pittsburg-state-university.png,21115,"equal size (21115 bytes) — new uses preferred "" - "" format",mo-pittsburg-state-university
DEACTIVATE,4132,MO-Pittsburg State University,mo-pittsburg-state-university,mo-pittsburg-state-university.gif,21115,"equal size (21115 bytes) — new uses preferred "" - "" format",
KEEP,12319,MO - Prince Hall Grand Lodge Masons,mo-prince-hall-grand-lodge-masons-v1,mo-prince-hall-grand-lodge-masons.png,22585,"equal size (22585 bytes) — new uses preferred "" - "" format",mo-prince-hall-grand-lodge-masons
DEACTIVATE,4133,MO-Prince Hall Grand Lodge Masons,mo-prince-hall-grand-lodge-masons,mo-prince-hall-grand-lodge-masons.gif,22585,"equal size (22585 bytes) — new uses preferred "" - "" format",
KEEP,12463,MO - Purple Heart,mo-purple-heart-v1,mo-purple-heart.png,19075,"equal size (19075 bytes) — new uses preferred "" - "" format",mo-purple-heart
DEACTIVATE,4216,MO-Purple Heart,mo-purple-heart,mo-purple-heart.gif,19075,"equal size (19075 bytes) — new uses preferred "" - "" format",
KEEP,12360,MO - Ranken Technical College,mo-ranken-technical-college-v1,mo-ranken-technical-college.png,24868,"equal size (24868 bytes) — new uses preferred "" - "" format",mo-ranken-technical-college
DEACTIVATE,4169,MO-Ranken Technical College,mo-ranken-technical-college,mo-ranken-technical-college.gif,24868,"equal size (24868 bytes) — new uses preferred "" - "" format",
KEEP,12464,MO - Retired Air Force,mo-retired-air-force-v1,mo-retired-air-force.png,29533,"equal size (29533 bytes) — new uses preferred "" - "" format",mo-retired-air-force
DEACTIVATE,4217,MO-Retired Air Force,mo-retired-air-force,mo-retired-air-force.gif,29533,"equal size (29533 bytes) — new uses preferred "" - "" format",
KEEP,12465,MO - Retired Army,mo-retired-army-v1,mo-retired-army.png,32886,"equal size (32886 bytes) — new uses preferred "" - "" format",mo-retired-army
DEACTIVATE,4218,MO-Retired Army,mo-retired-army,mo-retired-army.gif,32886,"equal size (32886 bytes) — new uses preferred "" - "" format",
KEEP,12467,MO - Retired Marine,mo-retired-marine-v1,mo-retired-marine.png,29149,"equal size (29149 bytes) — new uses preferred "" - "" format",mo-retired-marine
DEACTIVATE,4219,MO-Retired Marine,mo-retired-marine,mo-retired-marine.gif,29149,"equal size (29149 bytes) — new uses preferred "" - "" format",
KEEP,12466,MO - Retired Marine Corps League,mo-retired-marine-corps-league-v1,mo-retired-marine-corps-league.png,30331,"equal size (30331 bytes) — new uses preferred "" - "" format",mo-retired-marine-corps-league
DEACTIVATE,4220,MO-Retired Marine Corps League,mo-retired-marine-corps-league,mo-retired-marine-corps-league.gif,30331,"equal size (30331 bytes) — new uses preferred "" - "" format",
KEEP,12468,MO - Retired Military Coast Guard,mo-retired-military-coast-guard-v1,mo-retired-military-coast-guard.png,29556,"equal size (29556 bytes) — new uses preferred "" - "" format",mo-retired-military-coast-guard
DEACTIVATE,4221,MO-Retired Military Coast Guard,mo-retired-military-coast-guard,mo-retired-military-coast-guard.gif,29556,"equal size (29556 bytes) — new uses preferred "" - "" format",
KEEP,12469,MO - Retired National Guard,mo-retired-national-guard-v1,mo-retired-national-guard.png,31912,"equal size (31912 bytes) — new uses preferred "" - "" format",mo-retired-national-guard
DEACTIVATE,4222,MO-Retired National Guard,mo-retired-national-guard,mo-retired-national-guard.gif,31912,"equal size (31912 bytes) — new uses preferred "" - "" format",
KEEP,12470,MO - Retired Navy,mo-retired-navy-v1,mo-retired-navy.png,32716,"equal size (32716 bytes) — new uses preferred "" - "" format",mo-retired-navy
DEACTIVATE,4223,MO-Retired Navy,mo-retired-navy,mo-retired-navy.gif,32716,"equal size (32716 bytes) — new uses preferred "" - "" format",
KEEP,12361,MO - Rockhurst University,mo-rockhurst-university-v1,mo-rockhurst-university.png,26195,"equal size (26195 bytes) — new uses preferred "" - "" format",mo-rockhurst-university
DEACTIVATE,4170,MO-Rockhurst University,mo-rockhurst-university,mo-rockhurst-university.gif,26195,"equal size (26195 bytes) — new uses preferred "" - "" format",
KEEP,12320,MO - Rotary International,mo-rotary-international-v1,mo-rotary-international.png,25845,"equal size (25845 bytes) — new uses preferred "" - "" format",mo-rotary-international
DEACTIVATE,4134,MO-Rotary International,mo-rotary-international,mo-rotary-international.gif,25845,"equal size (25845 bytes) — new uses preferred "" - "" format",
KEEP,12408,MO - Safari Club International,mo-safari-club-international-v1,mo-safari-club-international.png,17891,"equal size (17891 bytes) — new uses preferred "" - "" format",mo-safari-club-international
DEACTIVATE,4135,MO-Safari Club International,mo-safari-club-international,mo-safari-club-international.gif,17891,"equal size (17891 bytes) — new uses preferred "" - "" format",
KEEP,12362,MO - Saint Louis University,mo-saint-louis-university-v1,mo-saint-louis-university.png,20759,"equal size (20759 bytes) — new uses preferred "" - "" format",mo-saint-louis-university
DEACTIVATE,4171,MO-Saint Louis University,mo-saint-louis-university,mo-saint-louis-university.gif,20759,"equal size (20759 bytes) — new uses preferred "" - "" format",
KEEP,12321,MO - Shriners,mo-shriners-v1,mo-shriners.png,27782,"equal size (27782 bytes) — new uses preferred "" - "" format",mo-shriners
DEACTIVATE,4137,MO-Shriners,mo-shriners,mo-shriners.gif,27782,"equal size (27782 bytes) — new uses preferred "" - "" format",
KEEP,12332,MO - Shuttle Bus,mo-shuttle-bus-v1,mo-shuttle-bus.png,36446,"equal size (36446 bytes) — new uses preferred "" - "" format",mo-shuttle-bus
DEACTIVATE,4149,MO-Shuttle Bus,mo-shuttle-bus,mo-shuttle-bus.gif,36446,"equal size (36446 bytes) — new uses preferred "" - "" format",
KEEP,12322,MO - Sigma Gamma Rho,mo-sigma-gamma-rho-v1,mo-sigma-gamma-rho.png,24613,"equal size (24613 bytes) — new uses preferred "" - "" format",mo-sigma-gamma-rho
DEACTIVATE,4138,MO-Sigma Gamma Rho,mo-sigma-gamma-rho,mo-sigma-gamma-rho.gif,24613,"equal size (24613 bytes) — new uses preferred "" - "" format",
KEEP,12471,MO - Silver Star,mo-silver-star-v1,mo-silver-star.png,24759,"equal size (24759 bytes) — new uses preferred "" - "" format",mo-silver-star
DEACTIVATE,4224,MO-Silver Star,mo-silver-star,mo-silver-star.gif,24759,"equal size (24759 bytes) — new uses preferred "" - "" format",
KEEP,12363,MO - Southeast Missouri State,mo-southeast-missouri-state-v1,mo-southeast-missouri-state.png,23322,"equal size (23322 bytes) — new uses preferred "" - "" format",mo-southeast-missouri-state
DEACTIVATE,4172,MO-Southeast Missouri State,mo-southeast-missouri-state,mo-southeast-missouri-state.gif,23322,"equal size (23322 bytes) — new uses preferred "" - "" format",
REVIEW,4139,MO-Special Olympics Missouri,mo-special-olympics-missouri,mo-special-olympics-missouri.gif,30130,2 variants found — manual review needed,
REVIEW,12419,MO - Special Olympics Missouri,mo-special-olympics-missouri-v1,mo-special-olympics-missouri.png,30130,2 variants found — manual review needed,
REVIEW,12418,MO - Special Olympics Missouri v2,mo-special-olympics-missouri-v2,mo-special-olympics-missouri-v2.png,43418,2 variants found — manual review needed,
KEEP,12420,MO - St Louis Blues,mo-st-louis-blues-v1,mo-st-louis-blues.png,32865,"equal size (32865 bytes) — new uses preferred "" - "" format",mo-st-louis-blues
DEACTIVATE,4140,MO-St. Louis Blues,mo-st-louis-blues,mo-st-louis-blues.gif,32865,"equal size (32865 bytes) — new uses preferred "" - "" format",
KEEP,12421,MO - St Louis Cardinals,mo-st-louis-cardinals-v1,mo-st-louis-cardinals.png,23308,"equal size (23308 bytes) — new uses preferred "" - "" format",mo-st-louis-cardinals
DEACTIVATE,4141,MO-St. Louis Cardinals,mo-st-louis-cardinals,mo-st-louis-cardinals.gif,23308,"equal size (23308 bytes) — new uses preferred "" - "" format",
KEEP,12409,MO - St Louis Zoo,mo-st-louis-zoo-v1,mo-st-louis-zoo.png,23867,"equal size (23867 bytes) — new uses preferred "" - "" format",mo-st-louis-zoo
DEACTIVATE,4142,MO-St. Louis Zoo,mo-st-louis-zoo,mo-st-louis-zoo.gif,23867,"equal size (23867 bytes) — new uses preferred "" - "" format",
KEEP,12364,MO - Stephens College,mo-stephens-college-v1,mo-stephens-college.png,32234,"equal size (32234 bytes) — new uses preferred "" - "" format",mo-stephens-college
DEACTIVATE,4174,MO-Stephens College,mo-stephens-college,mo-stephens-college.gif,32234,"equal size (32234 bytes) — new uses preferred "" - "" format",
KEEP,12428,MO - Street Rod,mo-street-rod-v1,mo-street-rod.png,41165,"equal size (41165 bytes) — new uses preferred "" - "" format",mo-street-rod
DEACTIVATE,4151,MO-Street Rod,mo-street-rod,mo-street-rod.gif,41165,"equal size (41165 bytes) — new uses preferred "" - "" format",
KEEP,12410,MO - Tribe Mic O Say Kansas City District,mo-tribe-mic-o-say-kansas-city-district-v1,mo-tribe-mic-o-say-kansas-city-district.png,24569,"equal size (24569 bytes) — new uses preferred "" - "" format",mo-tribe-mic-o-say-kansas-city-district
DEACTIVATE,4143,MO-Tribe Mic-O-Say-Kansas City District,mo-tribe-mic-o-say-kansas-city-district,mo-tribe-mic-o-say-kansas-city-district.gif,24569,"equal size (24569 bytes) — new uses preferred "" - "" format",
KEEP,12411,MO - Tribe Mic O Say St Joseph District,mo-tribe-mic-o-say-st-joseph-district-v1,mo-tribe-mic-o-say-st-joseph-district.png,22846,"equal size (22846 bytes) — new uses preferred "" - "" format",mo-tribe-mic-o-say-st-joseph-district
DEACTIVATE,4144,MO-Tribe Mic-O-Say-St. Joseph District,mo-tribe-mic-o-say-st-joseph-district,mo-tribe-mic-o-say-st-joseph-district.gif,22846,"equal size (22846 bytes) — new uses preferred "" - "" format",
KEEP,12365,MO - Truman State University,mo-truman-state-university-v1,mo-truman-state-university.png,34265,"equal size (34265 bytes) — new uses preferred "" - "" format",mo-truman-state-university
DEACTIVATE,4175,MO-Truman State University,mo-truman-state-university,mo-truman-state-university.gif,34265,"equal size (34265 bytes) — new uses preferred "" - "" format",
KEEP,12473,MO - United States Veteran,mo-united-states-veteran-v1,mo-united-states-veteran.png,30134,"equal size (30134 bytes) — new uses preferred "" - "" format",mo-united-states-veteran
DEACTIVATE,4226,MO-United States Veteran,mo-united-states-veteran,mo-united-states-veteran.gif,30134,"equal size (30134 bytes) — new uses preferred "" - "" format",
KEEP,12366,MO - University Of Central Missouri,mo-university-of-central-missouri-v1,mo-university-of-central-missouri.png,32767,"equal size (32767 bytes) — new uses preferred "" - "" format",mo-university-of-central-missouri
DEACTIVATE,4176,MO-University of Central Missouri,mo-university-of-central-missouri,mo-university-of-central-missouri.gif,32767,"equal size (32767 bytes) — new uses preferred "" - "" format",
KEEP,12367,MO - University Of Health Sciences And Pharmacy IN St Louis,mo-university-of-health-sciences-and-pharmacy-in-st-louis-v1,mo-university-of-health-sciences-and-pharmacy-in-st-louis.png,20907,"equal size (20907 bytes) — new uses preferred "" - "" format",mo-university-of-health-sciences-and-pharmacy-in-st-louis
DEACTIVATE,4173,MO-University of Health Sciences and Pharmacy in St. Louis,mo-university-of-health-sciences-and-pharmacy-in-st-louis,mo-university-of-health-sciences-and-pharmacy-in-st-louis.gif,20907,"equal size (20907 bytes) — new uses preferred "" - "" format",
KEEP,12369,MO - University Of Missouri Kansas City,mo-university-of-missouri-kansas-city-v1,mo-university-of-missouri-kansas-city.png,25937,"equal size (25937 bytes) — new uses preferred "" - "" format",mo-university-of-missouri-kansas-city
DEACTIVATE,4178,MO-University Of Missouri-Kansas City,mo-university-of-missouri-kansas-city,mo-university-of-missouri-kansas-city.gif,25937,"equal size (25937 bytes) — new uses preferred "" - "" format",
KEEP,12370,MO - University Of Missouri St Louis,mo-university-of-missouri-st-louis-v1,mo-university-of-missouri-st-louis.png,26737,"equal size (26737 bytes) — new uses preferred "" - "" format",mo-university-of-missouri-st-louis
DEACTIVATE,4179,MO-University Of Missouri-St. Louis,mo-university-of-missouri-st-louis,mo-university-of-missouri-st-louis.gif,26737,"equal size (26737 bytes) — new uses preferred "" - "" format",
KEEP,12333,MO - Vanpool,mo-vanpool-v1,mo-vanpool.png,36232,"equal size (36232 bytes) — new uses preferred "" - "" format",mo-vanpool
DEACTIVATE,4152,MO-Vanpool,mo-vanpool,mo-vanpool.gif,36232,"equal size (36232 bytes) — new uses preferred "" - "" format",
KEEP,12475,MO - Vietnam Veteran,mo-vietnam-veteran-v1,mo-vietnam-veteran.png,27476,"equal size (27476 bytes) — new uses preferred "" - "" format",mo-vietnam-veteran
DEACTIVATE,4228,MO-Vietnam Veteran,mo-vietnam-veteran,mo-vietnam-veteran.gif,27476,"equal size (27476 bytes) — new uses preferred "" - "" format",
KEEP,12476,MO - Wartime Disabled DAV,mo-wartime-disabled-dav-v1,mo-wartime-disabled-dav.png,18874,"equal size (18874 bytes) — new uses preferred "" - "" format",mo-wartime-disabled-dav
DEACTIVATE,4229,MO-Wartime Disabled-DAV,mo-wartime-disabled-dav,mo-wartime-disabled-dav.gif,18874,"equal size (18874 bytes) — new uses preferred "" - "" format",
REVIEW,4180,MO-Washington University,mo-washington-university,mo-washington-university.gif,24849,2 variants found — manual review needed,
REVIEW,12372,MO - Washington University,mo-washington-university-v1,mo-washington-university.png,24849,2 variants found — manual review needed,
REVIEW,12371,MO - Washington University v2,mo-washington-university-v2,mo-washington-university-v2.png,42400,2 variants found — manual review needed,
KEEP,12412,MO - We Shall Not Forget,mo-we-shall-not-forget-v1,mo-we-shall-not-forget.png,26539,"equal size (26539 bytes) — new uses preferred "" - "" format",mo-we-shall-not-forget
DEACTIVATE,4230,MO-We Shall Not Forget,mo-we-shall-not-forget,mo-we-shall-not-forget.gif,26539,"equal size (26539 bytes) — new uses preferred "" - "" format",
KEEP,12373,MO - Webster University,mo-webster-university-v1,mo-webster-university.png,19965,"equal size (19965 bytes) — new uses preferred "" - "" format",mo-webster-university
DEACTIVATE,4181,MO-Webster University,mo-webster-university,mo-webster-university.gif,19965,"equal size (19965 bytes) — new uses preferred "" - "" format",
KEEP,12374,MO - Westminster College,mo-westminster-college-v1,mo-westminster-college.png,27725,"equal size (27725 bytes) — new uses preferred "" - "" format",mo-westminster-college
DEACTIVATE,4182,MO-Westminster College,mo-westminster-college,mo-westminster-college.gif,27725,"equal size (27725 bytes) — new uses preferred "" - "" format",
KEEP,12375,MO - William Jewell College,mo-william-jewell-college-v1,mo-william-jewell-college.png,21062,"equal size (21062 bytes) — new uses preferred "" - "" format",mo-william-jewell-college
DEACTIVATE,4183,MO-William Jewell College,mo-william-jewell-college,mo-william-jewell-college.gif,21062,"equal size (21062 bytes) — new uses preferred "" - "" format",
KEEP,12376,MO - William Woods University,mo-william-woods-university-v1,mo-william-woods-university.png,32544,"equal size (32544 bytes) — new uses preferred "" - "" format",mo-william-woods-university
DEACTIVATE,4184,MO-William Woods University,mo-william-woods-university,mo-william-woods-university.gif,32544,"equal size (32544 bytes) — new uses preferred "" - "" format",
KEEP,12413,MO - Wilsons Creek National Battlefield,mo-wilsons-creek-national-battlefield-v1,mo-wilsons-creek-national-battlefield.png,27214,"equal size (27214 bytes) — new uses preferred "" - "" format",mo-wilsons-creek-national-battlefield
DEACTIVATE,4145,MO-Wilson's Creek National Battlefield,mo-wilsons-creek-national-battlefield,mo-wilson-s-creek-national-battlefield.gif,27214,"equal size (27214 bytes) — new uses preferred "" - "" format",
KEEP,12477,MO - Woman Veteran,mo-woman-veteran-v1,mo-woman-veteran.png,30930,"equal size (30930 bytes) — new uses preferred "" - "" format",mo-woman-veteran
DEACTIVATE,4231,MO-Woman Veteran,mo-woman-veteran,mo-woman-veteran.gif,30930,"equal size (30930 bytes) — new uses preferred "" - "" format",
KEEP,12478,MO - World War Ii Veteran,mo-world-war-ii-veteran-v1,mo-world-war-ii-veteran.png,26496,"equal size (26496 bytes) — new uses preferred "" - "" format",mo-world-war-ii-veteran
DEACTIVATE,4232,MO-World War II Veteran,mo-world-war-ii-veteran,mo-world-war-ii-veteran.gif,26496,"equal size (26496 bytes) — new uses preferred "" - "" format",
KEEP,12738,MS - 100 Disabled Veteran Air Force,ms-100-disabled-veteran-air-force-v1,ms-100-disabled-veteran-air-force.png,31052,new image larger (31052 vs 11747 bytes),ms-100-disabled-veteran-air-force
DEACTIVATE,4233,MS-100% Disabled Veteran Air Force,ms-100-disabled-veteran-air-force,ms-100-disabled-veteran-air-force.jpg,11747,new image larger (31052 vs 11747 bytes),
KEEP,12737,MS - 100 Disabled Veteran Air Force Motorcycle,ms-100-disabled-veteran-air-force-motorcycle-v1,ms-100-disabled-veteran-air-force-motorcycle.png,56017,new image larger (56017 vs 13037 bytes),ms-100-disabled-veteran-air-force-motorcycle
DEACTIVATE,4234,MS-100% Disabled Veteran Air Force-Motorcycle,ms-100-disabled-veteran-air-force-motorcycle,ms-100-disabled-veteran-air-force-motorcycle.jpg,13037,new image larger (56017 vs 13037 bytes),
KEEP,12740,MS - 100 Disabled Veteran Army,ms-100-disabled-veteran-army-v1,ms-100-disabled-veteran-army.png,30210,new image larger (30210 vs 11536 bytes),ms-100-disabled-veteran-army
DEACTIVATE,4235,MS-100% Disabled Veteran Army,ms-100-disabled-veteran-army,ms-100-disabled-veteran-army.jpg,11536,new image larger (30210 vs 11536 bytes),
KEEP,12739,MS - 100 Disabled Veteran Army Motorcycle,ms-100-disabled-veteran-army-motorcycle-v1,ms-100-disabled-veteran-army-motorcycle.png,89055,new image larger (89055 vs 12653 bytes),ms-100-disabled-veteran-army-motorcycle
DEACTIVATE,4236,MS-100% Disabled Veteran Army-Motorcycle,ms-100-disabled-veteran-army-motorcycle,ms-100-disabled-veteran-army-motorcycle.jpg,12653,new image larger (89055 vs 12653 bytes),
KEEP,12742,MS - 100 Disabled Veteran Coast Guard,ms-100-disabled-veteran-coast-guard-v1,ms-100-disabled-veteran-coast-guard.png,29850,new image larger (29850 vs 11354 bytes),ms-100-disabled-veteran-coast-guard
DEACTIVATE,4237,MS-100% Disabled Veteran Coast Guard,ms-100-disabled-veteran-coast-guard,ms-100-disabled-veteran-coast-guard.jpg,11354,new image larger (29850 vs 11354 bytes),
KEEP,12741,MS - 100 Disabled Veteran Coast Guard Motorcycle,ms-100-disabled-veteran-coast-guard-motorcycle-v1,ms-100-disabled-veteran-coast-guard-motorcycle.png,54574,new image larger (54574 vs 12849 bytes),ms-100-disabled-veteran-coast-guard-motorcycle
DEACTIVATE,4238,MS-100% Disabled Veteran Coast Guard-Motorcycle,ms-100-disabled-veteran-coast-guard-motorcycle,ms-100-disabled-veteran-coast-guard-motorcycle.jpg,12849,new image larger (54574 vs 12849 bytes),
KEEP,12744,MS - 100 Disabled Veteran Marine,ms-100-disabled-veteran-marine-v1,ms-100-disabled-veteran-marine.png,31374,new image larger (31374 vs 11759 bytes),ms-100-disabled-veteran-marine
DEACTIVATE,4239,MS-100% Disabled Veteran Marine,ms-100-disabled-veteran-marine,ms-100-disabled-veteran-marine.jpg,11759,new image larger (31374 vs 11759 bytes),
KEEP,12743,MS - 100 Disabled Veteran Marine Motorcycle,ms-100-disabled-veteran-marine-motorcycle-v1,ms-100-disabled-veteran-marine-motorcycle.png,71925,new image larger (71925 vs 13048 bytes),ms-100-disabled-veteran-marine-motorcycle
DEACTIVATE,4240,MS-100% Disabled Veteran Marine-Motorcycle,ms-100-disabled-veteran-marine-motorcycle,ms-100-disabled-veteran-marine-motorcycle.jpg,13048,new image larger (71925 vs 13048 bytes),
KEEP,12746,MS - 100 Disabled Veteran Navy,ms-100-disabled-veteran-navy-v1,ms-100-disabled-veteran-navy.png,29471,new image larger (29471 vs 11636 bytes),ms-100-disabled-veteran-navy
DEACTIVATE,4241,MS-100% Disabled Veteran Navy,ms-100-disabled-veteran-navy,ms-100-disabled-veteran-navy.jpg,11636,new image larger (29471 vs 11636 bytes),
KEEP,12745,MS - 100 Disabled Veteran Navy Motorcycle,ms-100-disabled-veteran-navy-motorcycle-v1,ms-100-disabled-veteran-navy-motorcycle.png,62963,new image larger (62963 vs 13051 bytes),ms-100-disabled-veteran-navy-motorcycle
DEACTIVATE,4242,MS-100% Disabled Veteran Navy-Motorcycle,ms-100-disabled-veteran-navy-motorcycle,ms-100-disabled-veteran-navy-motorcycle.jpg,13051,new image larger (62963 vs 13051 bytes),
KEEP,4245,MS-Active Reserve,ms-active-reserve,ms-active-reserve.jpg,5675,old image larger (5675 vs 2952 bytes),
DEACTIVATE,12748,MS - Active Reserve,ms-active-reserve-v1,ms-active-reserve.png,2952,old image larger (5675 vs 2952 bytes),
KEEP,4246,MS-Afghanistan Veteran,ms-afghanistan-veteran,ms-afghanistan-veteran.jpg,5673,old image larger (5673 vs 2580 bytes),
DEACTIVATE,12749,MS - Afghanistan Veteran,ms-afghanistan-veteran-v1,ms-afghanistan-veteran.png,2580,old image larger (5673 vs 2580 bytes),
KEEP,4247,MS-Air Medal,ms-air-medal,ms-air-medal.jpg,5948,old image larger (5948 vs 2920 bytes),
DEACTIVATE,12750,MS - Air Medal,ms-air-medal-v1,ms-air-medal.png,2920,old image larger (5948 vs 2920 bytes),
KEEP,4248,MS-Alcorn State University,ms-alcorn-state-university,ms-alcorn-state-university.jpg,6452,old image larger (6452 vs 3028 bytes),
DEACTIVATE,12572,MS - Alcorn State University,ms-alcorn-state-university-v1,ms-alcorn-state-university.png,3028,old image larger (6452 vs 3028 bytes),
KEEP,4249,MS-Alpha Kappa Alpha,ms-alpha-kappa-alpha,ms-alpha-kappa-alpha.jpg,5261,old image larger (5261 vs 2568 bytes),
DEACTIVATE,12492,MS - Alpha Kappa Alpha,ms-alpha-kappa-alpha-v1,ms-alpha-kappa-alpha.png,2568,old image larger (5261 vs 2568 bytes),
KEEP,12493,MS - Alpha Phi Alpha,ms-alpha-phi-alpha-v1,ms-alpha-phi-alpha.png,124180,new image larger (124180 vs 12266 bytes),ms-alpha-phi-alpha
DEACTIVATE,4250,MS-Alpha Phi Alpha,ms-alpha-phi-alpha,ms-alpha-phi-alpha.jpg,12266,new image larger (124180 vs 12266 bytes),
KEEP,12625,MS - Alzheimers Awareness,ms-alzheimers-awareness-v1,ms-alzheimers-awareness.png,109830,new image larger (109830 vs 10463 bytes),ms-alzheimers-awareness
DEACTIVATE,4251,MS-Alzheimer's Awareness,ms-alzheimers-awareness,ms-alzheimer-s-awareness.jpg,10463,new image larger (109830 vs 10463 bytes),
KEEP,4252,MS-Amateur Radio,ms-amateur-radio,ms-amateur-radio.jpg,5990,old image larger (5990 vs 2874 bytes),
DEACTIVATE,12721,MS - Amateur Radio,ms-amateur-radio-v1,ms-amateur-radio.png,2874,old image larger (5990 vs 2874 bytes),
KEEP,12751,MS - American Legion,ms-american-legion-v1,ms-american-legion.png,114558,new image larger (114558 vs 11183 bytes),ms-american-legion
DEACTIVATE,4253,MS-American Legion,ms-american-legion,ms-american-legion.jpg,11183,new image larger (114558 vs 11183 bytes),
KEEP,4254,MS-Antique Car,ms-antique-car,ms-antique-car.jpg,5799,old image larger (5799 vs 2700 bytes),
DEACTIVATE,12723,MS - Antique Car,ms-antique-car-v1,ms-antique-car.png,2700,old image larger (5799 vs 2700 bytes),
KEEP,4256,MS-Antique-Motorcycle,ms-antique-motorcycle,ms-antique-motorcycle.jpg,5446,old image larger (5446 vs 2340 bytes),
DEACTIVATE,12725,MS - Antique Motorcycle,ms-antique-motorcycle-v1,ms-antique-motorcycle.png,2340,old image larger (5446 vs 2340 bytes),
KEEP,4258,MS-Antique Truck,ms-antique-truck,ms-antique-truck.jpg,5621,old image larger (5621 vs 2636 bytes),
DEACTIVATE,12727,MS - Antique Truck,ms-antique-truck-v1,ms-antique-truck.png,2636,old image larger (5621 vs 2636 bytes),
KEEP,12525,MS - Apportioned Truck,ms-apportioned-truck-v1,ms-apportioned-truck.png,247103,new image larger (247103 vs 11111 bytes),ms-apportioned-truck
DEACTIVATE,4260,MS-Apportioned Truck,ms-apportioned-truck,ms-apportioned-truck.jpg,11111,new image larger (247103 vs 11111 bytes),
KEEP,4261,MS-Auburn University,ms-auburn-university,ms-auburn-university.jpg,6066,old image larger (6066 vs 3078 bytes),
DEACTIVATE,12573,MS - Auburn University,ms-auburn-university-v1,ms-auburn-university.png,3078,old image larger (6066 vs 3078 bytes),
KEEP,4262,MS-Autism Awareness,ms-autism-awareness,ms-autism-awareness.jpg,6589,old image larger (6589 vs 3352 bytes),
DEACTIVATE,12626,MS - Autism Awareness,ms-autism-awareness-v1,ms-autism-awareness.png,3352,old image larger (6589 vs 3352 bytes),
KEEP,12526,MS - B16 B80,ms-b16-b80-v1,ms-b16-b80.png,171525,new image larger (171525 vs 10409 bytes),ms-b16-b80
DEACTIVATE,4263,MS-B16-B80,ms-b16-b80,ms-b16-b80.jpg,10409,new image larger (171525 vs 10409 bytes),
KEEP,4264,MS-Band of Choctaw Indians,ms-band-of-choctaw-indians,ms-band-of-choctaw-indians.jpg,5784,old image larger (5784 vs 2726 bytes),
DEACTIVATE,12627,MS - Band Of Choctaw Indians,ms-band-of-choctaw-indians-v1,ms-band-of-choctaw-indians.png,2726,old image larger (5784 vs 2726 bytes),
KEEP,4266,MS-Belhaven University,ms-belhaven-university,ms-belhaven-university.jpg,6173,old image larger (6173 vs 2928 bytes),
DEACTIVATE,12574,MS - Belhaven University,ms-belhaven-university-v1,ms-belhaven-university.png,2928,old image larger (6173 vs 2928 bytes),
KEEP,4267,MS-Bicycle Share the Road,ms-bicycle-share-the-road,ms-bicycle-share-the-road.jpg,6502,old image larger (6502 vs 3330 bytes),
DEACTIVATE,12686,MS - Bicycle Share The Road,ms-bicycle-share-the-road-v1,ms-bicycle-share-the-road.png,3330,old image larger (6502 vs 3330 bytes),
KEEP,4268,MS-Biloxi Public School District,ms-biloxi-public-school-district,ms-biloxi-public-school-district.jpg,6773,old image larger (6773 vs 3360 bytes),
DEACTIVATE,12575,MS - Biloxi Public School District,ms-biloxi-public-school-district-v1,ms-biloxi-public-school-district.png,3360,old image larger (6773 vs 3360 bytes),
KEEP,12728,MS - Blackout Motorcycle,ms-blackout-motorcycle-v1,ms-blackout-motorcycle.png,55588,new image larger (55588 vs 10933 bytes),ms-blackout-motorcycle
DEACTIVATE,4271,MS-Blackout-Motorcycle,ms-blackout-motorcycle,ms-blackout-motorcycle.jpg,10933,new image larger (55588 vs 10933 bytes),
KEEP,12729,MS - Blackout Passenger,ms-blackout-passenger-v1,ms-blackout-passenger.png,172355,new image larger (172355 vs 10011 bytes),ms-blackout-passenger
DEACTIVATE,4272,MS-Blackout Passenger,ms-blackout-passenger,ms-blackout-passenger.jpg,10011,new image larger (172355 vs 10011 bytes),
KEEP,12730,MS - Blackout Pickup,ms-blackout-pickup-v1,ms-blackout-pickup.png,167371,new image larger (167371 vs 10107 bytes),ms-blackout-pickup
DEACTIVATE,4273,MS-Blackout Pickup,ms-blackout-pickup,ms-blackout-pickup.jpg,10107,new image larger (167371 vs 10107 bytes),
KEEP,4274,MS-Board of Contractor,ms-board-of-contractor,ms-board-of-contractor.jpg,5928,old image larger (5928 vs 2894 bytes),
DEACTIVATE,12628,MS - Board Of Contractor,ms-board-of-contractor-v1,ms-board-of-contractor.png,2894,old image larger (5928 vs 2894 bytes),
KEEP,4275,MS-Booneville School District,ms-booneville-school-district,ms-booneville-school-district.jpg,6386,old image larger (6386 vs 3030 bytes),
DEACTIVATE,12576,MS - Booneville School District,ms-booneville-school-district-v1,ms-booneville-school-district.png,3030,old image larger (6386 vs 3030 bytes),
KEEP,4276,MS-Boy Scouts of America,ms-boy-scouts-of-america,ms-boy-scouts-of-america.jpg,6383,old image larger (6383 vs 3212 bytes),
DEACTIVATE,12629,MS - Boy Scouts Of America,ms-boy-scouts-of-america-v1,ms-boy-scouts-of-america.png,3212,old image larger (6383 vs 3212 bytes),
KEEP,4277,MS-Breast Cancer Awareness,ms-breast-cancer-awareness,ms-breast-cancer-awareness.jpg,6412,old image larger (6412 vs 2906 bytes),
DEACTIVATE,12630,MS - Breast Cancer Awareness,ms-breast-cancer-awareness-v1,ms-breast-cancer-awareness.png,2906,old image larger (6412 vs 2906 bytes),
KEEP,4278,MS-Bronze Star,ms-bronze-star,ms-bronze-star.jpg,5439,old image larger (5439 vs 2676 bytes),
DEACTIVATE,12753,MS - Bronze Star,ms-bronze-star-v1,ms-bronze-star.png,2676,old image larger (5439 vs 2676 bytes),
KEEP,4279,MS-Bronze Star Disabled,ms-bronze-star-disabled,ms-bronze-star-disabled.jpg,5993,old image larger (5993 vs 2654 bytes),
DEACTIVATE,12752,MS - Bronze Star Disabled,ms-bronze-star-disabled-v1,ms-bronze-star-disabled.png,2654,old image larger (5993 vs 2654 bytes),
KEEP,4281,MS-Catch A Dream Foundation,ms-catch-a-dream-foundation,ms-catch-a-dream-foundation.jpg,6591,old image larger (6591 vs 3076 bytes),
DEACTIVATE,12631,MS - Catch A Dream Foundation,ms-catch-a-dream-foundation-v1,ms-catch-a-dream-foundation.png,3076,old image larger (6591 vs 3076 bytes),
KEEP,4282,MS-Cattleman's Foundation,ms-cattlemans-foundation,ms-cattleman-s-foundation.jpg,5624,old image larger (5624 vs 2910 bytes),
DEACTIVATE,12632,MS - Cattlemans Foundation,ms-cattlemans-foundation-v1,ms-cattlemans-foundation.png,2910,old image larger (5624 vs 2910 bytes),
KEEP,4283,MS-Children's Advocacy Center,ms-childrens-advocacy-center,ms-children-s-advocacy-center.jpg,5133,old image larger (5133 vs 2400 bytes),
DEACTIVATE,12633,MS - Childrens Advocacy Center,ms-childrens-advocacy-center-v1,ms-childrens-advocacy-center.png,2400,old image larger (5133 vs 2400 bytes),
KEEP,12634,MS - Choose Life,ms-choose-life-v1,ms-choose-life.png,96112,new image larger (96112 vs 11779 bytes),ms-choose-life
DEACTIVATE,4284,MS-Choose Life,ms-choose-life,ms-choose-life.jpg,11779,new image larger (96112 vs 11779 bytes),
KEEP,4286,MS-Civil Air Patrol,ms-civil-air-patrol,ms-civil-air-patrol.jpg,6646,old image larger (6646 vs 3386 bytes),
DEACTIVATE,12635,MS - Civil Air Patrol,ms-civil-air-patrol-v1,ms-civil-air-patrol.png,3386,old image larger (6646 vs 3386 bytes),
KEEP,4287,MS-Coastal Conservation,ms-coastal-conservation,ms-coastal-conservation.jpg,6864,old image larger (6864 vs 3322 bytes),
DEACTIVATE,12550,MS - Coastal Conservation,ms-coastal-conservation-v1,ms-coastal-conservation.png,3322,old image larger (6864 vs 3322 bytes),
KEEP,4288,MS-Colon Cancer Prevention,ms-colon-cancer-prevention,ms-colon-cancer-prevention.jpg,7174,old image larger (7174 vs 3666 bytes),
DEACTIVATE,12636,MS - Colon Cancer Prevention,ms-colon-cancer-prevention-v1,ms-colon-cancer-prevention.png,3666,old image larger (7174 vs 3666 bytes),
KEEP,4289,MS-Columbia School District,ms-columbia-school-district,ms-columbia-school-district.jpg,7123,old image larger (7123 vs 3582 bytes),
DEACTIVATE,12577,MS - Columbia School District,ms-columbia-school-district-v1,ms-columbia-school-district.png,3582,old image larger (7123 vs 3582 bytes),
KEEP,4290,MS-Columbus Municipal School District,ms-columbus-municipal-school-district,ms-columbus-municipal-school-district.jpg,11820,old image larger (11820 vs 4884 bytes),
DEACTIVATE,12578,MS - Columbus Municipal School District,ms-columbus-municipal-school-district-v1,ms-columbus-municipal-school-district.png,4884,old image larger (11820 vs 4884 bytes),
KEEP,4291,MS-Combat Veteran Air Force,ms-combat-veteran-air-force,ms-combat-veteran-air-force.jpg,6231,old image larger (6231 vs 2972 bytes),
DEACTIVATE,12754,MS - Combat Veteran Air Force,ms-combat-veteran-air-force-v1,ms-combat-veteran-air-force.png,2972,old image larger (6231 vs 2972 bytes),
KEEP,4292,MS-Combat Veteran Army,ms-combat-veteran-army,ms-combat-veteran-army.jpg,5929,old image larger (5929 vs 2778 bytes),
DEACTIVATE,12755,MS - Combat Veteran Army,ms-combat-veteran-army-v1,ms-combat-veteran-army.png,2778,old image larger (5929 vs 2778 bytes),
KEEP,4293,MS-Combat Veteran Coast Guard,ms-combat-veteran-coast-guard,ms-combat-veteran-coast-guard.jpg,6116,old image larger (6116 vs 2900 bytes),
DEACTIVATE,12756,MS - Combat Veteran Coast Guard,ms-combat-veteran-coast-guard-v1,ms-combat-veteran-coast-guard.png,2900,old image larger (6116 vs 2900 bytes),
KEEP,4294,MS-Combat Veteran Marine,ms-combat-veteran-marine,ms-combat-veteran-marine.jpg,6101,old image larger (6101 vs 2876 bytes),
DEACTIVATE,12757,MS - Combat Veteran Marine,ms-combat-veteran-marine-v1,ms-combat-veteran-marine.png,2876,old image larger (6101 vs 2876 bytes),
KEEP,4295,MS-Combat Veteran Navy,ms-combat-veteran-navy,ms-combat-veteran-navy.jpg,6047,old image larger (6047 vs 2872 bytes),
DEACTIVATE,12758,MS - Combat Veteran Navy,ms-combat-veteran-navy-v1,ms-combat-veteran-navy.png,2872,old image larger (6047 vs 2872 bytes),
KEEP,12529,MS - Dealer Demo,ms-dealer-demo-v1,ms-dealer-demo.png,157526,new image larger (157526 vs 12095 bytes),ms-dealer-demo
DEACTIVATE,4296,MS-Dealer Demo,ms-dealer-demo,ms-dealer-demo.jpg,12095,new image larger (157526 vs 12095 bytes),
KEEP,12530,MS - Dealer Manufacturer,ms-dealer-manufacturer-v1,ms-dealer-manufacturer.png,134003,new image larger (134003 vs 10744 bytes),ms-dealer-manufacturer
DEACTIVATE,4297,MS-Dealer Manufacturer,ms-dealer-manufacturer,ms-dealer-manufacturer.jpg,10744,new image larger (134003 vs 10744 bytes),
KEEP,12531,MS - Dealer Motorcycle,ms-dealer-motorcycle-v1,ms-dealer-motorcycle.png,65817,new image larger (65817 vs 11565 bytes),ms-dealer-motorcycle
DEACTIVATE,4298,MS-Dealer-Motorcycle,ms-dealer-motorcycle,ms-dealer-motorcycle.jpg,11565,new image larger (65817 vs 11565 bytes),
KEEP,12532,MS - Dealer New,ms-dealer-new-v1,ms-dealer-new.png,136745,new image larger (136745 vs 11301 bytes),ms-dealer-new
DEACTIVATE,4299,MS-Dealer New,ms-dealer-new,ms-dealer-new.jpg,11301,new image larger (136745 vs 11301 bytes),
KEEP,12533,MS - Dealer Trailer,ms-dealer-trailer-v1,ms-dealer-trailer.png,147769,new image larger (147769 vs 12095 bytes),ms-dealer-trailer
DEACTIVATE,4300,MS-Dealer Trailer,ms-dealer-trailer,ms-dealer-trailer.jpg,12095,new image larger (147769 vs 12095 bytes),
KEEP,12534,MS - Dealer Used,ms-dealer-used-v1,ms-dealer-used.png,137376,new image larger (137376 vs 11536 bytes),ms-dealer-used
DEACTIVATE,4301,MS-Dealer Used,ms-dealer-used,ms-dealer-used.jpg,11536,new image larger (137376 vs 11536 bytes),
KEEP,12535,MS - Dealer Wholesaler,ms-dealer-wholesaler-v1,ms-dealer-wholesaler.png,141322,new image larger (141322 vs 11536 bytes),ms-dealer-wholesaler
DEACTIVATE,4302,MS-Dealer Wholesaler,ms-dealer-wholesaler,ms-dealer-wholesaler.jpg,11536,new image larger (141322 vs 11536 bytes),
KEEP,4304,MS-Defense Freedom Medal,ms-defense-freedom-medal,ms-defense-freedom-medal.jpg,6114,old image larger (6114 vs 3056 bytes),
DEACTIVATE,12759,MS - Defense Freedom Medal,ms-defense-freedom-medal-v1,ms-defense-freedom-medal.png,3056,old image larger (6114 vs 3056 bytes),
KEEP,4305,MS-Delta Sigma Theta,ms-delta-sigma-theta,ms-delta-sigma-theta.jpg,5829,old image larger (5829 vs 2872 bytes),
DEACTIVATE,12494,MS - Delta Sigma Theta,ms-delta-sigma-theta-v1,ms-delta-sigma-theta.png,2872,old image larger (5829 vs 2872 bytes),
KEEP,4306,MS-Delta State University,ms-delta-state-university,ms-delta-state-university.jpg,6549,old image larger (6549 vs 3328 bytes),
DEACTIVATE,12579,MS - Delta State University,ms-delta-state-university-v1,ms-delta-state-university.png,3328,old image larger (6549 vs 3328 bytes),
KEEP,4307,MS-Delta Waterfowl,ms-delta-waterfowl,ms-delta-waterfowl.jpg,5256,old image larger (5256 vs 2486 bytes),
DEACTIVATE,12551,MS - Delta Waterfowl,ms-delta-waterfowl-v1,ms-delta-waterfowl.png,2486,old image larger (5256 vs 2486 bytes),
KEEP,4308,MS-Dental Hygienist,ms-dental-hygienist,ms-dental-hygienist.jpg,6087,old image larger (6087 vs 2682 bytes),
DEACTIVATE,12637,MS - Dental Hygienist,ms-dental-hygienist-v1,ms-dental-hygienist.png,2682,old image larger (6087 vs 2682 bytes),
KEEP,4265,MS-Department of Wildlife Fisheries and Parks-Bass,ms-department-of-wildlife-fisheries-and-parks-bass,ms-bass-department-of-wildlife-fisheries-and-parks.jpg,5374,old image larger (5374 vs 2646 bytes),
DEACTIVATE,12552,MS - Department Of Wildlife Fisheries And Parks Bass,ms-department-of-wildlife-fisheries-and-parks-bass-v1,ms-department-of-wildlife-fisheries-and-parks-bass.png,2646,old image larger (5374 vs 2646 bytes),
KEEP,4509,MS-Department of Wildlife Fisheries and Parks-Turkey,ms-department-of-wildlife-fisheries-and-parks-turkey,ms-turkey-department-of-wildlife-fisheries-and-parks.jpg,5740,old image larger (5740 vs 2838 bytes),
DEACTIVATE,12560,MS - Department Of Wildlife Fisheries And Parks Turkey,ms-department-of-wildlife-fisheries-and-parks-turkey-v1,ms-department-of-wildlife-fisheries-and-parks-turkey.png,2838,old image larger (5740 vs 2838 bytes),
KEEP,4309,MS-Diabetic,ms-diabetic,ms-diabetic.jpg,6054,old image larger (6054 vs 2974 bytes),
DEACTIVATE,12638,MS - Diabetic,ms-diabetic-v1,ms-diabetic.png,2974,old image larger (6054 vs 2974 bytes),
KEEP,12760,MS - Disabled American Veteran Air Force,ms-disabled-american-veteran-air-force-v1,ms-disabled-american-veteran-air-force.png,31911,new image larger (31911 vs 12143 bytes),ms-disabled-american-veteran-air-force
DEACTIVATE,4313,MS-Disabled American Veteran - Air Force,ms-disabled-american-veteran-air-force,ms-disabled-american-veteran-air-force.jpg,12143,new image larger (31911 vs 12143 bytes),
KEEP,12761,MS - Disabled American Veteran Army,ms-disabled-american-veteran-army-v1,ms-disabled-american-veteran-army.png,31348,new image larger (31348 vs 11733 bytes),ms-disabled-american-veteran-army
DEACTIVATE,4314,MS-Disabled American Veteran - Army,ms-disabled-american-veteran-army,ms-disabled-american-veteran-army.jpg,11733,new image larger (31348 vs 11733 bytes),
KEEP,12762,MS - Disabled American Veteran Coast Guard,ms-disabled-american-veteran-coast-guard-v1,ms-disabled-american-veteran-coast-guard.png,31149,new image larger (31149 vs 11615 bytes),ms-disabled-american-veteran-coast-guard
DEACTIVATE,4315,MS-Disabled American Veteran - Coast Guard,ms-disabled-american-veteran-coast-guard,ms-disabled-american-veteran-coast-guard.jpg,11615,new image larger (31149 vs 11615 bytes),
KEEP,4318,MS-Disabled American Veteran Less than 100%,ms-disabled-american-veteran-less-than-100,ms-disabled-american-veteran-less-than-100.jpg,6495,old image larger (6495 vs 3594 bytes),
DEACTIVATE,12763,MS - Disabled American Veteran Less Than 100,ms-disabled-american-veteran-less-than-100-v1,ms-disabled-american-veteran-less-than-100.png,3594,old image larger (6495 vs 3594 bytes),
KEEP,12764,MS - Disabled American Veteran Marine,ms-disabled-american-veteran-marine-v1,ms-disabled-american-veteran-marine.png,31036,new image larger (31036 vs 11991 bytes),ms-disabled-american-veteran-marine
DEACTIVATE,4316,MS-Disabled American Veteran - Marine,ms-disabled-american-veteran-marine,ms-disabled-american-veteran-marine.jpg,11991,new image larger (31036 vs 11991 bytes),
KEEP,12765,MS - Disabled American Veteran Motorcycle Air Force,ms-disabled-american-veteran-motorcycle-air-force-v1,ms-disabled-american-veteran-motorcycle-air-force.png,29182,new image larger (29182 vs 11831 bytes),ms-disabled-american-veteran-motorcycle-air-force
DEACTIVATE,4319,MS-Disabled American Veteran-Motorcycle - Air Force,ms-disabled-american-veteran-motorcycle-air-force,ms-disabled-american-veteran-motorcycle-air-force.jpg,11831,new image larger (29182 vs 11831 bytes),
KEEP,12766,MS - Disabled American Veteran Motorcycle Army,ms-disabled-american-veteran-motorcycle-army-v1,ms-disabled-american-veteran-motorcycle-army.png,28328,new image larger (28328 vs 11578 bytes),ms-disabled-american-veteran-motorcycle-army
DEACTIVATE,4320,MS-Disabled American Veteran-Motorcycle - Army,ms-disabled-american-veteran-motorcycle-army,ms-disabled-american-veteran-motorcycle-army.jpg,11578,new image larger (28328 vs 11578 bytes),
KEEP,12767,MS - Disabled American Veteran Motorcycle Coast Guard,ms-disabled-american-veteran-motorcycle-coast-guard-v1,ms-disabled-american-veteran-motorcycle-coast-guard.png,28294,new image larger (28294 vs 11832 bytes),ms-disabled-american-veteran-motorcycle-coast-guard
DEACTIVATE,4321,MS-Disabled American Veteran-Motorcycle - Coast Guard,ms-disabled-american-veteran-motorcycle-coast-guard,ms-disabled-american-veteran-motorcycle-coast-guard.jpg,11832,new image larger (28294 vs 11832 bytes),
KEEP,12768,MS - Disabled American Veteran Motorcycle Marine,ms-disabled-american-veteran-motorcycle-marine-v1,ms-disabled-american-veteran-motorcycle-marine.png,28881,new image larger (28881 vs 11662 bytes),ms-disabled-american-veteran-motorcycle-marine
DEACTIVATE,4322,MS-Disabled American Veteran-Motorcycle - Marine,ms-disabled-american-veteran-motorcycle-marine,ms-disabled-american-veteran-motorcycle-marine.jpg,11662,new image larger (28881 vs 11662 bytes),
KEEP,12769,MS - Disabled American Veteran Motorcycle Navy,ms-disabled-american-veteran-motorcycle-navy-v1,ms-disabled-american-veteran-motorcycle-navy.png,27490,new image larger (27490 vs 11785 bytes),ms-disabled-american-veteran-motorcycle-navy
DEACTIVATE,4323,MS-Disabled American Veteran-Motorcycle - Navy,ms-disabled-american-veteran-motorcycle-navy,ms-disabled-american-veteran-motorcycle-navy.jpg,11785,new image larger (27490 vs 11785 bytes),
KEEP,12770,MS - Disabled American Veteran Navy,ms-disabled-american-veteran-navy-v1,ms-disabled-american-veteran-navy.png,31290,new image larger (31290 vs 11899 bytes),ms-disabled-american-veteran-navy
DEACTIVATE,4317,MS-Disabled American Veteran - Navy,ms-disabled-american-veteran-navy,ms-disabled-american-veteran-navy.jpg,11899,new image larger (31290 vs 11899 bytes),
KEEP,12771,MS - Disabled Veteran Motorcycle Navy,ms-disabled-veteran-motorcycle-navy-v1,ms-disabled-veteran-motorcycle-navy.png,75742,new image larger (75742 vs 11975 bytes),ms-disabled-veteran-motorcycle-navy
DEACTIVATE,4324,MS-Disabled Veteran-Motorcycle - Navy,ms-disabled-veteran-motorcycle-navy,ms-disabled-veteran-motorcycle-navy.jpg,11975,new image larger (75742 vs 11975 bytes),
KEEP,4325,MS-Distinguished Flying Cross,ms-distinguished-flying-cross,ms-distinguished-flying-cross.jpg,5620,old image larger (5620 vs 2758 bytes),
DEACTIVATE,12772,MS - Distinguished Flying Cross,ms-distinguished-flying-cross-v1,ms-distinguished-flying-cross.png,2758,old image larger (5620 vs 2758 bytes),
KEEP,4326,MS-Dixie National,ms-dixie-national,ms-dixie-national.jpg,6543,old image larger (6543 vs 3072 bytes),
DEACTIVATE,12639,MS - Dixie National,ms-dixie-national-v1,ms-dixie-national.png,3072,old image larger (6543 vs 3072 bytes),
KEEP,4327,MS-Down Syndrome Awareness,ms-down-syndrome-awareness,ms-down-syndrome-awareness.jpg,6319,old image larger (6319 vs 3184 bytes),
DEACTIVATE,12640,MS - Down Syndrome Awareness,ms-down-syndrome-awareness-v1,ms-down-syndrome-awareness.png,3184,old image larger (6319 vs 3184 bytes),
KEEP,4329,MS-Dyslexia Awareness,ms-dyslexia-awareness,ms-dyslexia-awareness.jpg,6354,old image larger (6354 vs 3126 bytes),
DEACTIVATE,12641,MS - Dyslexia Awareness,ms-dyslexia-awareness-v1,ms-dyslexia-awareness.png,3126,old image larger (6354 vs 3126 bytes),
KEEP,4330,MS-East Central Attendance Center,ms-east-central-attendance-center,ms-east-central-attendance-center.jpg,6265,old image larger (6265 vs 2810 bytes),
DEACTIVATE,12580,MS - East Central Attendance Center,ms-east-central-attendance-center-v1,ms-east-central-attendance-center.png,2810,old image larger (6265 vs 2810 bytes),
KEEP,4331,MS-Electric Power Association,ms-electric-power-association,ms-electric-power-association.jpg,6485,old image larger (6485 vs 3052 bytes),
DEACTIVATE,12642,MS - Electric Power Association,ms-electric-power-association-v1,ms-electric-power-association.png,3052,old image larger (6485 vs 3052 bytes),
KEEP,4332,MS-Enterprise School District,ms-enterprise-school-district,ms-enterprise-school-district.jpg,6096,old image larger (6096 vs 2906 bytes),
DEACTIVATE,12581,MS - Enterprise School District,ms-enterprise-school-district-v1,ms-enterprise-school-district.png,2906,old image larger (6096 vs 2906 bytes),
KEEP,12643,MS - Ev Mississippi,ms-ev-mississippi-v1,ms-ev-mississippi.png,75542,new image larger (75542 vs 10446 bytes),ms-ev-mississippi
DEACTIVATE,4333,MS-EV Mississippi,ms-ev-mississippi,ms-ev-mississippi.jpg,10446,new image larger (75542 vs 10446 bytes),
KEEP,4334,MS-Ex Prisoner of War,ms-ex-prisoner-of-war,ms-ex-prisoner-of-war.jpg,6115,old image larger (6115 vs 3488 bytes),
DEACTIVATE,12773,MS - Ex Prisoner Of War,ms-ex-prisoner-of-war-v1,ms-ex-prisoner-of-war.png,3488,old image larger (6115 vs 3488 bytes),
KEEP,4335,MS-Ex US House of Representative,ms-ex-us-house-of-representative,ms-ex-us-house-of-representative.jpg,5312,old image larger (5312 vs 2758 bytes),
DEACTIVATE,12536,MS - Ex US House Of Representative,ms-ex-us-house-of-representative-v1,ms-ex-us-house-of-representative.png,2758,old image larger (5312 vs 2758 bytes),
KEEP,4336,MS-Ex US Senator,ms-ex-us-senator,ms-ex-us-senator.jpg,5181,old image larger (5181 vs 2432 bytes),
DEACTIVATE,12537,MS - Ex US Senator,ms-ex-us-senator-v1,ms-ex-us-senator.png,2432,old image larger (5181 vs 2432 bytes),
KEEP,4338,MS-Fannie Lou Hamer Cancer Foundation,ms-fannie-lou-hamer-cancer-foundation,ms-fannie-lou-hamer-cancer-foundation.jpg,5923,old image larger (5923 vs 2676 bytes),
DEACTIVATE,12644,MS - Fannie Lou Hamer Cancer Foundation,ms-fannie-lou-hamer-cancer-foundation-v1,ms-fannie-lou-hamer-cancer-foundation.png,2676,old image larger (5923 vs 2676 bytes),
KEEP,4339,MS-Farm Families of Mississippi,ms-farm-families-of-mississippi,ms-farm-families-of-mississippi.jpg,6093,old image larger (6093 vs 3022 bytes),
DEACTIVATE,12645,MS - Farm Families Of Mississippi,ms-farm-families-of-mississippi-v1,ms-farm-families-of-mississippi.png,3022,old image larger (6093 vs 3022 bytes),
KEEP,12774,MS - Female Veteran Air Force,ms-female-veteran-air-force-v1,ms-female-veteran-air-force.png,249868,new image larger (249868 vs 12061 bytes),ms-female-veteran-air-force
DEACTIVATE,4340,MS-Female Veteran - Air Force,ms-female-veteran-air-force,ms-female-veteran-air-force.jpg,12061,new image larger (249868 vs 12061 bytes),
KEEP,12775,MS - Female Veteran Army,ms-female-veteran-army-v1,ms-female-veteran-army.png,325832,new image larger (325832 vs 11627 bytes),ms-female-veteran-army
DEACTIVATE,4341,MS-Female Veteran - Army,ms-female-veteran-army,ms-female-veteran-army.jpg,11627,new image larger (325832 vs 11627 bytes),
KEEP,12776,MS - Female Veteran Coast Guard,ms-female-veteran-coast-guard-v1,ms-female-veteran-coast-guard.png,240947,new image larger (240947 vs 11919 bytes),ms-female-veteran-coast-guard
DEACTIVATE,4342,MS-Female Veteran - Coast Guard,ms-female-veteran-coast-guard,ms-female-veteran-coast-guard.jpg,11919,new image larger (240947 vs 11919 bytes),
KEEP,12777,MS - Female Veteran Marine,ms-female-veteran-marine-v1,ms-female-veteran-marine.png,289683,new image larger (289683 vs 11896 bytes),ms-female-veteran-marine
DEACTIVATE,4343,MS-Female Veteran - Marine,ms-female-veteran-marine,ms-female-veteran-marine.jpg,11896,new image larger (289683 vs 11896 bytes),
KEEP,4344,MS-Fire Fighters,ms-fire-fighters,ms-fire-fighters.jpg,5727,old image larger (5727 vs 2942 bytes),
DEACTIVATE,12480,MS - Fire Fighters,ms-fire-fighters-v1,ms-fire-fighters.png,2942,old image larger (5727 vs 2942 bytes),
KEEP,4346,MS-Fleet Trailer Rental,ms-fleet-trailer-rental,ms-fleet-trailer-rental.jpg,6287,old image larger (6287 vs 2874 bytes),
DEACTIVATE,12539,MS - Fleet Trailer Rental,ms-fleet-trailer-rental-v1,ms-fleet-trailer-rental.png,2874,old image larger (6287 vs 2874 bytes),
KEEP,4347,MS-Forestry Association,ms-forestry-association,ms-forestry-association.jpg,4319,old image larger (4319 vs 1860 bytes),
DEACTIVATE,12562,MS - Forestry Association,ms-forestry-association-v1,ms-forestry-association.png,1860,old image larger (4319 vs 1860 bytes),
KEEP,12646,MS - Friends Of Childrens Hospital,ms-friends-of-childrens-hospital-v1,ms-friends-of-childrens-hospital.png,76019,new image larger (76019 vs 9800 bytes),ms-friends-of-childrens-hospital
DEACTIVATE,4349,MS-Friends of Children's Hospital,ms-friends-of-childrens-hospital,ms-friends-of-children-s-hospital.jpg,9800,new image larger (76019 vs 9800 bytes),
KEEP,4350,MS-Friends of Jackson County Animal Shelter,ms-friends-of-jackson-county-animal-shelter,ms-friends-of-jackson-county-animal-shelter.jpg,5870,old image larger (5870 vs 2758 bytes),
DEACTIVATE,12647,MS - Friends Of Jackson County Animal Shelter,ms-friends-of-jackson-county-animal-shelter-v1,ms-friends-of-jackson-county-animal-shelter.png,2758,old image larger (5870 vs 2758 bytes),
KEEP,4351,MS-Gentry High School,ms-gentry-high-school,ms-gentry-high-school.jpg,6497,old image larger (6497 vs 2962 bytes),
DEACTIVATE,12582,MS - Gentry High School,ms-gentry-high-school-v1,ms-gentry-high-school.png,2962,old image larger (6497 vs 2962 bytes),
KEEP,4352,MS-George County School District,ms-george-county-school-district,ms-george-county-school-district.jpg,6275,old image larger (6275 vs 2956 bytes),
DEACTIVATE,12583,MS - George County School District,ms-george-county-school-district-v1,ms-george-county-school-district.png,2956,old image larger (6275 vs 2956 bytes),
KEEP,4353,MS-Germantown High School,ms-germantown-high-school,ms-germantown-high-school.jpg,5784,old image larger (5784 vs 2738 bytes),
DEACTIVATE,12584,MS - Germantown High School,ms-germantown-high-school-v1,ms-germantown-high-school.png,2738,old image larger (5784 vs 2738 bytes),
KEEP,4354,MS-God Bless America - Sunflower Consolidated School Preservation,ms-god-bless-america-sunflower-consolidated-school-preservation,ms-god-bless-america-sunflower-consolidated-school-preservation.jpg,6397,old image larger (6397 vs 3370 bytes),
DEACTIVATE,12648,MS - God Bless America Sunflower Consolidated School Preservation,ms-god-bless-america-sunflower-consolidated-school-preservation-v1,ms-god-bless-america-sunflower-consolidated-school-preservation.png,3370,old image larger (6397 vs 3370 bytes),
KEEP,4355,MS-Gold Star Air Force,ms-gold-star-air-force,ms-gold-star-air-force.jpg,5981,old image larger (5981 vs 3112 bytes),
DEACTIVATE,12778,MS - Gold Star Air Force,ms-gold-star-air-force-v1,ms-gold-star-air-force.png,3112,old image larger (5981 vs 3112 bytes),
KEEP,4356,MS-Gold Star Army,ms-gold-star-army,ms-gold-star-army.jpg,4102,old image larger (4102 vs 1568 bytes),
DEACTIVATE,12779,MS - Gold Star Army,ms-gold-star-army-v1,ms-gold-star-army.png,1568,old image larger (4102 vs 1568 bytes),
KEEP,4357,MS-Gold Star Coast Guard,ms-gold-star-coast-guard,ms-gold-star-coast-guard.jpg,4293,old image larger (4293 vs 1786 bytes),
DEACTIVATE,12780,MS - Gold Star Coast Guard,ms-gold-star-coast-guard-v1,ms-gold-star-coast-guard.png,1786,old image larger (4293 vs 1786 bytes),
KEEP,4358,MS-Gold Star Marine,ms-gold-star-marine,ms-gold-star-marine.jpg,4059,old image larger (4059 vs 1692 bytes),
DEACTIVATE,12781,MS - Gold Star Marine,ms-gold-star-marine-v1,ms-gold-star-marine.png,1692,old image larger (4059 vs 1692 bytes),
KEEP,4359,MS-Gold Star Navy,ms-gold-star-navy,ms-gold-star-navy.jpg,4259,old image larger (4259 vs 1604 bytes),
DEACTIVATE,12782,MS - Gold Star Navy,ms-gold-star-navy-v1,ms-gold-star-navy.png,1604,old image larger (4259 vs 1604 bytes),
KEEP,4360,MS-Government,ms-government,ms-government.jpg,5779,old image larger (5779 vs 3096 bytes),
DEACTIVATE,12541,MS - Government,ms-government-v1,ms-government.png,3096,old image larger (5779 vs 3096 bytes),
KEEP,4361,MS-Government-Motorcycle,ms-government-motorcycle,ms-government-motorcycle.jpg,6851,old image larger (6851 vs 3368 bytes),
DEACTIVATE,12540,MS - Government Motorcycle,ms-government-motorcycle-v1,ms-government-motorcycle.png,3368,old image larger (6851 vs 3368 bytes),
KEEP,4363,MS-Grand Lodge,ms-grand-lodge,ms-grand-lodge.jpg,5883,old image larger (5883 vs 3046 bytes),
DEACTIVATE,12496,MS - Grand Lodge,ms-grand-lodge-v1,ms-grand-lodge.png,3046,old image larger (5883 vs 3046 bytes),
KEEP,4364,MS-Grand Lodge --Motorcycle,ms-grand-lodge-motorcycle,ms-grand-lodge-motorcycle.jpg,5448,old image larger (5448 vs 2488 bytes),
DEACTIVATE,12495,MS - Grand Lodge Motorcycle,ms-grand-lodge-motorcycle-v1,ms-grand-lodge-motorcycle.png,2488,old image larger (5448 vs 2488 bytes),
KEEP,4365,MS-Gulf Coast Regional Tourism Partnership,ms-gulf-coast-regional-tourism-partnership,ms-gulf-coast-regional-tourism-partnership.jpg,5891,old image larger (5891 vs 2830 bytes),
DEACTIVATE,12563,MS - Gulf Coast Regional Tourism Partnership,ms-gulf-coast-regional-tourism-partnership-v1,ms-gulf-coast-regional-tourism-partnership.png,2830,old image larger (5891 vs 2830 bytes),
KEEP,4366,MS-Gulf War Veteran,ms-gulf-war-veteran,ms-gulf-war-veteran.jpg,8544,old image larger (8544 vs 3812 bytes),
DEACTIVATE,12783,MS - Gulf War Veteran,ms-gulf-war-veteran-v1,ms-gulf-war-veteran.png,3812,old image larger (8544 vs 3812 bytes),
KEEP,4367,MS-Gulfport Police Athletic League,ms-gulfport-police-athletic-league,ms-gulfport-police-athletic-league.jpg,6128,old image larger (6128 vs 3088 bytes),
DEACTIVATE,12687,MS - Gulfport Police Athletic League,ms-gulfport-police-athletic-league-v1,ms-gulfport-police-athletic-league.png,3088,old image larger (6128 vs 3088 bytes),
KEEP,4368,MS-Gulfport School District,ms-gulfport-school-district,ms-gulfport-school-district.jpg,6536,old image larger (6536 vs 3284 bytes),
DEACTIVATE,12585,MS - Gulfport School District,ms-gulfport-school-district-v1,ms-gulfport-school-district.png,3284,old image larger (6536 vs 3284 bytes),
KEEP,12542,MS - Harvest Permitees,ms-harvest-permitees-v1,ms-harvest-permitees.png,149475,new image larger (149475 vs 9962 bytes),ms-harvest-permitees
DEACTIVATE,4369,MS-Harvest Permitees,ms-harvest-permitees,ms-harvest-permitees.jpg,9962,new image larger (149475 vs 9962 bytes),
KEEP,4370,MS-Hattiesburg School District,ms-hattiesburg-school-district,ms-hattiesburg-school-district.jpg,5904,old image larger (5904 vs 2560 bytes),
DEACTIVATE,12586,MS - Hattiesburg School District,ms-hattiesburg-school-district-v1,ms-hattiesburg-school-district.png,2560,old image larger (5904 vs 2560 bytes),
KEEP,4371,MS-Hearing Impaired,ms-hearing-impaired,ms-hearing-impaired.jpg,5911,old image larger (5911 vs 2990 bytes),
DEACTIVATE,12650,MS - Hearing Impaired,ms-hearing-impaired-v1,ms-hearing-impaired.png,2990,old image larger (5911 vs 2990 bytes),
KEEP,4372,MS-Hearing Impaired --Motorcycle,ms-hearing-impaired-motorcycle,ms-hearing-impaired-motorcycle.jpg,4809,old image larger (4809 vs 2264 bytes),
DEACTIVATE,12649,MS - Hearing Impaired Motorcycle,ms-hearing-impaired-motorcycle-v1,ms-hearing-impaired-motorcycle.png,2264,old image larger (4809 vs 2264 bytes),
KEEP,12543,MS - Heavy Truck Trailer,ms-heavy-truck-trailer-v1,ms-heavy-truck-trailer.png,179831,new image larger (179831 vs 11143 bytes),ms-heavy-truck-trailer
DEACTIVATE,4374,MS-Heavy Truck Trailer,ms-heavy-truck-trailer,ms-heavy-truck-trailer.jpg,11143,new image larger (179831 vs 11143 bytes),
KEEP,4375,MS-Heroines of Jericho,ms-heroines-of-jericho,ms-heroines-of-jericho.jpg,6460,old image larger (6460 vs 3148 bytes),
DEACTIVATE,12497,MS - Heroines Of Jericho,ms-heroines-of-jericho-v1,ms-heroines-of-jericho.png,3148,old image larger (6460 vs 3148 bytes),
KEEP,4377,MS-Historical,ms-historical,ms-historical.jpg,5806,old image larger (5806 vs 2748 bytes),
DEACTIVATE,12731,MS - Historical,ms-historical-v1,ms-historical.png,2748,old image larger (5806 vs 2748 bytes),
KEEP,4378,MS-Holmes Community College,ms-holmes-community-college,ms-holmes-community-college.jpg,6217,old image larger (6217 vs 2836 bytes),
DEACTIVATE,12587,MS - Holmes Community College,ms-holmes-community-college-v1,ms-holmes-community-college.png,2836,old image larger (6217 vs 2836 bytes),
KEEP,4379,MS-Honoring Fallen Officers,ms-honoring-fallen-officers,ms-honoring-fallen-officers.jpg,6563,old image larger (6563 vs 2876 bytes),
DEACTIVATE,12481,MS - Honoring Fallen Officers,ms-honoring-fallen-officers-v1,ms-honoring-fallen-officers.png,2876,old image larger (6563 vs 2876 bytes),
KEEP,4380,MS-Honoring Veterans,ms-honoring-veterans,ms-honoring-veterans.jpg,5963,old image larger (5963 vs 2788 bytes),
DEACTIVATE,12784,MS - Honoring Veterans,ms-honoring-veterans-v1,ms-honoring-veterans.png,2788,old image larger (5963 vs 2788 bytes),
KEEP,4382,MS-I Care for Animals,ms-i-care-for-animals,ms-i-care-for-animals.jpg,5742,old image larger (5742 vs 2668 bytes),
DEACTIVATE,12652,MS - I Care For Animals,ms-i-care-for-animals-v1,ms-i-care-for-animals.png,2668,old image larger (5742 vs 2668 bytes),
KEEP,4384,MS-Institute for Marine Mammal Studies - Protect Dolphin,ms-institute-for-marine-mammal-studies-protect-dolphin,ms-institute-for-marine-mammal-studies-protect-dolphin.jpg,6373,old image larger (6373 vs 3286 bytes),
DEACTIVATE,12564,MS - Institute For Marine Mammal Studies Protect Dolphin,ms-institute-for-marine-mammal-studies-protect-dolphin-v1,ms-institute-for-marine-mammal-studies-protect-dolphin.png,3286,old image larger (6373 vs 3286 bytes),
KEEP,4385,MS-Institute for Marine Mammal Studies - Shark,ms-institute-for-marine-mammal-studies-shark,ms-institute-for-marine-mammal-studies-shark.jpg,6313,old image larger (6313 vs 2968 bytes),
DEACTIVATE,12565,MS - Institute For Marine Mammal Studies Shark,ms-institute-for-marine-mammal-studies-shark-v1,ms-institute-for-marine-mammal-studies-shark.png,2968,old image larger (6313 vs 2968 bytes),
KEEP,4386,MS-Iraq Veteran,ms-iraq-veteran,ms-iraq-veteran.jpg,5916,old image larger (5916 vs 2730 bytes),
DEACTIVATE,12785,MS - Iraq Veteran,ms-iraq-veteran-v1,ms-iraq-veteran.png,2730,old image larger (5916 vs 2730 bytes),
KEEP,4387,MS-Jackson State University,ms-jackson-state-university,ms-jackson-state-university.jpg,6738,old image larger (6738 vs 3290 bytes),
DEACTIVATE,12588,MS - Jackson State University,ms-jackson-state-university-v1,ms-jackson-state-university.png,3290,old image larger (6738 vs 3290 bytes),
KEEP,4388,MS-Jackson Zoo,ms-jackson-zoo,ms-jackson-zoo.jpg,5864,old image larger (5864 vs 2682 bytes),
DEACTIVATE,12654,MS - Jackson Zoo,ms-jackson-zoo-v1,ms-jackson-zoo.png,2682,old image larger (5864 vs 2682 bytes),
REVIEW,4390,MS-Juvenile Diabetes Research Foundation,ms-juvenile-diabetes-research-foundation,ms-juvenile-diabetes-research-foundation.jpg,13034,2 variants found — manual review needed,
REVIEW,12655,MS - Juvenile Diabetes Research Foundation v1,ms-juvenile-diabetes-research-foundation-v1,ms-juvenile-diabetes-research-foundation-v1.png,5246,2 variants found — manual review needed,
REVIEW,12656,MS - Juvenile Diabetes Research Foundation v2,ms-juvenile-diabetes-research-foundation-v2,ms-juvenile-diabetes-research-foundation-v2.png,135174,2 variants found — manual review needed,
KEEP,4391,MS-Kappa Alpha Psi,ms-kappa-alpha-psi,ms-kappa-alpha-psi.jpg,5481,old image larger (5481 vs 2498 bytes),
DEACTIVATE,12498,MS - Kappa Alpha Psi,ms-kappa-alpha-psi-v1,ms-kappa-alpha-psi.png,2498,old image larger (5481 vs 2498 bytes),
KEEP,4392,MS-Kemp's Ridley Sea Turtle,ms-kemps-ridley-sea-turtle,ms-kemp-s-ridley-sea-turtle.jpg,6267,old image larger (6267 vs 3060 bytes),
DEACTIVATE,12566,MS - Kemps Ridley Sea Turtle,ms-kemps-ridley-sea-turtle-v1,ms-kemps-ridley-sea-turtle.png,3060,old image larger (6267 vs 3060 bytes),
KEEP,4393,MS-Killed in Action,ms-killed-in-action,ms-killed-in-action.jpg,6049,old image larger (6049 vs 3126 bytes),
DEACTIVATE,12786,MS - Killed IN Action,ms-killed-in-action-v1,ms-killed-in-action.png,3126,old image larger (6049 vs 3126 bytes),
KEEP,4394,MS-Knights of Columbus,ms-knights-of-columbus,ms-knights-of-columbus.jpg,6202,old image larger (6202 vs 3076 bytes),
DEACTIVATE,12499,MS - Knights Of Columbus,ms-knights-of-columbus-v1,ms-knights-of-columbus.png,3076,old image larger (6202 vs 3076 bytes),
KEEP,4396,MS-Lafayette County School District,ms-lafayette-county-school-district,ms-lafayette-county-school-district.jpg,6104,old image larger (6104 vs 2786 bytes),
DEACTIVATE,12589,MS - Lafayette County School District,ms-lafayette-county-school-district-v1,ms-lafayette-county-school-district.png,2786,old image larger (6104 vs 2786 bytes),
KEEP,4397,MS-Lanier High School,ms-lanier-high-school,ms-lanier-high-school.jpg,6439,old image larger (6439 vs 3352 bytes),
DEACTIVATE,12590,MS - Lanier High School,ms-lanier-high-school-v1,ms-lanier-high-school.png,3352,old image larger (6439 vs 3352 bytes),
KEEP,4398,MS-Laurel School District,ms-laurel-school-district,ms-laurel-school-district.jpg,6869,old image larger (6869 vs 3322 bytes),
DEACTIVATE,12591,MS - Laurel School District,ms-laurel-school-district-v1,ms-laurel-school-district.png,3322,old image larger (6869 vs 3322 bytes),
KEEP,4399,MS-Law Enforcement - Police,ms-law-enforcement-police,ms-law-enforcement-police.jpg,5674,old image larger (5674 vs 2828 bytes),
DEACTIVATE,12482,MS - Law Enforcement Police,ms-law-enforcement-police-v1,ms-law-enforcement-police.png,2828,old image larger (5674 vs 2828 bytes),
KEEP,4400,MS-Law Enforcement - Sheriff,ms-law-enforcement-sheriff,ms-law-enforcement-sheriff.jpg,5997,old image larger (5997 vs 3022 bytes),
DEACTIVATE,12483,MS - Law Enforcement Sheriff,ms-law-enforcement-sheriff-v1,ms-law-enforcement-sheriff.png,3022,old image larger (5997 vs 3022 bytes),
KEEP,4401,MS-Law Enforcement - State,ms-law-enforcement-state,ms-law-enforcement-state.jpg,5192,old image larger (5192 vs 2538 bytes),
DEACTIVATE,12484,MS - Law Enforcement State,ms-law-enforcement-state-v1,ms-law-enforcement-state.png,2538,old image larger (5192 vs 2538 bytes),
KEEP,4402,MS-Le Bonheur Children's Hospital,ms-le-bonheur-childrens-hospital,ms-le-bonheur-children-s-hospital.jpg,5723,old image larger (5723 vs 2504 bytes),
DEACTIVATE,12657,MS - Le Bonheur Childrens Hospital,ms-le-bonheur-childrens-hospital-v1,ms-le-bonheur-childrens-hospital.png,2504,old image larger (5723 vs 2504 bytes),
KEEP,4403,MS-Louisiana State University,ms-louisiana-state-university,ms-louisiana-state-university.jpg,6441,old image larger (6441 vs 3310 bytes),
DEACTIVATE,12592,MS - Louisiana State University,ms-louisiana-state-university-v1,ms-louisiana-state-university.png,3310,old image larger (6441 vs 3310 bytes),
KEEP,4404,MS-Madison Jaguars,ms-madison-jaguars,ms-madison-jaguars.jpg,6285,old image larger (6285 vs 2994 bytes),
DEACTIVATE,12593,MS - Madison Jaguars,ms-madison-jaguars-v1,ms-madison-jaguars.png,2994,old image larger (6285 vs 2994 bytes),
KEEP,4405,MS-Magnolia Heights School,ms-magnolia-heights-school,ms-magnolia-heights-school.jpg,10735,old image larger (10735 vs 4524 bytes),
DEACTIVATE,12594,MS - Magnolia Heights School,ms-magnolia-heights-school-v1,ms-magnolia-heights-school.png,4524,old image larger (10735 vs 4524 bytes),
KEEP,4407,MS-Marine Corps,ms-marine-corps,ms-marine-corps.jpg,6417,old image larger (6417 vs 3164 bytes),
DEACTIVATE,12787,MS - Marine Corps,ms-marine-corps-v1,ms-marine-corps.png,3164,old image larger (6417 vs 3164 bytes),
KEEP,12500,MS - Maurice F Lucas Sr Grand Chapter Of The Eastern Star,ms-maurice-f-lucas-sr-grand-chapter-of-the-eastern-star-v1,ms-maurice-f-lucas-sr-grand-chapter-of-the-eastern-star.png,141531,new image larger (141531 vs 11297 bytes),ms-maurice-f-lucas-sr-grand-chapter-of-the-eastern-star
DEACTIVATE,4408,"MS-Maurice F Lucas, Sr., Grand Chapter of the Eastern Star",ms-maurice-f-lucas-sr-grand-chapter-of-the-eastern-star,ms-maurice-f-lucas-sr-grand-chapter-of-the-eastern-star.jpg,11297,new image larger (141531 vs 11297 bytes),
KEEP,4409,MS-Medal of Honor - Army,ms-medal-of-honor-army,ms-medal-of-honor-army.jpg,5380,old image larger (5380 vs 2638 bytes),
DEACTIVATE,12788,MS - Medal Of Honor Army,ms-medal-of-honor-army-v1,ms-medal-of-honor-army.png,2638,old image larger (5380 vs 2638 bytes),
KEEP,4410,MS-Medal of Honor - Marine,ms-medal-of-honor-marine,ms-medal-of-honor-marine.jpg,4977,old image larger (4977 vs 2432 bytes),
DEACTIVATE,12789,MS - Medal Of Honor Marine,ms-medal-of-honor-marine-v1,ms-medal-of-honor-marine.png,2432,old image larger (4977 vs 2432 bytes),
KEEP,4411,MS-Merchant Marine,ms-merchant-marine,ms-merchant-marine.jpg,9571,old image larger (9571 vs 3826 bytes),
DEACTIVATE,12790,MS - Merchant Marine,ms-merchant-marine-v1,ms-merchant-marine.png,3826,old image larger (9571 vs 3826 bytes),
KEEP,4412,MS-Meridian Public School,ms-meridian-public-school,ms-meridian-public-school.jpg,6112,old image larger (6112 vs 3008 bytes),
DEACTIVATE,12595,MS - Meridian Public School,ms-meridian-public-school-v1,ms-meridian-public-school.png,3008,old image larger (6112 vs 3008 bytes),
KEEP,4413,MS-Millsaps College,ms-millsaps-college,ms-millsaps-college.jpg,5703,old image larger (5703 vs 2842 bytes),
DEACTIVATE,12596,MS - Millsaps College,ms-millsaps-college-v1,ms-millsaps-college.png,2842,old image larger (5703 vs 2842 bytes),
KEEP,4414,MS-Mississippi After School Alliance,ms-mississippi-after-school-alliance,ms-mississippi-after-school-alliance.jpg,5916,old image larger (5916 vs 2816 bytes),
DEACTIVATE,12658,MS - Mississippi After School Alliance,ms-mississippi-after-school-alliance-v1,ms-mississippi-after-school-alliance.png,2816,old image larger (5916 vs 2816 bytes),
KEEP,12659,MS - Mississippi Aquarium,ms-mississippi-aquarium-v1,ms-mississippi-aquarium.png,49875,new image larger (49875 vs 12262 bytes),ms-mississippi-aquarium
DEACTIVATE,4415,MS-Mississippi Aquarium,ms-mississippi-aquarium,ms-mississippi-aquarium.jpg,12262,new image larger (49875 vs 12262 bytes),
KEEP,4416,MS-Mississippi Association of Emergency Services,ms-mississippi-association-of-emergency-services,ms-mississippi-association-of-emergency-services.jpg,6086,old image larger (6086 vs 2688 bytes),
DEACTIVATE,12486,MS - Mississippi Association Of Emergency Services,ms-mississippi-association-of-emergency-services-v1,ms-mississippi-association-of-emergency-services.png,2688,old image larger (6086 vs 2688 bytes),
KEEP,4418,MS-Mississippi Children's Museum,ms-mississippi-childrens-museum,ms-mississippi-children-s-museum.jpg,5925,old image larger (5925 vs 2690 bytes),
DEACTIVATE,12661,MS - Mississippi Childrens Museum,ms-mississippi-childrens-museum-v1,ms-mississippi-childrens-museum.png,2690,old image larger (5925 vs 2690 bytes),
KEEP,4419,MS-Mississippi College,ms-mississippi-college,ms-mississippi-college.jpg,4456,old image larger (4456 vs 1928 bytes),
DEACTIVATE,12597,MS - Mississippi College,ms-mississippi-college-v1,ms-mississippi-college.png,1928,old image larger (4456 vs 1928 bytes),
KEEP,4420,MS-Mississippi Family Physicians,ms-mississippi-family-physicians,ms-mississippi-family-physicians.jpg,6760,old image larger (6760 vs 3140 bytes),
DEACTIVATE,12662,MS - Mississippi Family Physicians,ms-mississippi-family-physicians-v1,ms-mississippi-family-physicians.png,3140,old image larger (6760 vs 3140 bytes),
KEEP,4421,MS-Mississippi Golf Association,ms-mississippi-golf-association,ms-mississippi-golf-association.jpg,5893,old image larger (5893 vs 2678 bytes),
DEACTIVATE,12688,MS - Mississippi Golf Association,ms-mississippi-golf-association-v1,ms-mississippi-golf-association.png,2678,old image larger (5893 vs 2678 bytes),
KEEP,4422,MS-Mississippi Home of the Blues,ms-mississippi-home-of-the-blues,ms-mississippi-home-of-the-blues.jpg,6521,old image larger (6521 vs 3090 bytes),
DEACTIVATE,12663,MS - Mississippi Home Of The Blues,ms-mississippi-home-of-the-blues-v1,ms-mississippi-home-of-the-blues.png,3090,old image larger (6521 vs 3090 bytes),
KEEP,4423,MS-Mississippi House of Representative,ms-mississippi-house-of-representative,ms-mississippi-house-of-representative.jpg,5800,old image larger (5800 vs 2918 bytes),
DEACTIVATE,12545,MS - Mississippi House Of Representative,ms-mississippi-house-of-representative-v1,ms-mississippi-house-of-representative.png,2918,old image larger (5800 vs 2918 bytes),
KEEP,4424,MS-Mississippi Law Enforcement Officers Association Supporter,ms-mississippi-law-enforcement-officers-association-supporter,ms-mississippi-law-enforcement-officers-association-supporter.jpg,6142,old image larger (6142 vs 3190 bytes),
DEACTIVATE,12487,MS - Mississippi Law Enforcement Officers Association Supporter,ms-mississippi-law-enforcement-officers-association-supporter-v1,ms-mississippi-law-enforcement-officers-association-supporter.png,3190,old image larger (6142 vs 3190 bytes),
KEEP,4425,MS-Mississippi Loggers Association,ms-mississippi-loggers-association,ms-mississippi-loggers-association.jpg,5417,old image larger (5417 vs 2608 bytes),
DEACTIVATE,12664,MS - Mississippi Loggers Association,ms-mississippi-loggers-association-v1,ms-mississippi-loggers-association.png,2608,old image larger (5417 vs 2608 bytes),
KEEP,4426,MS-Mississippi Motosteps,ms-mississippi-motosteps,ms-mississippi-motosteps.jpg,6712,old image larger (6712 vs 3134 bytes),
DEACTIVATE,12666,MS - Mississippi Motosteps,ms-mississippi-motosteps-v1,ms-mississippi-motosteps.png,3134,old image larger (6712 vs 3134 bytes),
KEEP,4427,MS-Mississippi Motosteps --Motorcycle,ms-mississippi-motosteps-motorcycle,ms-mississippi-motosteps-motorcycle.jpg,6204,old image larger (6204 vs 3140 bytes),
DEACTIVATE,12665,MS - Mississippi Motosteps Motorcycle,ms-mississippi-motosteps-motorcycle-v1,ms-mississippi-motosteps-motorcycle.png,3140,old image larger (6204 vs 3140 bytes),
KEEP,4428,MS-Mississippi Nurses Foundation,ms-mississippi-nurses-foundation,ms-mississippi-nurses-foundation.jpg,4935,old image larger (4935 vs 2170 bytes),
DEACTIVATE,12667,MS - Mississippi Nurses Foundation,ms-mississippi-nurses-foundation-v1,ms-mississippi-nurses-foundation.png,2170,old image larger (4935 vs 2170 bytes),
KEEP,4429,MS-Mississippi Organ Donor,ms-mississippi-organ-donor,ms-mississippi-organ-donor.jpg,6355,old image larger (6355 vs 3162 bytes),
DEACTIVATE,12668,MS - Mississippi Organ Donor,ms-mississippi-organ-donor-v1,ms-mississippi-organ-donor.png,3162,old image larger (6355 vs 3162 bytes),
KEEP,12669,MS - Mississippi Public Broadcasting,ms-mississippi-public-broadcasting-v1,ms-mississippi-public-broadcasting.png,198283,new image larger (198283 vs 12593 bytes),ms-mississippi-public-broadcasting
DEACTIVATE,4430,MS-Mississippi Public Broadcasting,ms-mississippi-public-broadcasting,ms-mississippi-public-broadcasting.jpg,12593,new image larger (198283 vs 12593 bytes),
KEEP,4431,MS-Mississippi Senator,ms-mississippi-senator,ms-mississippi-senator.jpg,5439,old image larger (5439 vs 2530 bytes),
DEACTIVATE,12546,MS - Mississippi Senator,ms-mississippi-senator-v1,ms-mississippi-senator.png,2530,old image larger (5439 vs 2530 bytes),
KEEP,4432,MS-Mississippi State Equine Association,ms-mississippi-state-equine-association,ms-mississippi-state-equine-association.jpg,6388,old image larger (6388 vs 3196 bytes),
DEACTIVATE,12670,MS - Mississippi State Equine Association,ms-mississippi-state-equine-association-v1,ms-mississippi-state-equine-association.png,3196,old image larger (6388 vs 3196 bytes),
KEEP,12567,MS - Mississippi State Parks,ms-mississippi-state-parks-v1,ms-mississippi-state-parks.png,858869,new image larger (858869 vs 12352 bytes),ms-mississippi-state-parks
DEACTIVATE,4433,MS-Mississippi State Parks,ms-mississippi-state-parks,ms-mississippi-state-parks.jpg,12352,new image larger (858869 vs 12352 bytes),
KEEP,4435,MS-Mississippi Tennis Association,ms-mississippi-tennis-association,ms-mississippi-tennis-association.jpg,6355,old image larger (6355 vs 3236 bytes),
DEACTIVATE,12689,MS - Mississippi Tennis Association,ms-mississippi-tennis-association-v1,ms-mississippi-tennis-association.png,3236,old image larger (6355 vs 3236 bytes),
KEEP,4436,MS-Mississippi Toughest Kids Foundation,ms-mississippi-toughest-kids-foundation,ms-mississippi-toughest-kids-foundation.jpg,6012,old image larger (6012 vs 2850 bytes),
DEACTIVATE,12671,MS - Mississippi Toughest Kids Foundation,ms-mississippi-toughest-kids-foundation-v1,ms-mississippi-toughest-kids-foundation.png,2850,old image larger (6012 vs 2850 bytes),
KEEP,4437,MS-Mississippi University for Women,ms-mississippi-university-for-women,ms-mississippi-university-for-women.jpg,6144,old image larger (6144 vs 2872 bytes),
DEACTIVATE,12599,MS - Mississippi University For Women,ms-mississippi-university-for-women-v1,ms-mississippi-university-for-women.png,2872,old image larger (6144 vs 2872 bytes),
KEEP,4438,MS-Mississippi Valley State University,ms-mississippi-valley-state-university,ms-mississippi-valley-state-university.jpg,5734,old image larger (5734 vs 3110 bytes),
DEACTIVATE,12600,MS - Mississippi Valley State University,ms-mississippi-valley-state-university-v1,ms-mississippi-valley-state-university.png,3110,old image larger (5734 vs 3110 bytes),
KEEP,4439,MS-Mixed Martial Arts,ms-mixed-martial-arts,ms-mixed-martial-arts.jpg,6824,old image larger (6824 vs 3234 bytes),
DEACTIVATE,12690,MS - Mixed Martial Arts,ms-mixed-martial-arts-v1,ms-mixed-martial-arts.png,3234,old image larger (6824 vs 3234 bytes),
KEEP,4441,MS-Motorcycle-National Guard,ms-motorcycle-national-guard,ms-motorcycle-national-guard.jpg,12653,old image larger (12653 vs 5792 bytes),
DEACTIVATE,12791,MS - Motorcycle National Guard,ms-motorcycle-national-guard-v1,ms-motorcycle-national-guard.png,5792,old image larger (12653 vs 5792 bytes),
KEEP,4445,MS-MS Law Enforcement Officer Association Supporter,ms-ms-law-enforcement-officer-association-supporter,ms-ms-law-enforcement-officer-association-supporter.jpg,11590,old image larger (11590 vs 4878 bytes),
DEACTIVATE,12488,MS - MS Law Enforcement Officer Association Supporter,ms-ms-law-enforcement-officer-association-supporter-v1,ms-ms-law-enforcement-officer-association-supporter.png,4878,old image larger (11590 vs 4878 bytes),
KEEP,4447,MS-MSU-Baseball Championship,ms-msu-baseball-championship,ms-msu-baseball-championship.jpg,11715,old image larger (11715 vs 4766 bytes),
DEACTIVATE,12691,MS - Msu Baseball Championship,ms-msu-baseball-championship-v1,ms-msu-baseball-championship.png,4766,old image larger (11715 vs 4766 bytes),
KEEP,4448,MS-MW Stringer Grand Lodge - F & AM Prince Hall Affiliated,ms-mw-stringer-grand-lodge-f-am-prince-hall-affiliated,ms-mw-stringer-grand-lodge-f-am-prince-hall-affiliated.jpg,6623,old image larger (6623 vs 3246 bytes),
DEACTIVATE,12501,MS - Mw Stringer Grand Lodge F Am Prince Hall Affiliated,ms-mw-stringer-grand-lodge-f-am-prince-hall-affiliated-v1,ms-mw-stringer-grand-lodge-f-am-prince-hall-affiliated.png,3246,old image larger (6623 vs 3246 bytes),
KEEP,4539,MS-NASCAR-01 Ross Chastain,ms-nascar-01-ross-chastain,ms-nascar-01-ross-chastain.jpg,11534,old image larger (11534 vs 5256 bytes),
DEACTIVATE,12692,MS - Nascar 01 Ross Chastain,ms-nascar-01-ross-chastain-v1,ms-nascar-01-ross-chastain.png,5256,old image larger (11534 vs 5256 bytes),
KEEP,4540,MS-NASCAR-03 Dale Earnhardt,ms-nascar-03-dale-earnhardt,ms-nascar-03-dale-earnhardt.jpg,6476,old image larger (6476 vs 3236 bytes),
DEACTIVATE,12693,MS - Nascar 03 Dale Earnhardt,ms-nascar-03-dale-earnhardt-v1,ms-nascar-03-dale-earnhardt.png,3236,old image larger (6476 vs 3236 bytes),
KEEP,4541,MS-NASCAR-04 Kevin Harvick,ms-nascar-04-kevin-harvick,ms-nascar-04-kevin-harvick.jpg,6580,old image larger (6580 vs 3398 bytes),
DEACTIVATE,12694,MS - Nascar 04 Kevin Harvick,ms-nascar-04-kevin-harvick-v1,ms-nascar-04-kevin-harvick.png,3398,old image larger (6580 vs 3398 bytes),
KEEP,4542,MS-NASCAR-08 Kyle Bush,ms-nascar-08-kyle-bush,ms-nascar-08-kyle-bush.jpg,11427,old image larger (11427 vs 5060 bytes),
DEACTIVATE,12695,MS - Nascar 08 Kyle Bush,ms-nascar-08-kyle-bush-v1,ms-nascar-08-kyle-bush.png,5060,old image larger (11427 vs 5060 bytes),
KEEP,4543,MS-NASCAR-11 Denny Hamlin,ms-nascar-11-denny-hamlin,ms-nascar-11-denny-hamlin.jpg,6591,old image larger (6591 vs 3296 bytes),
DEACTIVATE,12696,MS - Nascar 11 Denny Hamlin,ms-nascar-11-denny-hamlin-v1,ms-nascar-11-denny-hamlin.png,3296,old image larger (6591 vs 3296 bytes),
KEEP,4544,MS-NASCAR-19 Martin Truex Jr,ms-nascar-19-martin-truex-jr,ms-nascar-19-martin-truex-jr.jpg,12023,old image larger (12023 vs 5480 bytes),
DEACTIVATE,12697,MS - Nascar 19 Martin Truex Jr,ms-nascar-19-martin-truex-jr-v1,ms-nascar-19-martin-truex-jr.png,5480,old image larger (12023 vs 5480 bytes),
KEEP,4545,MS-NASCAR-43 Richard Petty,ms-nascar-43-richard-petty,ms-nascar-43-richard-petty.jpg,12802,old image larger (12802 vs 5966 bytes),
DEACTIVATE,12698,MS - Nascar 43 Richard Petty,ms-nascar-43-richard-petty-v1,ms-nascar-43-richard-petty.png,5966,old image larger (12802 vs 5966 bytes),
KEEP,4546,MS-NASCAR-47 Ricky Stenhouse Jr,ms-nascar-47-ricky-stenhouse-jr,ms-nascar-47-ricky-stenhouse-jr.jpg,11289,old image larger (11289 vs 5180 bytes),
DEACTIVATE,12699,MS - Nascar 47 Ricky Stenhouse Jr,ms-nascar-47-ricky-stenhouse-jr-v1,ms-nascar-47-ricky-stenhouse-jr.png,5180,old image larger (11289 vs 5180 bytes),
KEEP,4547,MS-NASCAR-54 Ty Gibbs,ms-nascar-54-ty-gibbs,ms-nascar-54-ty-gibbs.jpg,12795,old image larger (12795 vs 6274 bytes),
DEACTIVATE,12700,MS - Nascar 54 Ty Gibbs,ms-nascar-54-ty-gibbs-v1,ms-nascar-54-ty-gibbs.png,6274,old image larger (12795 vs 6274 bytes),
KEEP,4548,MS-NASCAR-Ford Racing,ms-nascar-ford-racing,ms-nascar-ford-racing.jpg,6112,old image larger (6112 vs 3064 bytes),
DEACTIVATE,12701,MS - Nascar Ford Racing,ms-nascar-ford-racing-v1,ms-nascar-ford-racing.png,3064,old image larger (6112 vs 3064 bytes),
KEEP,4549,MS-NASCAR-Generic Driver,ms-nascar-generic-driver,ms-nascar-generic-driver.jpg,12253,old image larger (12253 vs 5510 bytes),
DEACTIVATE,12702,MS - Nascar Generic Driver,ms-nascar-generic-driver-v1,ms-nascar-generic-driver.png,5510,old image larger (12253 vs 5510 bytes),
KEEP,4550,MS-NASCAR-Hall of Fame,ms-nascar-hall-of-fame,ms-nascar-hall-of-fame.jpg,11205,old image larger (11205 vs 5002 bytes),
DEACTIVATE,12703,MS - Nascar Hall Of Fame,ms-nascar-hall-of-fame-v1,ms-nascar-hall-of-fame.png,5002,old image larger (11205 vs 5002 bytes),
KEEP,4552,MS-NASCAR-Stripe,ms-nascar-stripe,ms-nascar-stripe.jpg,12259,old image larger (12259 vs 5976 bytes),
DEACTIVATE,12705,MS - Nascar Stripe,ms-nascar-stripe-v1,ms-nascar-stripe.png,5976,old image larger (12259 vs 5976 bytes),
KEEP,4553,MS-NASCAR-Track Scene,ms-nascar-track-scene,ms-nascar-track-scene.jpg,12329,old image larger (12329 vs 6102 bytes),
DEACTIVATE,12706,MS - Nascar Track Scene,ms-nascar-track-scene-v1,ms-nascar-track-scene.png,6102,old image larger (12329 vs 6102 bytes),
KEEP,4450,MS-National Rifle Association,ms-national-rifle-association,ms-national-rifle-association.jpg,7174,old image larger (7174 vs 3786 bytes),
DEACTIVATE,12672,MS - National Rifle Association,ms-national-rifle-association-v1,ms-national-rifle-association.png,3786,old image larger (7174 vs 3786 bytes),
KEEP,4452,MS-National Wild Turkey Federation,ms-national-wild-turkey-federation,ms-national-wild-turkey-federation.jpg,6698,old image larger (6698 vs 3224 bytes),
DEACTIVATE,12568,MS - National Wild Turkey Federation,ms-national-wild-turkey-federation-v1,ms-national-wild-turkey-federation.png,3224,old image larger (6698 vs 3224 bytes),
KEEP,4453,MS-Navy and Marine Corps,ms-navy-and-marine-corps,ms-navy-and-marine-corps.jpg,5866,old image larger (5866 vs 2856 bytes),
DEACTIVATE,12793,MS - Navy And Marine Corps,ms-navy-and-marine-corps-v1,ms-navy-and-marine-corps.png,2856,old image larger (5866 vs 2856 bytes),
KEEP,4454,MS-Neshoba Central Rockets,ms-neshoba-central-rockets,ms-neshoba-central-rockets.jpg,10592,old image larger (10592 vs 5002 bytes),
DEACTIVATE,12601,MS - Neshoba Central Rockets,ms-neshoba-central-rockets-v1,ms-neshoba-central-rockets.png,5002,old image larger (10592 vs 5002 bytes),
KEEP,4456,MS-Oak Grove School,ms-oak-grove-school,ms-oak-grove-school.jpg,6750,old image larger (6750 vs 3348 bytes),
DEACTIVATE,12602,MS - Oak Grove School,ms-oak-grove-school-v1,ms-oak-grove-school.png,3348,old image larger (6750 vs 3348 bytes),
KEEP,4457,MS-Ocean Springs Athletic Foundation,ms-ocean-springs-athletic-foundation,ms-ocean-springs-athletic-foundation.jpg,6026,old image larger (6026 vs 2832 bytes),
DEACTIVATE,12708,MS - Ocean Springs Athletic Foundation,ms-ocean-springs-athletic-foundation-v1,ms-ocean-springs-athletic-foundation.png,2832,old image larger (6026 vs 2832 bytes),
KEEP,4458,MS-Ole Miss-Welcome Home,ms-ole-miss-welcome-home,ms-ole-miss-welcome-home.jpg,5337,old image larger (5337 vs 2570 bytes),
DEACTIVATE,12603,MS - Ole Miss Welcome Home,ms-ole-miss-welcome-home-v1,ms-ole-miss-welcome-home.png,2570,old image larger (5337 vs 2570 bytes),
KEEP,4459,MS-Olive Branch High School,ms-olive-branch-high-school,ms-olive-branch-high-school.jpg,5987,old image larger (5987 vs 3010 bytes),
DEACTIVATE,12604,MS - Olive Branch High School,ms-olive-branch-high-school-v1,ms-olive-branch-high-school.png,3010,old image larger (5987 vs 3010 bytes),
KEEP,4460,MS-Omega Psi Phi,ms-omega-psi-phi,ms-omega-psi-phi.jpg,6566,old image larger (6566 vs 3312 bytes),
DEACTIVATE,12503,MS - Omega Psi Phi,ms-omega-psi-phi-v1,ms-omega-psi-phi.png,3312,old image larger (6566 vs 3312 bytes),
KEEP,4461,MS-Omega Psi Phi-Motorcycle,ms-omega-psi-phi-motorcycle,ms-omega-psi-phi-motorcycle.jpg,6094,old image larger (6094 vs 2800 bytes),
DEACTIVATE,12502,MS - Omega Psi Phi Motorcycle,ms-omega-psi-phi-motorcycle-v1,ms-omega-psi-phi-motorcycle.png,2800,old image larger (6094 vs 2800 bytes),
KEEP,4462,MS-Oxford School District,ms-oxford-school-district,ms-oxford-school-district.jpg,6400,old image larger (6400 vs 3128 bytes),
DEACTIVATE,12605,MS - Oxford School District,ms-oxford-school-district-v1,ms-oxford-school-district.png,3128,old image larger (6400 vs 3128 bytes),
KEEP,4464,MS-Pearl Harbor,ms-pearl-harbor,ms-pearl-harbor.jpg,6032,old image larger (6032 vs 3010 bytes),
DEACTIVATE,12795,MS - Pearl Harbor,ms-pearl-harbor-v1,ms-pearl-harbor.png,3010,old image larger (6032 vs 3010 bytes),
KEEP,4465,MS-Pearl Harbor-Motorcycle,ms-pearl-harbor-motorcycle,ms-pearl-harbor-motorcycle.jpg,5634,old image larger (5634 vs 2598 bytes),
DEACTIVATE,12794,MS - Pearl Harbor Motorcycle,ms-pearl-harbor-motorcycle-v1,ms-pearl-harbor-motorcycle.png,2598,old image larger (5634 vs 2598 bytes),
KEEP,4466,MS-Pearl River Valley Water,ms-pearl-river-valley-water,ms-pearl-river-valley-water.jpg,5891,old image larger (5891 vs 2862 bytes),
DEACTIVATE,12673,MS - Pearl River Valley Water,ms-pearl-river-valley-water-v1,ms-pearl-river-valley-water.png,2862,old image larger (5891 vs 2862 bytes),
KEEP,4467,MS-Pearl School District,ms-pearl-school-district,ms-pearl-school-district.jpg,6491,old image larger (6491 vs 3196 bytes),
DEACTIVATE,12606,MS - Pearl School District,ms-pearl-school-district-v1,ms-pearl-school-district.png,3196,old image larger (6491 vs 3196 bytes),
KEEP,4468,MS-Petal School District,ms-petal-school-district,ms-petal-school-district.jpg,5671,old image larger (5671 vs 2782 bytes),
DEACTIVATE,12607,MS - Petal School District,ms-petal-school-district-v1,ms-petal-school-district.png,2782,old image larger (5671 vs 2782 bytes),
KEEP,4469,MS-Phi Beta Sigma,ms-phi-beta-sigma,ms-phi-beta-sigma.jpg,5755,old image larger (5755 vs 2972 bytes),
DEACTIVATE,12504,MS - Phi Beta Sigma,ms-phi-beta-sigma-v1,ms-phi-beta-sigma.png,2972,old image larger (5755 vs 2972 bytes),
KEEP,12608,MS - Poplarville Public School District,ms-poplarville-public-school-district-v1,ms-poplarville-public-school-district.png,156340,new image larger (156340 vs 11613 bytes),ms-poplarville-public-school-district
DEACTIVATE,4470,MS-Poplarville Public School District,ms-poplarville-public-school-district,ms-poplarville-public-school-district.jpg,11613,new image larger (156340 vs 11613 bytes),
KEEP,4472,MS-Profession of Pharmacy,ms-profession-of-pharmacy,ms-profession-of-pharmacy.jpg,6830,old image larger (6830 vs 3412 bytes),
DEACTIVATE,12674,MS - Profession Of Pharmacy,ms-profession-of-pharmacy-v1,ms-profession-of-pharmacy.png,3412,old image larger (6830 vs 3412 bytes),
KEEP,4473,MS-Professional Fire Fighter,ms-professional-fire-fighter,ms-professional-fire-fighter.jpg,6469,old image larger (6469 vs 3332 bytes),
DEACTIVATE,12489,MS - Professional Fire Fighter,ms-professional-fire-fighter-v1,ms-professional-fire-fighter.png,3332,old image larger (6469 vs 3332 bytes),
KEEP,12675,MS - Professional Hair Designers,ms-professional-hair-designers-v1,ms-professional-hair-designers.png,55071,new image larger (55071 vs 5879 bytes),ms-professional-hair-designers
DEACTIVATE,4474,MS-Professional Hair Designers,ms-professional-hair-designers,ms-professional-hair-designers.jpg,5879,new image larger (55071 vs 5879 bytes),
KEEP,4475,MS-Purple Heart-Disabled,ms-purple-heart-disabled,ms-purple-heart-disabled.jpg,4926,old image larger (4926 vs 2298 bytes),
DEACTIVATE,12796,MS - Purple Heart Disabled,ms-purple-heart-disabled-v1,ms-purple-heart-disabled.png,2298,old image larger (4926 vs 2298 bytes),
KEEP,4476,MS-Purple Heart-Motorcycle,ms-purple-heart-motorcycle,ms-purple-heart-motorcycle.jpg,5094,old image larger (5094 vs 2152 bytes),
DEACTIVATE,12797,MS - Purple Heart Motorcycle,ms-purple-heart-motorcycle-v1,ms-purple-heart-motorcycle.png,2152,old image larger (5094 vs 2152 bytes),
KEEP,4477,MS-Purple Heart -Original,ms-purple-heart-original,ms-purple-heart-original.jpg,5626,old image larger (5626 vs 2788 bytes),
DEACTIVATE,12798,MS - Purple Heart Original,ms-purple-heart-original-v1,ms-purple-heart-original.png,2788,old image larger (5626 vs 2788 bytes),
KEEP,4479,MS-Rankin County School District,ms-rankin-county-school-district,ms-rankin-county-school-district.jpg,6132,old image larger (6132 vs 3062 bytes),
DEACTIVATE,12609,MS - Rankin County School District,ms-rankin-county-school-district-v1,ms-rankin-county-school-district.png,3062,old image larger (6132 vs 3062 bytes),
KEEP,4481,MS-Retired as Career Law Enforcement Officer,ms-retired-as-career-law-enforcement-officer,ms-retired-as-career-law-enforcement-officer.jpg,6543,old image larger (6543 vs 3362 bytes),
DEACTIVATE,12490,MS - Retired As Career Law Enforcement Officer,ms-retired-as-career-law-enforcement-officer-v1,ms-retired-as-career-law-enforcement-officer.png,3362,old image larger (6543 vs 3362 bytes),
KEEP,4482,MS-Retired Troopers,ms-retired-troopers,ms-retired-troopers.jpg,5082,old image larger (5082 vs 2272 bytes),
DEACTIVATE,12491,MS - Retired Troopers,ms-retired-troopers-v1,ms-retired-troopers.png,2272,old image larger (5082 vs 2272 bytes),
KEEP,4483,MS-Ridgeland High School,ms-ridgeland-high-school,ms-ridgeland-high-school.jpg,6662,old image larger (6662 vs 3334 bytes),
DEACTIVATE,12610,MS - Ridgeland High School,ms-ridgeland-high-school-v1,ms-ridgeland-high-school.png,3334,old image larger (6662 vs 3334 bytes),
KEEP,4484,MS-Rotary International,ms-rotary-international,ms-rotary-international.jpg,6698,old image larger (6698 vs 3604 bytes),
DEACTIVATE,12505,MS - Rotary International,ms-rotary-international-v1,ms-rotary-international.png,3604,old image larger (6698 vs 3604 bytes),
KEEP,4485,MS-Rust College,ms-rust-college,ms-rust-college.jpg,5975,old image larger (5975 vs 3036 bytes),
DEACTIVATE,12611,MS - Rust College,ms-rust-college-v1,ms-rust-college.png,3036,old image larger (5975 vs 3036 bytes),
KEEP,12506,MS - Sigma Gamma Rho Sorority Supporter,ms-sigma-gamma-rho-sorority-supporter-v1,ms-sigma-gamma-rho-sorority-supporter.png,164784,new image larger (164784 vs 11863 bytes),ms-sigma-gamma-rho-sorority-supporter
DEACTIVATE,4488,MS-Sigma Gamma Rho Sorority Supporter,ms-sigma-gamma-rho-sorority-supporter,ms-sigma-gamma-rho-sorority-supporter.jpg,11863,new image larger (164784 vs 11863 bytes),
KEEP,4489,MS-Silver Star,ms-silver-star,ms-silver-star.jpg,5391,old image larger (5391 vs 2552 bytes),
DEACTIVATE,12799,MS - Silver Star,ms-silver-star-v1,ms-silver-star.png,2552,old image larger (5391 vs 2552 bytes),
KEEP,4490,MS-Soil Conservation,ms-soil-conservation,ms-soil-conservation.jpg,5662,old image larger (5662 vs 2794 bytes),
DEACTIVATE,12569,MS - Soil Conservation,ms-soil-conservation-v1,ms-soil-conservation.png,2794,old image larger (5662 vs 2794 bytes),
KEEP,4491,MS-Sons of Confederate Veterans,ms-sons-of-confederate-veterans,ms-sons-of-confederate-veterans.jpg,5935,old image larger (5935 vs 3104 bytes),
DEACTIVATE,12508,MS - Sons Of Confederate Veterans,ms-sons-of-confederate-veterans-v1,ms-sons-of-confederate-veterans.png,3104,old image larger (5935 vs 3104 bytes),
KEEP,4492,MS-Sons of Confederate Veterans-Motorcycle,ms-sons-of-confederate-veterans-motorcycle,ms-sons-of-confederate-veterans-motorcycle.jpg,4995,old image larger (4995 vs 2356 bytes),
DEACTIVATE,12507,MS - Sons Of Confederate Veterans Motorcycle,ms-sons-of-confederate-veterans-motorcycle-v1,ms-sons-of-confederate-veterans-motorcycle.png,2356,old image larger (4995 vs 2356 bytes),
KEEP,4493,MS-South Panola School District,ms-south-panola-school-district,ms-south-panola-school-district.jpg,6674,old image larger (6674 vs 3454 bytes),
DEACTIVATE,12612,MS - South Panola School District,ms-south-panola-school-district-v1,ms-south-panola-school-district.png,3454,old image larger (6674 vs 3454 bytes),
KEEP,4495,MS-St Jude Children's Hospital,ms-st-jude-childrens-hospital,ms-st-jude-children-s-hospital.jpg,6218,old image larger (6218 vs 2894 bytes),
DEACTIVATE,12678,MS - St Jude Childrens Hospital,ms-st-jude-childrens-hospital-v1,ms-st-jude-childrens-hospital.png,2894,old image larger (6218 vs 2894 bytes),
KEEP,4496,MS-St Martin High School,ms-st-martin-high-school,ms-st-martin-high-school.jpg,6426,old image larger (6426 vs 3290 bytes),
DEACTIVATE,12613,MS - St Martin High School,ms-st-martin-high-school-v1,ms-st-martin-high-school.png,3290,old image larger (6426 vs 3290 bytes),
KEEP,4497,MS-St Patrick High School,ms-st-patrick-high-school,ms-st-patrick-high-school.jpg,6449,old image larger (6449 vs 2962 bytes),
DEACTIVATE,12614,MS - St Patrick High School,ms-st-patrick-high-school-v1,ms-st-patrick-high-school.png,2962,old image larger (6449 vs 2962 bytes),
KEEP,4498,MS-Starkville-Oktibbeha Football,ms-starkville-oktibbeha-football,ms-starkville-oktibbeha-football.jpg,6787,old image larger (6787 vs 3558 bytes),
DEACTIVATE,12710,MS - Starkville Oktibbeha Football,ms-starkville-oktibbeha-football-v1,ms-starkville-oktibbeha-football.png,3558,old image larger (6787 vs 3558 bytes),
KEEP,12679,MS - State Flag,ms-state-flag-v1,ms-state-flag.png,61037,new image larger (61037 vs 5485 bytes),ms-state-flag
DEACTIVATE,4499,MS-State Flag,ms-state-flag,ms-state-flag.jpg,5485,new image larger (61037 vs 5485 bytes),
KEEP,4500,MS-Stone County School District,ms-stone-county-school-district,ms-stone-county-school-district.jpg,6814,old image larger (6814 vs 3284 bytes),
DEACTIVATE,12615,MS - Stone County School District,ms-stone-county-school-district-v1,ms-stone-county-school-district.png,3284,old image larger (6814 vs 3284 bytes),
KEEP,4501,MS-Street Rod,ms-street-rod,ms-street-rod.jpg,4936,old image larger (4936 vs 2162 bytes),
DEACTIVATE,12736,MS - Street Rod,ms-street-rod-v1,ms-street-rod.png,2162,old image larger (4936 vs 2162 bytes),
KEEP,12680,MS - Sunflower County Ministerial Alliance Counseling Services,ms-sunflower-county-ministerial-alliance-counseling-services-v1,ms-sunflower-county-ministerial-alliance-counseling-services.png,99848,new image larger (99848 vs 10730 bytes),ms-sunflower-county-ministerial-alliance-counseling-services
DEACTIVATE,4502,MS-Sunflower County Ministerial Alliance Counseling Services,ms-sunflower-county-ministerial-alliance-counseling-services,ms-sunflower-county-ministerial-alliance-counseling-services.jpg,10730,new image larger (99848 vs 10730 bytes),
KEEP,4503,MS-Support Teachers,ms-support-teachers,ms-support-teachers.jpg,6113,old image larger (6113 vs 2936 bytes),
DEACTIVATE,12681,MS - Support Teachers,ms-support-teachers-v1,ms-support-teachers.png,2936,old image larger (6113 vs 2936 bytes),
KEEP,4506,MS-Tougaloo College,ms-tougaloo-college,ms-tougaloo-college.jpg,5409,old image larger (5409 vs 2686 bytes),
DEACTIVATE,12616,MS - Tougaloo College,ms-tougaloo-college-v1,ms-tougaloo-college.png,2686,old image larger (5409 vs 2686 bytes),
KEEP,4507,MS-Tupelo Elvis Presley Fan Club,ms-tupelo-elvis-presley-fan-club,ms-tupelo-elvis-presley-fan-club.jpg,6722,old image larger (6722 vs 3608 bytes),
DEACTIVATE,12683,MS - Tupelo Elvis Presley Fan Club,ms-tupelo-elvis-presley-fan-club-v1,ms-tupelo-elvis-presley-fan-club.png,3608,old image larger (6722 vs 3608 bytes),
KEEP,4508,MS-Tupelo Public School,ms-tupelo-public-school,ms-tupelo-public-school.jpg,6216,old image larger (6216 vs 3002 bytes),
DEACTIVATE,12617,MS - Tupelo Public School,ms-tupelo-public-school-v1,ms-tupelo-public-school.png,3002,old image larger (6216 vs 3002 bytes),
KEEP,4510,MS-University of Alabama,ms-university-of-alabama,ms-university-of-alabama.jpg,6392,old image larger (6392 vs 3082 bytes),
DEACTIVATE,12618,MS - University Of Alabama,ms-university-of-alabama-v1,ms-university-of-alabama.png,3082,old image larger (6392 vs 3082 bytes),
KEEP,4511,MS-University of Memphis,ms-university-of-memphis,ms-university-of-memphis.jpg,6648,old image larger (6648 vs 3308 bytes),
DEACTIVATE,12619,MS - University Of Memphis,ms-university-of-memphis-v1,ms-university-of-memphis.png,3308,old image larger (6648 vs 3308 bytes),
KEEP,12620,MS - University Of Mississippi,ms-university-of-mississippi-v1,ms-university-of-mississippi.png,109538,new image larger (109538 vs 12510 bytes),ms-university-of-mississippi
DEACTIVATE,4512,MS-University of Mississippi,ms-university-of-mississippi,ms-university-of-mississippi.jpg,12510,new image larger (109538 vs 12510 bytes),
KEEP,4513,MS-University of Southern Mississippi,ms-university-of-southern-mississippi,ms-university-of-southern-mississippi.jpg,6395,old image larger (6395 vs 3026 bytes),
DEACTIVATE,12621,MS - University Of Southern Mississippi,ms-university-of-southern-mississippi-v1,ms-university-of-southern-mississippi.png,3026,old image larger (6395 vs 3026 bytes),
KEEP,4514,MS-US House of Representative,ms-us-house-of-representative,ms-us-house-of-representative.jpg,5896,old image larger (5896 vs 2890 bytes),
DEACTIVATE,12548,MS - US House Of Representative,ms-us-house-of-representative-v1,ms-us-house-of-representative.png,2890,old image larger (5896 vs 2890 bytes),
KEEP,4515,MS-US Senator,ms-us-senator,ms-us-senator.jpg,5817,old image larger (5817 vs 2962 bytes),
DEACTIVATE,12549,MS - US Senator,ms-us-senator-v1,ms-us-senator.png,2962,old image larger (5817 vs 2962 bytes),
KEEP,4516,MS-Vancleave Home Run Club,ms-vancleave-home-run-club,ms-vancleave-home-run-club.jpg,6034,old image larger (6034 vs 2922 bytes),
DEACTIVATE,12711,MS - Vancleave Home Run Club,ms-vancleave-home-run-club-v1,ms-vancleave-home-run-club.png,2922,old image larger (6034 vs 2922 bytes),
KEEP,4519,MS-Veteran Air Force,ms-veteran-air-force,ms-veteran-air-force.jpg,6017,old image larger (6017 vs 2884 bytes),
DEACTIVATE,12801,MS - Veteran Air Force,ms-veteran-air-force-v1,ms-veteran-air-force.png,2884,old image larger (6017 vs 2884 bytes),
KEEP,4520,MS-Veteran Air Force-Motorcycle,ms-veteran-air-force-motorcycle,ms-veteran-air-force-motorcycle.jpg,6314,old image larger (6314 vs 2976 bytes),
DEACTIVATE,12800,MS - Veteran Air Force Motorcycle,ms-veteran-air-force-motorcycle-v1,ms-veteran-air-force-motorcycle.png,2976,old image larger (6314 vs 2976 bytes),
KEEP,4521,MS-Veteran Army,ms-veteran-army,ms-veteran-army.jpg,5901,old image larger (5901 vs 2706 bytes),
DEACTIVATE,12803,MS - Veteran Army,ms-veteran-army-v1,ms-veteran-army.png,2706,old image larger (5901 vs 2706 bytes),
KEEP,4522,MS-Veteran Army-Motorcycle,ms-veteran-army-motorcycle,ms-veteran-army-motorcycle.jpg,6001,old image larger (6001 vs 2858 bytes),
DEACTIVATE,12802,MS - Veteran Army Motorcycle,ms-veteran-army-motorcycle-v1,ms-veteran-army-motorcycle.png,2858,old image larger (6001 vs 2858 bytes),
KEEP,4523,MS-Veteran Coast Guard,ms-veteran-coast-guard,ms-veteran-coast-guard.jpg,6077,old image larger (6077 vs 2808 bytes),
DEACTIVATE,12805,MS - Veteran Coast Guard,ms-veteran-coast-guard-v1,ms-veteran-coast-guard.png,2808,old image larger (6077 vs 2808 bytes),
KEEP,4524,MS-Veteran Coast Guard-Motorcycle,ms-veteran-coast-guard-motorcycle,ms-veteran-coast-guard-motorcycle.jpg,5761,old image larger (5761 vs 2510 bytes),
DEACTIVATE,12804,MS - Veteran Coast Guard Motorcycle,ms-veteran-coast-guard-motorcycle-v1,ms-veteran-coast-guard-motorcycle.png,2510,old image larger (5761 vs 2510 bytes),
KEEP,4525,MS-Veteran Marine,ms-veteran-marine,ms-veteran-marine.jpg,6340,old image larger (6340 vs 3028 bytes),
DEACTIVATE,12807,MS - Veteran Marine,ms-veteran-marine-v1,ms-veteran-marine.png,3028,old image larger (6340 vs 3028 bytes),
KEEP,4526,MS-Veteran Marine-Motorcycle,ms-veteran-marine-motorcycle,ms-veteran-marine-motorcycle.jpg,6114,old image larger (6114 vs 2906 bytes),
DEACTIVATE,12806,MS - Veteran Marine Motorcycle,ms-veteran-marine-motorcycle-v1,ms-veteran-marine-motorcycle.png,2906,old image larger (6114 vs 2906 bytes),
KEEP,4527,MS-Veteran Navy,ms-veteran-navy,ms-veteran-navy.jpg,6153,old image larger (6153 vs 2866 bytes),
DEACTIVATE,12809,MS - Veteran Navy,ms-veteran-navy-v1,ms-veteran-navy.png,2866,old image larger (6153 vs 2866 bytes),
KEEP,4528,MS-Veteran Navy-Motorcycle,ms-veteran-navy-motorcycle,ms-veteran-navy-motorcycle.jpg,6123,old image larger (6123 vs 2850 bytes),
DEACTIVATE,12808,MS - Veteran Navy Motorcycle,ms-veteran-navy-motorcycle-v1,ms-veteran-navy-motorcycle.png,2850,old image larger (6123 vs 2850 bytes),
KEEP,4529,MS-Veterans of Foreign Wars,ms-veterans-of-foreign-wars,ms-veterans-of-foreign-wars.jpg,5781,old image larger (5781 vs 2774 bytes),
DEACTIVATE,12810,MS - Veterans Of Foreign Wars,ms-veterans-of-foreign-wars-v1,ms-veterans-of-foreign-wars.png,2774,old image larger (5781 vs 2774 bytes),
KEEP,4530,MS-Vietnam Veteran,ms-vietnam-veteran,ms-vietnam-veteran.jpg,5754,old image larger (5754 vs 2674 bytes),
DEACTIVATE,12811,MS - Vietnam Veteran,ms-vietnam-veteran-v1,ms-vietnam-veteran.png,2674,old image larger (5754 vs 2674 bytes),
KEEP,4531,MS-Volunteer Service,ms-volunteer-service,ms-volunteer-service.jpg,6679,old image larger (6679 vs 3412 bytes),
DEACTIVATE,12684,MS - Volunteer Service,ms-volunteer-service-v1,ms-volunteer-service.png,3412,old image larger (6679 vs 3412 bytes),
KEEP,4532,MS-West Jones High School,ms-west-jones-high-school,ms-west-jones-high-school.jpg,6511,old image larger (6511 vs 3116 bytes),
DEACTIVATE,12622,MS - West Jones High School,ms-west-jones-high-school-v1,ms-west-jones-high-school.png,3116,old image larger (6511 vs 3116 bytes),
KEEP,4533,MS-West Lauderdale Knights,ms-west-lauderdale-knights,ms-west-lauderdale-knights.jpg,6666,old image larger (6666 vs 3040 bytes),
DEACTIVATE,12712,MS - West Lauderdale Knights,ms-west-lauderdale-knights-v1,ms-west-lauderdale-knights.png,3040,old image larger (6666 vs 3040 bytes),
KEEP,4534,MS-Wildlife Enforcement,ms-wildlife-enforcement,ms-wildlife-enforcement.jpg,6612,old image larger (6612 vs 3402 bytes),
DEACTIVATE,12570,MS - Wildlife Enforcement,ms-wildlife-enforcement-v1,ms-wildlife-enforcement.png,3402,old image larger (6612 vs 3402 bytes),
KEEP,4535,MS-Wildlife Federation,ms-wildlife-federation,ms-wildlife-federation.jpg,6303,old image larger (6303 vs 3014 bytes),
DEACTIVATE,12571,MS - Wildlife Federation,ms-wildlife-federation-v1,ms-wildlife-federation.png,3014,old image larger (6303 vs 3014 bytes),
KEEP,4536,MS-William Carey University,ms-william-carey-university,ms-william-carey-university.jpg,5645,old image larger (5645 vs 2622 bytes),
DEACTIVATE,12623,MS - William Carey University,ms-william-carey-university-v1,ms-william-carey-university.png,2622,old image larger (5645 vs 2622 bytes),
KEEP,4537,MS-Youth Soccer Association,ms-youth-soccer-association,ms-youth-soccer-association.jpg,5590,old image larger (5590 vs 2748 bytes),
DEACTIVATE,12713,MS - Youth Soccer Association,ms-youth-soccer-association-v1,ms-youth-soccer-association.png,2748,old image larger (5590 vs 2748 bytes),
KEEP,4538,MS-Zeta Phi Beta Sorority,ms-zeta-phi-beta-sorority,ms-zeta-phi-beta-sorority.jpg,4795,old image larger (4795 vs 2208 bytes),
DEACTIVATE,12509,MS - Zeta Phi Beta Sorority,ms-zeta-phi-beta-sorority-v1,ms-zeta-phi-beta-sorority.png,2208,old image larger (4795 vs 2208 bytes),
KEEP,12851,MT - A Heart For Horses,mt-a-heart-for-horses-v1,mt-a-heart-for-horses.jpg,729854,new image larger (729854 vs 64962 bytes),mt-a-heart-for-horses
DEACTIVATE,4741,MT-A Heart for Horses,mt-a-heart-for-horses,mt-a-heart-for-horses-inc.jpg,64962,new image larger (729854 vs 64962 bytes),
KEEP,12899,MT - Blackfoot Challenge,mt-blackfoot-challenge-v1,mt-blackfoot-challenge.jpg,130621,new image larger (130621 vs 38379 bytes),mt-blackfoot-challenge
DEACTIVATE,4646,MT-Blackfoot Challenge,mt-blackfoot-challenge,mt-blackfoot-challenge-inc.jpg,38379,new image larger (130621 vs 38379 bytes),
KEEP,12902,MT - Chicks N Chaps,mt-chicks-n-chaps-v1,mt-chicks-n-chaps.jpg,687610,new image larger (687610 vs 16137 bytes),mt-chicks-n-chaps
DEACTIVATE,4677,MT-Chicks n Chaps,mt-chicks-n-chaps,mt-chicks-n-chaps-inc.jpg,16137,new image larger (687610 vs 16137 bytes),
REVIEW,4681,MT-Compassion Montana,mt-compassion-montana,mt-compassion-montana.jpg,23336,2 variants found — manual review needed,
REVIEW,12906,MT - Compassion Montana v1,mt-compassion-montana-v1,mt-compassion-montana-v1.jpg,23336,2 variants found — manual review needed,
REVIEW,12907,MT - Compassion Montana v2,mt-compassion-montana-v2,mt-compassion-montana-v2.jpg,119458,2 variants found — manual review needed,
KEEP,12909,MT - Developmental Educational Assistance Program,mt-developmental-educational-assistance-program-v1,mt-developmental-educational-assistance-program.jpg,183503,new image larger (183503 vs 44883 bytes),mt-developmental-educational-assistance-program
DEACTIVATE,4683,MT-Developmental Educational Assistance Program,mt-developmental-educational-assistance-program,mt-developmental-educational-assistance-program-deap.jpg,44883,new image larger (183503 vs 44883 bytes),
KEEP,12911,MT - Dress For Success Billings,mt-dress-for-success-billings-v1,mt-dress-for-success-billings.jpg,735413,new image larger (735413 vs 21325 bytes),mt-dress-for-success-billings
DEACTIVATE,4684,MT-Dress for Success Billings,mt-dress-for-success-billings,mt-dress-for-success-billings-inc.jpg,21325,new image larger (735413 vs 21325 bytes),
KEEP,12853,MT - Ducks Unlimited v1,mt-ducks-unlimited-v1,mt-ducks-unlimited-v1.png,1681217,new image larger (1681217 vs 39865 bytes),mt-ducks-unlimited
DEACTIVATE,4747,MT-Ducks Unlimited,mt-ducks-unlimited,mt-ducks-unlimited-inc.jpg,39865,new image larger (1681217 vs 39865 bytes),
KEEP,12813,MT - Flathead County Sheriffs Posse,mt-flathead-county-sheriffs-posse-v1,mt-flathead-county-sheriffs-posse.jpg,725885,new image larger (725885 vs 21618 bytes),mt-flathead-county-sheriffs-posse
DEACTIVATE,4687,MT-Flathead County Sheriff's Posse,mt-flathead-county-sheriffs-posse,mt-flathead-county-sheriff-s-posse.jpg,21618,new image larger (725885 vs 21618 bytes),
KEEP,12857,MT - Garnet Preservation Association,mt-garnet-preservation-association-v1,mt-garnet-preservation-association.jpg,236842,new image larger (236842 vs 45466 bytes),mt-garnet-preservation-association
DEACTIVATE,4631,MT-Garnet Preservation Association,mt-garnet-preservation-association,mt-garnet-preservation-association-inc.jpg,45466,new image larger (236842 vs 45466 bytes),
KEEP,12915,MT - Heart Of The Valley,mt-heart-of-the-valley-v1,mt-heart-of-the-valley.jpg,767721,new image larger (767721 vs 20330 bytes),mt-heart-of-the-valley
DEACTIVATE,4751,MT-Heart of the Valley,mt-heart-of-the-valley,mt-heart-of-the-valley-inc.jpg,20330,new image larger (767721 vs 20330 bytes),
KEEP,12919,MT - Loving Home Foundation,mt-loving-home-foundation-v1,mt-loving-home-foundation.jpg,703935,new image larger (703935 vs 35460 bytes),mt-loving-home-foundation
DEACTIVATE,4691,MT-Loving H.O.M.E. Foundation,mt-loving-home-foundation,mt-loving-h-o-m-e-foundation.jpg,35460,new image larger (703935 vs 35460 bytes),
KEEP,12921,MT - Milestown Community Improvement,mt-milestown-community-improvement-v1,mt-milestown-community-improvement.jpg,112424,new image larger (112424 vs 21361 bytes),mt-milestown-community-improvement
DEACTIVATE,4600,MT-Milestown Community Improvement,mt-milestown-community-improvement,mt-milestown-community-improvement-inc.jpg,21361,new image larger (112424 vs 21361 bytes),
KEEP,12863,MT - Montana Environmental Information Center,mt-montana-environmental-information-center-v1,mt-montana-environmental-information-center.jpg,777725,new image larger (777725 vs 36681 bytes),mt-montana-environmental-information-center
DEACTIVATE,4658,MT-Montana Environmental Information Center,mt-montana-environmental-information-center,mt-montana-environmental-information-center-meic.jpg,36681,new image larger (777725 vs 36681 bytes),
REVIEW,4636,MT-Montana Natural History Center,mt-montana-natural-history-center,mt-montana-natural-history-center.jpg,46458,2 variants found — manual review needed,
REVIEW,12867,MT - Montana Natural History Center v1,mt-montana-natural-history-center-v1,mt-montana-natural-history-center-v1.jpg,46458,2 variants found — manual review needed,
REVIEW,12868,MT - Montana Natural History Center v2,mt-montana-natural-history-center-v2,mt-montana-natural-history-center-v2.jpg,195012,2 variants found — manual review needed,
KEEP,12816,MT - Montana State Fire Chiefs Association v2,mt-montana-state-fire-chiefs-association-v2,mt-montana-state-fire-chiefs-association-v2.jpg,105588,new image larger (105588 vs 34026 bytes),mt-montana-state-fire-chiefs-association
DEACTIVATE,4701,MT-Montana State Fire Chiefs Association,mt-montana-state-fire-chiefs-association,mt-montana-state-fire-chiefs-association.jpg,34026,new image larger (105588 vs 34026 bytes),
KEEP,12950,MT - Montana State Golf Association v1,mt-montana-state-golf-association-v1,mt-montana-state-golf-association-v1.jpg,31221,"equal size (31221 bytes) — new uses preferred "" - "" format",mt-montana-state-golf-association
DEACTIVATE,4733,MT-Montana State Golf Association,mt-montana-state-golf-association,mt-montana-state-golf-association.jpg,31221,"equal size (31221 bytes) — new uses preferred "" - "" format",
REVIEW,4763,MT-Montana Wild Sheep Foundation,mt-montana-wild-sheep-foundation,mt-montana-wild-sheep-foundation.jpg,79281,2 variants found — manual review needed,
REVIEW,12872,MT - Montana Wild Sheep Foundation v1,mt-montana-wild-sheep-foundation-v1,mt-montana-wild-sheep-foundation-v1.jpg,79281,2 variants found — manual review needed,
REVIEW,12873,MT - Montana Wild Sheep Foundation v2,mt-montana-wild-sheep-foundation-v2,mt-montana-wild-sheep-foundation-v2.jpg,157028,2 variants found — manual review needed,
REVIEW,4764,MT-Montana Wildlife Federation,mt-montana-wildlife-federation,mt-montana-wildlife-federation.jpg,37260,2 variants found — manual review needed,
REVIEW,12874,MT - Montana Wildlife Federation v1,mt-montana-wildlife-federation-v1,mt-montana-wildlife-federation-v1.jpg,37260,2 variants found — manual review needed,
REVIEW,12875,MT - Montana Wildlife Federation v2,mt-montana-wildlife-federation-v2,mt-montana-wildlife-federation-v2.jpg,87689,2 variants found — manual review needed,
REVIEW,4663,MT-Prickly Pear Land Trust,mt-prickly-pear-land-trust,mt-prickly-pear-land-trust.jpg,42652,2 variants found — manual review needed,
REVIEW,12876,MT - Prickly Pear Land Trust v1,mt-prickly-pear-land-trust-v1,mt-prickly-pear-land-trust-v1.jpg,42652,2 variants found — manual review needed,
REVIEW,12877,MT - Prickly Pear Land Trust v2,mt-prickly-pear-land-trust-v2,mt-prickly-pear-land-trust-v2.jpg,80464,2 variants found — manual review needed,
KEEP,12938,MT - Recycle Montana,mt-recycle-montana-v1,mt-recycle-montana.jpg,114645,new image larger (114645 vs 33682 bytes),mt-recycle-montana
DEACTIVATE,4665,MT-Recycle Montana,mt-recycle-montana,mt-recycle-montana-inc.jpg,33682,new image larger (114645 vs 33682 bytes),
REVIEW,4583,MT-Salish Kootenai College,mt-salish-kootenai-college,mt-salish-kootenai-college.jpg,31335,2 variants found — manual review needed,
REVIEW,12885,MT - Salish Kootenai College v1,mt-salish-kootenai-college-v1,mt-salish-kootenai-college-v1.jpg,31335,2 variants found — manual review needed,
REVIEW,12886,MT - Salish Kootenai College v2,mt-salish-kootenai-college-v2,mt-salish-kootenai-college-v2.jpg,80252,2 variants found — manual review needed,
REVIEW,4587,MT-University of Providence,mt-university-of-providence,mt-university-of-providence.jpg,36777,2 variants found — manual review needed,
REVIEW,12890,MT - University Of Providence v1,mt-university-of-providence-v1,mt-university-of-providence-v1.jpg,36777,2 variants found — manual review needed,
REVIEW,12891,MT - University Of Providence v2,mt-university-of-providence-v2,mt-university-of-providence-v2.jpg,76971,2 variants found — manual review needed,
KEEP,12960,MT - Vintage,mt-vintage-v1,mt-vintage.png,576863,new image larger (576863 vs 26169 bytes),mt-vintage
DEACTIVATE,4565,MT-Vintage,mt-vintage,mt-vintage.jpg,26169,new image larger (576863 vs 26169 bytes),
REVIEW,4776,MT-Youth Overcoming Life's Obstacles,mt-youth-overcoming-lifes-obstacles,mt-youth-overcoming-life-s-obstacles.jpg,43538,2 variants found — manual review needed,
REVIEW,12943,MT - Youth Overcoming Lifes Obstacles v1,mt-youth-overcoming-lifes-obstacles-v1,mt-youth-overcoming-lifes-obstacles-v1.jpg,43538,2 variants found — manual review needed,
REVIEW,12944,MT - Youth Overcoming Lifes Obstacles v2,mt-youth-overcoming-lifes-obstacles-v2,mt-youth-overcoming-lifes-obstacles-v2.jpg,1026298,2 variants found — manual review needed,
KEEP,12989,NC - 82Nd Airborne,nc-82nd-airborne-v1,nc-82nd-airborne.png,85516,"equal size (85516 bytes) — new uses preferred "" - "" format",nc-82nd-airborne
DEACTIVATE,5282,NC-82nd Airborne,nc-82nd-airborne,nc-82nd-airborne.jpeg,85516,"equal size (85516 bytes) — new uses preferred "" - "" format",
KEEP,12990,NC - Afghanistan Veteran,nc-afghanistan-veteran-v1,nc-afghanistan-veteran.png,94861,"equal size (94861 bytes) — new uses preferred "" - "" format",nc-afghanistan-veteran
DEACTIVATE,5286,NC-Afghanistan Veteran,nc-afghanistan-veteran,nc-afghanistan-veteran.jpeg,94861,"equal size (94861 bytes) — new uses preferred "" - "" format",
KEEP,12991,NC - Air Force Reserve,nc-air-force-reserve-v1,nc-air-force-reserve.png,87390,"equal size (87390 bytes) — new uses preferred "" - "" format",nc-air-force-reserve
DEACTIVATE,5287,NC-Air Force Reserve,nc-air-force-reserve,nc-air-force-reserve.jpeg,87390,"equal size (87390 bytes) — new uses preferred "" - "" format",
KEEP,12992,NC - Air Medal,nc-air-medal-v1,nc-air-medal.png,91238,"equal size (91238 bytes) — new uses preferred "" - "" format",nc-air-medal
DEACTIVATE,5288,NC-Air Medal,nc-air-medal,nc-air-medal.jpeg,91238,"equal size (91238 bytes) — new uses preferred "" - "" format",
KEEP,12971,NC - Alpha Kappa Alpha,nc-alpha-kappa-alpha-v1,nc-alpha-kappa-alpha.png,82878,"equal size (82878 bytes) — new uses preferred "" - "" format",nc-alpha-kappa-alpha
DEACTIVATE,5289,NC-Alpha Kappa Alpha,nc-alpha-kappa-alpha,nc-alpha-kappa-alpha-sorority-limited-inventory.jpeg,82878,"equal size (82878 bytes) — new uses preferred "" - "" format",
KEEP,12972,NC - Alpha Phi Alpha,nc-alpha-phi-alpha-v1,nc-alpha-phi-alpha.png,87852,"equal size (87852 bytes) — new uses preferred "" - "" format",nc-alpha-phi-alpha
DEACTIVATE,5290,NC-Alpha Phi Alpha,nc-alpha-phi-alpha,nc-alpha-phi-alpha-fraternity.jpeg,87852,"equal size (87852 bytes) — new uses preferred "" - "" format",
KEEP,13108,NC - Als,nc-als-v1,nc-als.png,139285,"equal size (139285 bytes) — new uses preferred "" - "" format",nc-als
DEACTIVATE,5284,NC-ALS,nc-als,nc-als.jpg,139285,"equal size (139285 bytes) — new uses preferred "" - "" format",
KEEP,12993,NC - American Legion,nc-american-legion-v1,nc-american-legion.png,83207,"equal size (83207 bytes) — new uses preferred "" - "" format",nc-american-legion
DEACTIVATE,5291,NC-American Legion,nc-american-legion,nc-american-legion.jpeg,83207,"equal size (83207 bytes) — new uses preferred "" - "" format",
KEEP,12973,NC - Amran Temple,nc-amran-temple-v1,nc-amran-temple.png,84071,"equal size (84071 bytes) — new uses preferred "" - "" format",nc-amran-temple
DEACTIVATE,5292,NC-Amran Temple,nc-amran-temple,nc-amran-temple.jpeg,84071,"equal size (84071 bytes) — new uses preferred "" - "" format",
KEEP,13109,NC - Animal Lovers,nc-animal-lovers-v1,nc-animal-lovers.png,80299,"equal size (80299 bytes) — new uses preferred "" - "" format",nc-animal-lovers
DEACTIVATE,5293,NC-Animal Lovers,nc-animal-lovers,nc-animal-lovers.jpeg,80299,"equal size (80299 bytes) — new uses preferred "" - "" format",
KEEP,13172,NC - Antique Motorcycle,nc-antique-motorcycle-v1,nc-antique-motorcycle.png,66375,"equal size (66375 bytes) — new uses preferred "" - "" format",nc-antique-motorcycle
DEACTIVATE,5294,NC-Antique-Motorcycle,nc-antique-motorcycle,nc-antique-motorcycle-no-personalization.jpg,66375,"equal size (66375 bytes) — new uses preferred "" - "" format",
KEEP,13174,NC - Antique Vehicle,nc-antique-vehicle-v1,nc-antique-vehicle.png,136541,"equal size (136541 bytes) — new uses preferred "" - "" format",nc-antique-vehicle
DEACTIVATE,5295,NC-Antique Vehicle,nc-antique-vehicle,nc-antique-vehicle-no-personalization.jpg,136541,"equal size (136541 bytes) — new uses preferred "" - "" format",
KEEP,13173,NC - Antique Vehicle Not For Hire,nc-antique-vehicle-not-for-hire-v1,nc-antique-vehicle-not-for-hire.png,134659,"equal size (134659 bytes) — new uses preferred "" - "" format",nc-antique-vehicle-not-for-hire
DEACTIVATE,5296,NC-Antique Vehicle-Not For Hire,nc-antique-vehicle-not-for-hire,nc-antique-vehicle-not-for-hire-no-personalization.jpg,134659,"equal size (134659 bytes) — new uses preferred "" - "" format",
KEEP,13069,NC - Appalachian State University,nc-appalachian-state-university-v1,nc-appalachian-state-university.png,79931,"equal size (79931 bytes) — new uses preferred "" - "" format",nc-appalachian-state-university
DEACTIVATE,5297,NC-Appalachian State University,nc-appalachian-state-university,nc-appalachian-state-university.jpeg,79931,"equal size (79931 bytes) — new uses preferred "" - "" format",
KEEP,12994,NC - Army Reserve,nc-army-reserve-v1,nc-army-reserve.png,87704,"equal size (87704 bytes) — new uses preferred "" - "" format",nc-army-reserve
DEACTIVATE,5298,NC-Army Reserve,nc-army-reserve,nc-army-reserve.jpeg,87704,"equal size (87704 bytes) — new uses preferred "" - "" format",
KEEP,13111,NC - Arts NC,nc-arts-nc-v1,nc-arts-nc.png,85277,"equal size (85277 bytes) — new uses preferred "" - "" format",nc-arts-nc
DEACTIVATE,5285,NC-ARTS NC,nc-arts-nc,nc-arts-nc.jpeg,85277,"equal size (85277 bytes) — new uses preferred "" - "" format",
KEEP,13070,NC - Auburn University,nc-auburn-university-v1,nc-auburn-university.png,81087,"equal size (81087 bytes) — new uses preferred "" - "" format",nc-auburn-university
DEACTIVATE,5299,NC-Auburn University,nc-auburn-university,nc-auburn-university.jpeg,81087,"equal size (81087 bytes) — new uses preferred "" - "" format",
KEEP,13113,NC - Autism Society Of North Carolina,nc-autism-society-of-north-carolina-v1,nc-autism-society-of-north-carolina.png,81401,"equal size (81401 bytes) — new uses preferred "" - "" format",nc-autism-society-of-north-carolina
DEACTIVATE,5300,NC-Autism Society of North Carolina,nc-autism-society-of-north-carolina,nc-autism-society-of-north-carolina.jpeg,81401,"equal size (81401 bytes) — new uses preferred "" - "" format",
KEEP,13114,NC - Battle Of Kings Mountain,nc-battle-of-kings-mountain-v1,nc-battle-of-kings-mountain.png,90502,"equal size (90502 bytes) — new uses preferred "" - "" format",nc-battle-of-kings-mountain
DEACTIVATE,5301,NC-Battle of Kings Mountain,nc-battle-of-kings-mountain,nc-battle-of-kings-mountain.jpeg,90502,"equal size (90502 bytes) — new uses preferred "" - "" format",
KEEP,13147,NC - Big Rock Blue Marlin Tournament,nc-big-rock-blue-marlin-tournament-v1,nc-big-rock-blue-marlin-tournament.png,93295,"equal size (93295 bytes) — new uses preferred "" - "" format",nc-big-rock-blue-marlin-tournament
DEACTIVATE,5302,NC-Big Rock Blue Marlin Tournament,nc-big-rock-blue-marlin-tournament,nc-big-rock-blue-marlin-tournament.jpeg,93295,"equal size (93295 bytes) — new uses preferred "" - "" format",
KEEP,13044,NC - Blue Ridge Parkway Foundation,nc-blue-ridge-parkway-foundation-v1,nc-blue-ridge-parkway-foundation.png,76275,"equal size (76275 bytes) — new uses preferred "" - "" format",nc-blue-ridge-parkway-foundation
DEACTIVATE,5303,NC-Blue Ridge Parkway Foundation,nc-blue-ridge-parkway-foundation,nc-blue-ridge-parkway-foundation.jpeg,76275,"equal size (76275 bytes) — new uses preferred "" - "" format",
KEEP,13043,NC - Blue Ridge Parkway Foundation Motorcycle,nc-blue-ridge-parkway-foundation-motorcycle-v1,nc-blue-ridge-parkway-foundation-motorcycle.png,77219,"equal size (77219 bytes) — new uses preferred "" - "" format",nc-blue-ridge-parkway-foundation-motorcycle
DEACTIVATE,5304,NC-Blue Ridge Parkway Foundation-Motorcycle,nc-blue-ridge-parkway-foundation-motorcycle,nc-blue-ridge-parkway-foundation-motorcycle-limited-inventory.jpeg,77219,"equal size (77219 bytes) — new uses preferred "" - "" format",
KEEP,13115,NC - Breast Cancer Awareness,nc-breast-cancer-awareness-v1,nc-breast-cancer-awareness.png,81092,"equal size (81092 bytes) — new uses preferred "" - "" format",nc-breast-cancer-awareness
DEACTIVATE,5305,NC-Breast Cancer Awareness,nc-breast-cancer-awareness,nc-breast-cancer-awareness.jpeg,81092,"equal size (81092 bytes) — new uses preferred "" - "" format",
KEEP,12996,NC - Bronze Star,nc-bronze-star-v1,nc-bronze-star.png,79708,"equal size (79708 bytes) — new uses preferred "" - "" format",nc-bronze-star
DEACTIVATE,5306,NC-Bronze Star,nc-bronze-star,nc-bronze-star.jpeg,79708,"equal size (79708 bytes) — new uses preferred "" - "" format",
KEEP,12995,NC - Bronze Star Combat Valor,nc-bronze-star-combat-valor-v1,nc-bronze-star-combat-valor.png,89785,"equal size (89785 bytes) — new uses preferred "" - "" format",nc-bronze-star-combat-valor
DEACTIVATE,5307,NC-Bronze Star Combat (Valor),nc-bronze-star-combat-valor,nc-bronze-star-combat-valor.jpeg,89785,"equal size (89785 bytes) — new uses preferred "" - "" format",
KEEP,13148,NC - Buddy Pelletier Surfing Foundation,nc-buddy-pelletier-surfing-foundation-v1,nc-buddy-pelletier-surfing-foundation.png,75333,"equal size (75333 bytes) — new uses preferred "" - "" format",nc-buddy-pelletier-surfing-foundation
DEACTIVATE,5308,NC-Buddy Pelletier Surfing Foundation,nc-buddy-pelletier-surfing-foundation,nc-buddy-pelletier-surfing-foundation.jpeg,75333,"equal size (75333 bytes) — new uses preferred "" - "" format",
KEEP,13071,NC - Campbell University,nc-campbell-university-v1,nc-campbell-university.png,82243,"equal size (82243 bytes) — new uses preferred "" - "" format",nc-campbell-university
DEACTIVATE,5309,NC-Campbell University,nc-campbell-university,nc-campbell-university.jpeg,82243,"equal size (82243 bytes) — new uses preferred "" - "" format",
KEEP,13149,NC - Carolina Hurricanes,nc-carolina-hurricanes-v1,nc-carolina-hurricanes.png,80493,"equal size (80493 bytes) — new uses preferred "" - "" format",nc-carolina-hurricanes
DEACTIVATE,5310,NC-Carolina Hurricanes,nc-carolina-hurricanes,nc-carolina-hurricanes.jpeg,80493,"equal size (80493 bytes) — new uses preferred "" - "" format",
KEEP,13150,NC - Carolina Panthers,nc-carolina-panthers-v1,nc-carolina-panthers.png,86770,"equal size (86770 bytes) — new uses preferred "" - "" format",nc-carolina-panthers
DEACTIVATE,5311,NC-Carolina Panthers,nc-carolina-panthers,nc-carolina-panthers.jpeg,86770,"equal size (86770 bytes) — new uses preferred "" - "" format",
KEEP,13151,NC - Carolinas Golf Association,nc-carolinas-golf-association-v1,nc-carolinas-golf-association.png,84378,"equal size (84378 bytes) — new uses preferred "" - "" format",nc-carolinas-golf-association
DEACTIVATE,5312,NC-Carolinas Golf Association,nc-carolinas-golf-association,nc-carolinas-golf-association.jpeg,84378,"equal size (84378 bytes) — new uses preferred "" - "" format",
KEEP,13152,NC - Charlotte Hornets,nc-charlotte-hornets-v1,nc-charlotte-hornets.png,133536,"equal size (133536 bytes) — new uses preferred "" - "" format",nc-charlotte-hornets
DEACTIVATE,5313,NC-Charlotte Hornets,nc-charlotte-hornets,nc-charlotte-hornets.jpeg,133536,"equal size (133536 bytes) — new uses preferred "" - "" format",
KEEP,13153,NC - Charlotte Motor Speedway,nc-charlotte-motor-speedway-v1,nc-charlotte-motor-speedway.png,82856,"equal size (82856 bytes) — new uses preferred "" - "" format",nc-charlotte-motor-speedway
DEACTIVATE,5314,NC-Charlotte Motor Speedway,nc-charlotte-motor-speedway,nc-charlotte-motor-speedway.jpeg,82856,"equal size (82856 bytes) — new uses preferred "" - "" format",
KEEP,13116,NC - Choose Life,nc-choose-life-v1,nc-choose-life.png,90100,"equal size (90100 bytes) — new uses preferred "" - "" format",nc-choose-life
DEACTIVATE,5315,NC-Choose Life,nc-choose-life,nc-choose-life.jpeg,90100,"equal size (90100 bytes) — new uses preferred "" - "" format",
KEEP,13072,NC - Clemson University,nc-clemson-university-v1,nc-clemson-university.png,79798,"equal size (79798 bytes) — new uses preferred "" - "" format",nc-clemson-university
DEACTIVATE,5316,NC-Clemson University,nc-clemson-university,nc-clemson-university.jpeg,79798,"equal size (79798 bytes) — new uses preferred "" - "" format",
KEEP,12997,NC - Coast Guard Reserve,nc-coast-guard-reserve-v1,nc-coast-guard-reserve.png,89185,"equal size (89185 bytes) — new uses preferred "" - "" format",nc-coast-guard-reserve
DEACTIVATE,5318,NC-Coast Guard Reserve,nc-coast-guard-reserve,nc-coast-guard-reserve.jpeg,89185,"equal size (89185 bytes) — new uses preferred "" - "" format",
KEEP,13046,NC - Coastal Land Trust,nc-coastal-land-trust-v1,nc-coastal-land-trust.png,90616,"equal size (90616 bytes) — new uses preferred "" - "" format",nc-coastal-land-trust
DEACTIVATE,5319,NC-Coastal Land Trust,nc-coastal-land-trust,nc-coastal-land-trust.jpeg,90616,"equal size (90616 bytes) — new uses preferred "" - "" format",
KEEP,12998,NC - Congressional Medal Of Honor,nc-congressional-medal-of-honor-v1,nc-congressional-medal-of-honor.png,84392,"equal size (84392 bytes) — new uses preferred "" - "" format",nc-congressional-medal-of-honor
DEACTIVATE,5320,NC-Congressional Medal of Honor,nc-congressional-medal-of-honor,nc-congressional-medal-of-honor.jpeg,84392,"equal size (84392 bytes) — new uses preferred "" - "" format",
KEEP,13047,NC - Core Sound Waterfowl Museum,nc-core-sound-waterfowl-museum-v1,nc-core-sound-waterfowl-museum.png,78785,"equal size (78785 bytes) — new uses preferred "" - "" format",nc-core-sound-waterfowl-museum
DEACTIVATE,5321,NC-Core Sound Waterfowl Museum,nc-core-sound-waterfowl-museum,nc-core-sound-waterfowl-museum.jpeg,78785,"equal size (78785 bytes) — new uses preferred "" - "" format",
KEEP,13073,NC - Davidson College,nc-davidson-college-v1,nc-davidson-college.png,77756,"equal size (77756 bytes) — new uses preferred "" - "" format",nc-davidson-college
DEACTIVATE,5324,NC-Davidson College,nc-davidson-college,nc-davidson-college.jpeg,77756,"equal size (77756 bytes) — new uses preferred "" - "" format",
KEEP,12974,NC - Delta Sigma Theta,nc-delta-sigma-theta-v1,nc-delta-sigma-theta.png,81323,"equal size (81323 bytes) — new uses preferred "" - "" format",nc-delta-sigma-theta
DEACTIVATE,5325,NC-Delta Sigma Theta,nc-delta-sigma-theta,nc-delta-sigma-theta-sorority.jpeg,81323,"equal size (81323 bytes) — new uses preferred "" - "" format",
KEEP,12999,NC - Desert Storm Veteran,nc-desert-storm-veteran-v1,nc-desert-storm-veteran.png,90899,"equal size (90899 bytes) — new uses preferred "" - "" format",nc-desert-storm-veteran
DEACTIVATE,5327,NC-Desert Storm Veteran,nc-desert-storm-veteran,nc-desert-storm-veteran.jpeg,90899,"equal size (90899 bytes) — new uses preferred "" - "" format",
KEEP,13000,NC - Disabled Veteran,nc-disabled-veteran-v1,nc-disabled-veteran.png,91476,"equal size (91476 bytes) — new uses preferred "" - "" format",nc-disabled-veteran
DEACTIVATE,5328,NC-Disabled Veteran,nc-disabled-veteran,nc-disabled-veteran.jpeg,91476,"equal size (91476 bytes) — new uses preferred "" - "" format",
KEEP,13001,NC - Distinguished Flying Cross,nc-distinguished-flying-cross-v1,nc-distinguished-flying-cross.png,92563,"equal size (92563 bytes) — new uses preferred "" - "" format",nc-distinguished-flying-cross
DEACTIVATE,5329,NC-Distinguished Flying Cross,nc-distinguished-flying-cross,nc-distinguished-flying-cross.jpeg,92563,"equal size (92563 bytes) — new uses preferred "" - "" format",
KEEP,13002,NC - Distinguished Service Cross,nc-distinguished-service-cross-v1,nc-distinguished-service-cross.png,93618,"equal size (93618 bytes) — new uses preferred "" - "" format",nc-distinguished-service-cross
DEACTIVATE,5330,NC-Distinguished Service Cross,nc-distinguished-service-cross,nc-distinguished-service-cross-limited-inventory.jpeg,93618,"equal size (93618 bytes) — new uses preferred "" - "" format",
KEEP,13117,NC - Donate Life,nc-donate-life-v1,nc-donate-life.png,72031,"equal size (72031 bytes) — new uses preferred "" - "" format",nc-donate-life
DEACTIVATE,5331,NC-Donate Life,nc-donate-life,nc-donate-life.jpeg,72031,"equal size (72031 bytes) — new uses preferred "" - "" format",
KEEP,13048,NC - Ducks Unlimited,nc-ducks-unlimited-v1,nc-ducks-unlimited.png,72460,"equal size (72460 bytes) — new uses preferred "" - "" format",nc-ducks-unlimited
DEACTIVATE,5332,NC-Ducks Unlimited,nc-ducks-unlimited,nc-ducks-unlimited.jpeg,72460,"equal size (72460 bytes) — new uses preferred "" - "" format",
KEEP,13074,NC - Duke University,nc-duke-university-v1,nc-duke-university.png,80163,"equal size (80163 bytes) — new uses preferred "" - "" format",nc-duke-university
DEACTIVATE,5333,NC-Duke University,nc-duke-university,nc-duke-university.jpeg,80163,"equal size (80163 bytes) — new uses preferred "" - "" format",
KEEP,13158,NC - Durham Bulls,nc-durham-bulls-v1,nc-durham-bulls.png,79652,"equal size (79652 bytes) — new uses preferred "" - "" format",nc-durham-bulls
DEACTIVATE,5334,NC-Durham Bulls,nc-durham-bulls,nc-durham-bulls.jpeg,79652,"equal size (79652 bytes) — new uses preferred "" - "" format",
KEEP,13118,NC - Eagle Scout,nc-eagle-scout-v1,nc-eagle-scout.png,77179,"equal size (77179 bytes) — new uses preferred "" - "" format",nc-eagle-scout
DEACTIVATE,5335,NC-Eagle Scout,nc-eagle-scout,nc-eagle-scout.jpeg,77179,"equal size (77179 bytes) — new uses preferred "" - "" format",
KEEP,13075,NC - East Carolina University,nc-east-carolina-university-v1,nc-east-carolina-university.png,84147,"equal size (84147 bytes) — new uses preferred "" - "" format",nc-east-carolina-university
DEACTIVATE,5336,NC-East Carolina University,nc-east-carolina-university,nc-east-carolina-university.jpeg,84147,"equal size (84147 bytes) — new uses preferred "" - "" format",
KEEP,13119,NC - Eastern Band Of Cherokee Indians,nc-eastern-band-of-cherokee-indians-v1,nc-eastern-band-of-cherokee-indians.png,138596,"equal size (138596 bytes) — new uses preferred "" - "" format",nc-eastern-band-of-cherokee-indians
DEACTIVATE,5337,NC-Eastern Band of Cherokee Indians,nc-eastern-band-of-cherokee-indians,nc-eastern-band-of-cherokee-indians.jpeg,138596,"equal size (138596 bytes) — new uses preferred "" - "" format",
KEEP,13076,NC - Elizabeth City State University,nc-elizabeth-city-state-university-v1,nc-elizabeth-city-state-university.png,80360,"equal size (80360 bytes) — new uses preferred "" - "" format",nc-elizabeth-city-state-university
DEACTIVATE,5338,NC-Elizabeth City State University,nc-elizabeth-city-state-university,nc-elizabeth-city-state-university.jpeg,80360,"equal size (80360 bytes) — new uses preferred "" - "" format",
KEEP,13077,NC - Elon University,nc-elon-university-v1,nc-elon-university.png,80944,"equal size (80944 bytes) — new uses preferred "" - "" format",nc-elon-university
DEACTIVATE,5339,NC-Elon University,nc-elon-university,nc-elon-university.jpeg,80944,"equal size (80944 bytes) — new uses preferred "" - "" format",
KEEP,13003,NC - Ex Prisoner Of War,nc-ex-prisoner-of-war-v1,nc-ex-prisoner-of-war.png,91792,"equal size (91792 bytes) — new uses preferred "" - "" format",nc-ex-prisoner-of-war
DEACTIVATE,5340,NC-Ex-Prisoner of War,nc-ex-prisoner-of-war,nc-ex-prisoner-of-war.jpeg,91792,"equal size (91792 bytes) — new uses preferred "" - "" format",
KEEP,13078,NC - Fayetteville State University,nc-fayetteville-state-university-v1,nc-fayetteville-state-university.png,86311,"equal size (86311 bytes) — new uses preferred "" - "" format",nc-fayetteville-state-university
DEACTIVATE,5341,NC-Fayetteville State University,nc-fayetteville-state-university,nc-fayetteville-state-university.jpeg,86311,"equal size (86311 bytes) — new uses preferred "" - "" format",
KEEP,12967,NC - Fire Fighter,nc-fire-fighter-v1,nc-fire-fighter.png,79789,"equal size (79789 bytes) — new uses preferred "" - "" format",nc-fire-fighter
DEACTIVATE,5342,NC-Fire Fighter,nc-fire-fighter,nc-fire-fighter.jpeg,79789,"equal size (79789 bytes) — new uses preferred "" - "" format",
KEEP,12966,NC - Fire Fighter Rescue Squad,nc-fire-fighter-rescue-squad-v1,nc-fire-fighter-rescue-squad.png,84144,"equal size (84144 bytes) — new uses preferred "" - "" format",nc-fire-fighter-rescue-squad
DEACTIVATE,5343,NC-Fire Fighter Rescue Squad,nc-fire-fighter-rescue-squad,nc-fire-fighter-rescue-squad.jpeg,84144,"equal size (84144 bytes) — new uses preferred "" - "" format",
KEEP,13049,NC - First IN Forestry,nc-first-in-forestry-v1,nc-first-in-forestry.png,77452,"equal size (77452 bytes) — new uses preferred "" - "" format",nc-first-in-forestry
DEACTIVATE,5344,NC-First in Forestry,nc-first-in-forestry,nc-first-in-forestry.jpeg,77452,"equal size (77452 bytes) — new uses preferred "" - "" format",
KEEP,13079,NC - Florida State University,nc-florida-state-university-v1,nc-florida-state-university.png,82161,"equal size (82161 bytes) — new uses preferred "" - "" format",nc-florida-state-university
DEACTIVATE,5345,NC-Florida State University,nc-florida-state-university,nc-florida-state-university.jpeg,82161,"equal size (82161 bytes) — new uses preferred "" - "" format",
KEEP,13050,NC - Friends Of Great Smoky Mountains,nc-friends-of-great-smoky-mountains-v1,nc-friends-of-great-smoky-mountains.png,78309,"equal size (78309 bytes) — new uses preferred "" - "" format",nc-friends-of-great-smoky-mountains
DEACTIVATE,5346,NC-Friends of Great Smoky Mountains,nc-friends-of-great-smoky-mountains,nc-friends-of-great-smoky-mountains.jpeg,78309,"equal size (78309 bytes) — new uses preferred "" - "" format",
KEEP,13051,NC - Friends Of The Appalachian Trail,nc-friends-of-the-appalachian-trail-v1,nc-friends-of-the-appalachian-trail.png,72767,"equal size (72767 bytes) — new uses preferred "" - "" format",nc-friends-of-the-appalachian-trail
DEACTIVATE,5347,NC-Friends of The Appalachian Trail,nc-friends-of-the-appalachian-trail,nc-friends-of-the-appalachian-trail.jpeg,72767,"equal size (72767 bytes) — new uses preferred "" - "" format",
KEEP,13080,NC - Gardner Webb University,nc-gardner-webb-university-v1,nc-gardner-webb-university.png,81802,"equal size (81802 bytes) — new uses preferred "" - "" format",nc-gardner-webb-university
DEACTIVATE,5348,NC-Gardner Webb University,nc-gardner-webb-university,nc-gardner-webb-university.jpeg,81802,"equal size (81802 bytes) — new uses preferred "" - "" format",
KEEP,13081,NC - Georgia Tech,nc-georgia-tech-v1,nc-georgia-tech.png,81460,"equal size (81460 bytes) — new uses preferred "" - "" format",nc-georgia-tech
DEACTIVATE,5349,NC-Georgia Tech,nc-georgia-tech,nc-georgia-tech.jpeg,81460,"equal size (81460 bytes) — new uses preferred "" - "" format",
KEEP,13004,NC - Gold Star Lapel Button,nc-gold-star-lapel-button-v1,nc-gold-star-lapel-button.png,94447,"equal size (94447 bytes) — new uses preferred "" - "" format",nc-gold-star-lapel-button
DEACTIVATE,5350,NC-Gold Star-Lapel Button,nc-gold-star-lapel-button,nc-gold-star-lapel-button.jpeg,94447,"equal size (94447 bytes) — new uses preferred "" - "" format",
KEEP,13120,NC - Guilford Battleground Company,nc-guilford-battleground-company-v1,nc-guilford-battleground-company.png,80883,"equal size (80883 bytes) — new uses preferred "" - "" format",nc-guilford-battleground-company
DEACTIVATE,5351,NC-Guilford Battleground Company,nc-guilford-battleground-company,nc-guilford-battleground-company.jpeg,80883,"equal size (80883 bytes) — new uses preferred "" - "" format",
KEEP,13121,NC - Harley Owners Group,nc-harley-owners-group-v1,nc-harley-owners-group.png,84321,"equal size (84321 bytes) — new uses preferred "" - "" format",nc-harley-owners-group
DEACTIVATE,5353,NC-Harley Owners Group,nc-harley-owners-group,nc-harley-owners-group.jpeg,84321,"equal size (84321 bytes) — new uses preferred "" - "" format",
KEEP,13082,NC - High Point University,nc-high-point-university-v1,nc-high-point-university.png,79693,"equal size (79693 bytes) — new uses preferred "" - "" format",nc-high-point-university
DEACTIVATE,5354,NC-High Point University,nc-high-point-university,nc-high-point-university.jpeg,79693,"equal size (79693 bytes) — new uses preferred "" - "" format",
KEEP,13052,NC - Historic Lighthouse,nc-historic-lighthouse-v1,nc-historic-lighthouse.png,79625,"equal size (79625 bytes) — new uses preferred "" - "" format",nc-historic-lighthouse
DEACTIVATE,5355,NC-Historic Lighthouse,nc-historic-lighthouse,nc-historic-lighthouse.jpeg,79625,"equal size (79625 bytes) — new uses preferred "" - "" format",
KEEP,13122,NC - Home Care And Hospice,nc-home-care-and-hospice-v1,nc-home-care-and-hospice.png,87747,"equal size (87747 bytes) — new uses preferred "" - "" format",nc-home-care-and-hospice
DEACTIVATE,5356,NC-Home Care and Hospice,nc-home-care-and-hospice,nc-home-care-and-hospice.jpeg,87747,"equal size (87747 bytes) — new uses preferred "" - "" format",
KEEP,13124,NC - Homes4Nc,nc-homes4nc-v1,nc-homes4nc.png,81181,"equal size (81181 bytes) — new uses preferred "" - "" format",nc-homes4nc
DEACTIVATE,5352,NC-HOMES4NC,nc-homes4nc,nc-homes4nc.jpeg,81181,"equal size (81181 bytes) — new uses preferred "" - "" format",
KEEP,13125,NC - IN God We Trust,nc-in-god-we-trust-v1,nc-in-god-we-trust.png,81457,"equal size (81457 bytes) — new uses preferred "" - "" format",nc-in-god-we-trust
DEACTIVATE,5357,NC-In God We Trust,nc-in-god-we-trust,nc-in-god-we-trust.jpeg,81457,"equal size (81457 bytes) — new uses preferred "" - "" format",
KEEP,13005,NC - Iraq Veteran,nc-iraq-veteran-v1,nc-iraq-veteran.png,92948,"equal size (92948 bytes) — new uses preferred "" - "" format",nc-iraq-veteran
DEACTIVATE,5358,NC-Iraq Veteran,nc-iraq-veteran,nc-iraq-veteran.jpeg,92948,"equal size (92948 bytes) — new uses preferred "" - "" format",
KEEP,13126,NC - Juvenile Diabetes Research Foundation,nc-juvenile-diabetes-research-foundation-v1,nc-juvenile-diabetes-research-foundation.png,78491,"equal size (78491 bytes) — new uses preferred "" - "" format",nc-juvenile-diabetes-research-foundation
DEACTIVATE,5359,NC-Juvenile Diabetes Research Foundation,nc-juvenile-diabetes-research-foundation,nc-juvenile-diabetes-research-foundation.jpeg,78491,"equal size (78491 bytes) — new uses preferred "" - "" format",
KEEP,12975,NC - Kappa Alpha Psi,nc-kappa-alpha-psi-v1,nc-kappa-alpha-psi.png,82096,"equal size (82096 bytes) — new uses preferred "" - "" format",nc-kappa-alpha-psi
DEACTIVATE,5360,NC-Kappa Alpha Psi,nc-kappa-alpha-psi,nc-kappa-alpha-psi.jpeg,82096,"equal size (82096 bytes) — new uses preferred "" - "" format",
KEEP,13127,NC - Keeping The Lights On,nc-keeping-the-lights-on-v1,nc-keeping-the-lights-on.png,55991,"equal size (55991 bytes) — new uses preferred "" - "" format",nc-keeping-the-lights-on
DEACTIVATE,5361,NC-Keeping the Lights On,nc-keeping-the-lights-on,nc-keeping-the-lights-on.jpeg,55991,"equal size (55991 bytes) — new uses preferred "" - "" format",
KEEP,13128,NC - Kick Cancer For Kids,nc-kick-cancer-for-kids-v1,nc-kick-cancer-for-kids.png,97254,"equal size (97254 bytes) — new uses preferred "" - "" format",nc-kick-cancer-for-kids
DEACTIVATE,5363,NC-Kick Cancer For Kids,nc-kick-cancer-for-kids,nc-kick-cancer-for-kids.jpeg,97254,"equal size (97254 bytes) — new uses preferred "" - "" format",
KEEP,13129,NC - Kids First,nc-kids-first-v1,nc-kids-first.png,82802,"equal size (82802 bytes) — new uses preferred "" - "" format",nc-kids-first
DEACTIVATE,5364,NC-Kids First,nc-kids-first,nc-kids-first.jpeg,82802,"equal size (82802 bytes) — new uses preferred "" - "" format",
KEEP,12976,NC - Knights Of Columbus,nc-knights-of-columbus-v1,nc-knights-of-columbus.png,84542,"equal size (84542 bytes) — new uses preferred "" - "" format",nc-knights-of-columbus
DEACTIVATE,5365,NC-Knights of Columbus,nc-knights-of-columbus,nc-knights-of-columbus.jpeg,84542,"equal size (84542 bytes) — new uses preferred "" - "" format",
KEEP,13006,NC - Korean Conflict,nc-korean-conflict-v1,nc-korean-conflict.png,92607,"equal size (92607 bytes) — new uses preferred "" - "" format",nc-korean-conflict
DEACTIVATE,5366,NC-Korean Conflict,nc-korean-conflict,nc-korean-conflict.jpeg,92607,"equal size (92607 bytes) — new uses preferred "" - "" format",
KEEP,13007,NC - Legion Of Merit,nc-legion-of-merit-v1,nc-legion-of-merit.png,90411,"equal size (90411 bytes) — new uses preferred "" - "" format",nc-legion-of-merit
DEACTIVATE,5368,NC-Legion of Merit,nc-legion-of-merit,nc-legion-of-merit.jpeg,90411,"equal size (90411 bytes) — new uses preferred "" - "" format",
KEEP,13008,NC - Legion Of Valor,nc-legion-of-valor-v1,nc-legion-of-valor.png,96411,"equal size (96411 bytes) — new uses preferred "" - "" format",nc-legion-of-valor
DEACTIVATE,5369,NC-Legion of Valor,nc-legion-of-valor,nc-legion-of-valor.jpeg,96411,"equal size (96411 bytes) — new uses preferred "" - "" format",
KEEP,13083,NC - Lenoir Rhyne College,nc-lenoir-rhyne-college-v1,nc-lenoir-rhyne-college.png,79037,"equal size (79037 bytes) — new uses preferred "" - "" format",nc-lenoir-rhyne-college
DEACTIVATE,5370,NC-Lenoir-Rhyne College,nc-lenoir-rhyne-college,nc-lenoir-rhyne-college.jpeg,79037,"equal size (79037 bytes) — new uses preferred "" - "" format",
KEEP,12977,NC - Lions Club,nc-lions-club-v1,nc-lions-club.png,79796,"equal size (79796 bytes) — new uses preferred "" - "" format",nc-lions-club
DEACTIVATE,5371,NC-Lions Club,nc-lions-club,nc-lions-club.jpeg,79796,"equal size (79796 bytes) — new uses preferred "" - "" format",
KEEP,13130,NC - Litter Prevention,nc-litter-prevention-v1,nc-litter-prevention.png,81953,"equal size (81953 bytes) — new uses preferred "" - "" format",nc-litter-prevention
DEACTIVATE,5372,NC-Litter Prevention,nc-litter-prevention,nc-litter-prevention.jpeg,81953,"equal size (81953 bytes) — new uses preferred "" - "" format",
KEEP,13009,NC - Marine Corps League,nc-marine-corps-league-v1,nc-marine-corps-league.png,84518,"equal size (84518 bytes) — new uses preferred "" - "" format",nc-marine-corps-league
DEACTIVATE,5373,NC-Marine Corps League,nc-marine-corps-league,nc-marine-corps-league.jpeg,84518,"equal size (84518 bytes) — new uses preferred "" - "" format",
KEEP,13010,NC - Marine Corps Reserve,nc-marine-corps-reserve-v1,nc-marine-corps-reserve.png,86989,"equal size (86989 bytes) — new uses preferred "" - "" format",nc-marine-corps-reserve
DEACTIVATE,5374,NC-Marine Corps Reserve,nc-marine-corps-reserve,nc-marine-corps-reserve.jpeg,86989,"equal size (86989 bytes) — new uses preferred "" - "" format",
KEEP,13131,NC - Maritime Museum,nc-maritime-museum-v1,nc-maritime-museum.png,86431,"equal size (86431 bytes) — new uses preferred "" - "" format",nc-maritime-museum
DEACTIVATE,5375,NC-Maritime Museum,nc-maritime-museum,nc-maritime-museum.jpeg,86431,"equal size (86431 bytes) — new uses preferred "" - "" format",
KEEP,12978,NC - Masonic Temple,nc-masonic-temple-v1,nc-masonic-temple.png,81125,"equal size (81125 bytes) — new uses preferred "" - "" format",nc-masonic-temple
DEACTIVATE,5376,NC-Masonic Temple,nc-masonic-temple,nc-masonic-temple.jpeg,81125,"equal size (81125 bytes) — new uses preferred "" - "" format",
KEEP,13084,NC - Meredith College,nc-meredith-college-v1,nc-meredith-college.png,85822,"equal size (85822 bytes) — new uses preferred "" - "" format",nc-meredith-college
DEACTIVATE,5377,NC-Meredith College,nc-meredith-college,nc-meredith-college.jpeg,85822,"equal size (85822 bytes) — new uses preferred "" - "" format",
KEEP,13085,NC - Methodist University,nc-methodist-university-v1,nc-methodist-university.png,82323,"equal size (82323 bytes) — new uses preferred "" - "" format",nc-methodist-university
DEACTIVATE,5378,NC-Methodist University,nc-methodist-university,nc-methodist-university.jpeg,82323,"equal size (82323 bytes) — new uses preferred "" - "" format",
KEEP,13086,NC - Michigan State University,nc-michigan-state-university-v1,nc-michigan-state-university.png,128612,"equal size (128612 bytes) — new uses preferred "" - "" format",nc-michigan-state-university
DEACTIVATE,5379,NC-Michigan State University,nc-michigan-state-university,nc-michigan-state-university.jpg,128612,"equal size (128612 bytes) — new uses preferred "" - "" format",
KEEP,13054,NC - Mountains To Sea Trail,nc-mountains-to-sea-trail-v1,nc-mountains-to-sea-trail.png,84313,"equal size (84313 bytes) — new uses preferred "" - "" format",nc-mountains-to-sea-trail
DEACTIVATE,5380,NC-Mountains-to-Sea Trail,nc-mountains-to-sea-trail,nc-mountains-to-sea-trail.jpeg,84313,"equal size (84313 bytes) — new uses preferred "" - "" format",
KEEP,13161,NC - Nascar Ford Racing,nc-nascar-ford-racing-v1,nc-nascar-ford-racing.png,63331,"equal size (63331 bytes) — new uses preferred "" - "" format",nc-nascar-ford-racing
DEACTIVATE,5381,NC-NASCAR-Ford Racing,nc-nascar-ford-racing,nc-nascar-ford-racing.jpeg,63331,"equal size (63331 bytes) — new uses preferred "" - "" format",
KEEP,13163,NC - Nascar Hall Of Fame,nc-nascar-hall-of-fame-v1,nc-nascar-hall-of-fame.png,66476,"equal size (66476 bytes) — new uses preferred "" - "" format",nc-nascar-hall-of-fame
DEACTIVATE,5383,NC-NASCAR-Hall of Fame,nc-nascar-hall-of-fame,nc-nascar-hall-of-fame-limited-inventory.jpeg,66476,"equal size (66476 bytes) — new uses preferred "" - "" format",
KEEP,13164,NC - Nascar Race Fan,nc-nascar-race-fan-v1,nc-nascar-race-fan.png,78894,"equal size (78894 bytes) — new uses preferred "" - "" format",nc-nascar-race-fan
DEACTIVATE,5384,NC-NASCAR-Race Fan,nc-nascar-race-fan,nc-nascar-race-fan.jpeg,78894,"equal size (78894 bytes) — new uses preferred "" - "" format",
KEEP,13134,NC - National Multiple Sclerosis Society,nc-national-multiple-sclerosis-society-v1,nc-national-multiple-sclerosis-society.png,80795,"equal size (80795 bytes) — new uses preferred "" - "" format",nc-national-multiple-sclerosis-society
DEACTIVATE,5394,NC-National Multiple Sclerosis Society,nc-national-multiple-sclerosis-society,nc-national-multiple-sclerosis-society.jpeg,80795,"equal size (80795 bytes) — new uses preferred "" - "" format",
KEEP,13135,NC - National Rifle Association,nc-national-rifle-association-v1,nc-national-rifle-association.png,84069,"equal size (84069 bytes) — new uses preferred "" - "" format",nc-national-rifle-association
DEACTIVATE,5395,NC-National Rifle Association,nc-national-rifle-association,nc-national-rifle-association.jpeg,84069,"equal size (84069 bytes) — new uses preferred "" - "" format",
KEEP,13055,NC - National Wild Turkey Federation,nc-national-wild-turkey-federation-v1,nc-national-wild-turkey-federation.png,73756,"equal size (73756 bytes) — new uses preferred "" - "" format",nc-national-wild-turkey-federation
DEACTIVATE,5396,NC-National Wild Turkey Federation,nc-national-wild-turkey-federation,nc-national-wild-turkey-federation.jpeg,73756,"equal size (73756 bytes) — new uses preferred "" - "" format",
KEEP,13136,NC - Native American,nc-native-american-v1,nc-native-american.png,81691,"equal size (81691 bytes) — new uses preferred "" - "" format",nc-native-american
DEACTIVATE,5397,NC-Native American,nc-native-american,nc-native-american.jpeg,81691,"equal size (81691 bytes) — new uses preferred "" - "" format",
KEEP,13056,NC - Native Brook Trout,nc-native-brook-trout-v1,nc-native-brook-trout.png,89177,"equal size (89177 bytes) — new uses preferred "" - "" format",nc-native-brook-trout
DEACTIVATE,5398,NC-Native Brook Trout,nc-native-brook-trout,nc-native-brook-trout.jpeg,89177,"equal size (89177 bytes) — new uses preferred "" - "" format",
KEEP,13011,NC - Naval Reserve,nc-naval-reserve-v1,nc-naval-reserve.png,87969,"equal size (87969 bytes) — new uses preferred "" - "" format",nc-naval-reserve
DEACTIVATE,5399,NC-Naval Reserve,nc-naval-reserve,nc-naval-reserve.jpeg,87969,"equal size (87969 bytes) — new uses preferred "" - "" format",
KEEP,13137,NC - Nurses,nc-nurses-v1,nc-nurses.png,86576,"equal size (86576 bytes) — new uses preferred "" - "" format",nc-nurses
DEACTIVATE,5406,NC-Nurses,nc-nurses,nc-nurses.jpeg,86576,"equal size (86576 bytes) — new uses preferred "" - "" format",
KEEP,12979,NC - Oasis Temple,nc-oasis-temple-v1,nc-oasis-temple.png,79943,"equal size (79943 bytes) — new uses preferred "" - "" format",nc-oasis-temple
DEACTIVATE,5407,NC-Oasis Temple,nc-oasis-temple,nc-oasis-temple.jpeg,79943,"equal size (79943 bytes) — new uses preferred "" - "" format",
KEEP,13165,NC - Olympic Games,nc-olympic-games-v1,nc-olympic-games.png,82205,"equal size (82205 bytes) — new uses preferred "" - "" format",nc-olympic-games
DEACTIVATE,5408,NC-Olympic Games,nc-olympic-games,nc-olympic-games.jpeg,82205,"equal size (82205 bytes) — new uses preferred "" - "" format",
KEEP,12980,NC - Omega Psi Phi,nc-omega-psi-phi-v1,nc-omega-psi-phi.png,82648,"equal size (82648 bytes) — new uses preferred "" - "" format",nc-omega-psi-phi
DEACTIVATE,5409,NC-Omega Psi Phi,nc-omega-psi-phi,nc-omega-psi-phi-fraternity.jpeg,82648,"equal size (82648 bytes) — new uses preferred "" - "" format",
KEEP,13088,NC - Order Of The Eastern Star,nc-order-of-the-eastern-star-v1,nc-order-of-the-eastern-star.png,129281,"equal size (129281 bytes) — new uses preferred "" - "" format",nc-order-of-the-eastern-star
DEACTIVATE,5410,NC-Order of the Eastern Star,nc-order-of-the-eastern-star,nc-order-of-the-eastern-star-limited-inventory.jpeg,129281,"equal size (129281 bytes) — new uses preferred "" - "" format",
KEEP,12981,NC - Order Of The Long Leaf Pine,nc-order-of-the-long-leaf-pine-v1,nc-order-of-the-long-leaf-pine.png,101924,"equal size (101924 bytes) — new uses preferred "" - "" format",nc-order-of-the-long-leaf-pine
DEACTIVATE,5411,NC-Order of the Long Leaf Pine,nc-order-of-the-long-leaf-pine,nc-order-of-the-long-leaf-pine.jpeg,101924,"equal size (101924 bytes) — new uses preferred "" - "" format",
KEEP,13012,NC - Partially Disabled Veteran,nc-partially-disabled-veteran-v1,nc-partially-disabled-veteran.png,93260,"equal size (93260 bytes) — new uses preferred "" - "" format",nc-partially-disabled-veteran
DEACTIVATE,5414,NC-Partially Disabled Veteran,nc-partially-disabled-veteran,nc-partially-disabled-veteran.jpeg,93260,"equal size (93260 bytes) — new uses preferred "" - "" format",
KEEP,13013,NC - Pearl Harbor Survivor,nc-pearl-harbor-survivor-v1,nc-pearl-harbor-survivor.png,97261,"equal size (97261 bytes) — new uses preferred "" - "" format",nc-pearl-harbor-survivor
DEACTIVATE,5415,NC-Pearl Harbor Survivor,nc-pearl-harbor-survivor,nc-pearl-harbor-survivor.jpeg,97261,"equal size (97261 bytes) — new uses preferred "" - "" format",
KEEP,13089,NC - Penn State University,nc-penn-state-university-v1,nc-penn-state-university.png,75528,"equal size (75528 bytes) — new uses preferred "" - "" format",nc-penn-state-university
DEACTIVATE,5416,NC-Penn State University,nc-penn-state-university,nc-penn-state-university.jpeg,75528,"equal size (75528 bytes) — new uses preferred "" - "" format",
KEEP,12982,NC - Phi Beta Sigma,nc-phi-beta-sigma-v1,nc-phi-beta-sigma.png,82240,"equal size (82240 bytes) — new uses preferred "" - "" format",nc-phi-beta-sigma
DEACTIVATE,5417,NC-Phi Beta Sigma,nc-phi-beta-sigma,nc-phi-beta-sigma-fraternity.jpeg,82240,"equal size (82240 bytes) — new uses preferred "" - "" format",
KEEP,13138,NC - Piedmont Airlines,nc-piedmont-airlines-v1,nc-piedmont-airlines.png,76827,"equal size (76827 bytes) — new uses preferred "" - "" format",nc-piedmont-airlines
DEACTIVATE,5418,NC-Piedmont Airlines,nc-piedmont-airlines,nc-piedmont-airlines.jpeg,76827,"equal size (76827 bytes) — new uses preferred "" - "" format",
KEEP,13057,NC - Pilot Mountain State Park,nc-pilot-mountain-state-park-v1,nc-pilot-mountain-state-park.png,135246,"equal size (135246 bytes) — new uses preferred "" - "" format",nc-pilot-mountain-state-park
DEACTIVATE,5419,NC-Pilot Mountain State Park,nc-pilot-mountain-state-park,nc-pilot-mountain-state-park.jpg,135246,"equal size (135246 bytes) — new uses preferred "" - "" format",
KEEP,12983,NC - Prince Hall Mason,nc-prince-hall-mason-v1,nc-prince-hall-mason.png,81885,"equal size (81885 bytes) — new uses preferred "" - "" format",nc-prince-hall-mason
DEACTIVATE,5420,NC-Prince Hall Mason,nc-prince-hall-mason,nc-prince-hall-mason.jpeg,81885,"equal size (81885 bytes) — new uses preferred "" - "" format",
KEEP,12984,NC - Prince Hall Of Shrine,nc-prince-hall-of-shrine-v1,nc-prince-hall-of-shrine.png,80597,"equal size (80597 bytes) — new uses preferred "" - "" format",nc-prince-hall-of-shrine
DEACTIVATE,5421,NC-Prince Hall of Shrine,nc-prince-hall-of-shrine,nc-prince-hall-of-shrine.jpeg,80597,"equal size (80597 bytes) — new uses preferred "" - "" format",
KEEP,13090,NC - Purdue University,nc-purdue-university-v1,nc-purdue-university.png,80654,"equal size (80654 bytes) — new uses preferred "" - "" format",nc-purdue-university
DEACTIVATE,5426,NC-Purdue University,nc-purdue-university,nc-purdue-university.jpeg,80654,"equal size (80654 bytes) — new uses preferred "" - "" format",
KEEP,13017,NC - Purple Heart,nc-purple-heart-v1,nc-purple-heart.png,91904,"equal size (91904 bytes) — new uses preferred "" - "" format",nc-purple-heart
DEACTIVATE,5427,NC-Purple Heart,nc-purple-heart,nc-purple-heart-auto.jpeg,91904,"equal size (91904 bytes) — new uses preferred "" - "" format",
KEEP,13016,NC - Purple Heart Motorcycle,nc-purple-heart-motorcycle-v1,nc-purple-heart-motorcycle.png,71875,"equal size (71875 bytes) — new uses preferred "" - "" format",nc-purple-heart-motorcycle
DEACTIVATE,5428,NC-Purple Heart-Motorcycle,nc-purple-heart-motorcycle,nc-purple-heart-m-c.jpeg,71875,"equal size (71875 bytes) — new uses preferred "" - "" format",
KEEP,12970,NC - Rescue Squad,nc-rescue-squad-v1,nc-rescue-squad.png,81998,"equal size (81998 bytes) — new uses preferred "" - "" format",nc-rescue-squad
DEACTIVATE,5429,NC-Rescue Squad,nc-rescue-squad,nc-rescue-squad.jpeg,81998,"equal size (81998 bytes) — new uses preferred "" - "" format",
KEEP,13018,NC - Retired Air Force,nc-retired-air-force-v1,nc-retired-air-force.png,78481,"equal size (78481 bytes) — new uses preferred "" - "" format",nc-retired-air-force
DEACTIVATE,5430,NC-Retired Air Force,nc-retired-air-force,nc-retired-air-force.jpeg,78481,"equal size (78481 bytes) — new uses preferred "" - "" format",
KEEP,13019,NC - Retired Army,nc-retired-army-v1,nc-retired-army.png,79605,"equal size (79605 bytes) — new uses preferred "" - "" format",nc-retired-army
DEACTIVATE,5431,NC-Retired Army,nc-retired-army,nc-retired-army.jpeg,79605,"equal size (79605 bytes) — new uses preferred "" - "" format",
KEEP,13020,NC - Retired Coast Guard,nc-retired-coast-guard-v1,nc-retired-coast-guard.png,78801,"equal size (78801 bytes) — new uses preferred "" - "" format",nc-retired-coast-guard
DEACTIVATE,5432,NC-Retired Coast Guard,nc-retired-coast-guard,nc-retired-coast-guard.jpeg,78801,"equal size (78801 bytes) — new uses preferred "" - "" format",
KEEP,13021,NC - Retired Marine,nc-retired-marine-v1,nc-retired-marine.png,83115,"equal size (83115 bytes) — new uses preferred "" - "" format",nc-retired-marine
DEACTIVATE,5433,NC-Retired Marine,nc-retired-marine,nc-retired-marine.jpeg,83115,"equal size (83115 bytes) — new uses preferred "" - "" format",
KEEP,13022,NC - Retired National Guard,nc-retired-national-guard-v1,nc-retired-national-guard.png,82850,"equal size (82850 bytes) — new uses preferred "" - "" format",nc-retired-national-guard
DEACTIVATE,5434,NC-Retired National Guard,nc-retired-national-guard,nc-retired-national-guard.jpeg,82850,"equal size (82850 bytes) — new uses preferred "" - "" format",
KEEP,13023,NC - Retired Navy,nc-retired-navy-v1,nc-retired-navy.png,81257,"equal size (81257 bytes) — new uses preferred "" - "" format",nc-retired-navy
DEACTIVATE,5435,NC-Retired Navy,nc-retired-navy,nc-retired-navy.jpeg,81257,"equal size (81257 bytes) — new uses preferred "" - "" format",
KEEP,13058,NC - Rocky Mountain Elk Foundation,nc-rocky-mountain-elk-foundation-v1,nc-rocky-mountain-elk-foundation.png,79385,"equal size (79385 bytes) — new uses preferred "" - "" format",nc-rocky-mountain-elk-foundation
DEACTIVATE,5438,NC-Rocky Mountain Elk Foundation,nc-rocky-mountain-elk-foundation,nc-rocky-mountain-elk-foundation.jpeg,79385,"equal size (79385 bytes) — new uses preferred "" - "" format",
KEEP,13139,NC - Ronald Mcdonald House,nc-ronald-mcdonald-house-v1,nc-ronald-mcdonald-house.png,78204,"equal size (78204 bytes) — new uses preferred "" - "" format",nc-ronald-mcdonald-house
DEACTIVATE,5439,NC-Ronald McDonald House,nc-ronald-mcdonald-house,nc-ronald-mcdonald-house.jpeg,78204,"equal size (78204 bytes) — new uses preferred "" - "" format",
KEEP,12985,NC - Rotary International Club,nc-rotary-international-club-v1,nc-rotary-international-club.png,81810,"equal size (81810 bytes) — new uses preferred "" - "" format",nc-rotary-international-club
DEACTIVATE,5440,NC-Rotary International Club,nc-rotary-international-club,nc-rotary-international-club.jpeg,81810,"equal size (81810 bytes) — new uses preferred "" - "" format",
KEEP,12986,NC - Ruritan Club,nc-ruritan-club-v1,nc-ruritan-club.png,85153,"equal size (85153 bytes) — new uses preferred "" - "" format",nc-ruritan-club
DEACTIVATE,5441,NC-Ruritan Club,nc-ruritan-club,nc-ruritan-club.jpeg,85153,"equal size (85153 bytes) — new uses preferred "" - "" format",
KEEP,13060,NC - Save The Honey Bee,nc-save-the-honey-bee-v1,nc-save-the-honey-bee.png,105255,"equal size (105255 bytes) — new uses preferred "" - "" format",nc-save-the-honey-bee
DEACTIVATE,5444,NC-Save the Honey Bee,nc-save-the-honey-bee,nc-save-the-honey-bee.jpeg,105255,"equal size (105255 bytes) — new uses preferred "" - "" format",
KEEP,13061,NC - Save The Sea Turtle,nc-save-the-sea-turtle-v1,nc-save-the-sea-turtle.png,80856,"equal size (80856 bytes) — new uses preferred "" - "" format",nc-save-the-sea-turtle
DEACTIVATE,5443,NC-Save The Sea Turtle,nc-save-the-sea-turtle,nc-save-the-sea-turtle.jpeg,80856,"equal size (80856 bytes) — new uses preferred "" - "" format",
KEEP,13168,NC - Scuba,nc-scuba-v1,nc-scuba.png,79392,"equal size (79392 bytes) — new uses preferred "" - "" format",nc-scuba
DEACTIVATE,5442,NC-SCUBA,nc-scuba,nc-scuba.jpeg,79392,"equal size (79392 bytes) — new uses preferred "" - "" format",
KEEP,13024,NC - Semper Fidelis Marine Veteran,nc-semper-fidelis-marine-veteran-v1,nc-semper-fidelis-marine-veteran.png,96516,"equal size (96516 bytes) — new uses preferred "" - "" format",nc-semper-fidelis-marine-veteran
DEACTIVATE,5446,NC-Semper Fidelis-Marine Veteran,nc-semper-fidelis-marine-veteran,nc-semper-fidelis-marine-veteran.jpeg,96516,"equal size (96516 bytes) — new uses preferred "" - "" format",
KEEP,13140,NC - Shag Dancing,nc-shag-dancing-v1,nc-shag-dancing.png,82563,"equal size (82563 bytes) — new uses preferred "" - "" format",nc-shag-dancing
DEACTIVATE,5447,NC-Shag Dancing,nc-shag-dancing,nc-shag-dancing.jpeg,82563,"equal size (82563 bytes) — new uses preferred "" - "" format",
KEEP,13169,NC - Share The Road,nc-share-the-road-v1,nc-share-the-road.png,80135,"equal size (80135 bytes) — new uses preferred "" - "" format",nc-share-the-road
DEACTIVATE,5448,NC-Share The Road,nc-share-the-road,nc-share-the-road.jpeg,80135,"equal size (80135 bytes) — new uses preferred "" - "" format",
KEEP,13091,NC - Shaw University,nc-shaw-university-v1,nc-shaw-university.png,79791,"equal size (79791 bytes) — new uses preferred "" - "" format",nc-shaw-university
DEACTIVATE,5449,NC-Shaw University,nc-shaw-university,nc-shaw-university.jpeg,79791,"equal size (79791 bytes) — new uses preferred "" - "" format",
KEEP,13026,NC - Silver Star,nc-silver-star-v1,nc-silver-star.png,92194,"equal size (92194 bytes) — new uses preferred "" - "" format",nc-silver-star
DEACTIVATE,5450,NC-Silver Star,nc-silver-star,nc-silver-star.jpeg,92194,"equal size (92194 bytes) — new uses preferred "" - "" format",
KEEP,13025,NC - Silver Star Disabled Veteran,nc-silver-star-disabled-veteran-v1,nc-silver-star-disabled-veteran.png,91172,"equal size (91172 bytes) — new uses preferred "" - "" format",nc-silver-star-disabled-veteran
DEACTIVATE,5451,NC-Silver Star-Disabled Veteran,nc-silver-star-disabled-veteran,nc-silver-star-disabled-veteran.jpeg,91172,"equal size (91172 bytes) — new uses preferred "" - "" format",
KEEP,13142,NC - Square Dance Club,nc-square-dance-club-v1,nc-square-dance-club.png,84314,"equal size (84314 bytes) — new uses preferred "" - "" format",nc-square-dance-club
DEACTIVATE,5452,NC-Square Dance Club,nc-square-dance-club,nc-square-dance-club.jpeg,84314,"equal size (84314 bytes) — new uses preferred "" - "" format",
KEEP,12987,NC - Sudan Temple,nc-sudan-temple-v1,nc-sudan-temple.png,82728,"equal size (82728 bytes) — new uses preferred "" - "" format",nc-sudan-temple
DEACTIVATE,5453,NC-Sudan Temple,nc-sudan-temple,nc-sudan-temple.jpeg,82728,"equal size (82728 bytes) — new uses preferred "" - "" format",
KEEP,13027,NC - Support Our Troops,nc-support-our-troops-v1,nc-support-our-troops.png,79746,"equal size (79746 bytes) — new uses preferred "" - "" format",nc-support-our-troops
DEACTIVATE,5454,NC-Support Our Troops,nc-support-our-troops,nc-support-our-troops.jpeg,79746,"equal size (79746 bytes) — new uses preferred "" - "" format",
KEEP,13170,NC - Support Soccer,nc-support-soccer-v1,nc-support-soccer.png,84841,"equal size (84841 bytes) — new uses preferred "" - "" format",nc-support-soccer
DEACTIVATE,5455,NC-Support Soccer,nc-support-soccer,nc-support-soccer.jpeg,84841,"equal size (84841 bytes) — new uses preferred "" - "" format",
KEEP,13063,NC - The Pisgah Conservancy,nc-the-pisgah-conservancy-v1,nc-the-pisgah-conservancy.png,88388,"equal size (88388 bytes) — new uses preferred "" - "" format",nc-the-pisgah-conservancy
DEACTIVATE,5456,NC-The Pisgah Conservancy,nc-the-pisgah-conservancy,nc-the-pisgah-conservancy.jpeg,88388,"equal size (88388 bytes) — new uses preferred "" - "" format",
KEEP,13143,NC - The V Foundation,nc-the-v-foundation-v1,nc-the-v-foundation.png,78663,"equal size (78663 bytes) — new uses preferred "" - "" format",nc-the-v-foundation
DEACTIVATE,5457,NC-The V Foundation,nc-the-v-foundation,nc-the-v-foundation.jpeg,78663,"equal size (78663 bytes) — new uses preferred "" - "" format",
KEEP,13144,NC - Tobacco Heritage,nc-tobacco-heritage-v1,nc-tobacco-heritage.png,77856,"equal size (77856 bytes) — new uses preferred "" - "" format",nc-tobacco-heritage
DEACTIVATE,5458,NC-Tobacco Heritage,nc-tobacco-heritage,nc-tobacco-heritage.jpeg,77856,"equal size (77856 bytes) — new uses preferred "" - "" format",
KEEP,13093,NC - University Of Alabama,nc-university-of-alabama-v1,nc-university-of-alabama.png,78084,"equal size (78084 bytes) — new uses preferred "" - "" format",nc-university-of-alabama
DEACTIVATE,5469,NC-University of Alabama,nc-university-of-alabama,nc-university-of-alabama.jpeg,78084,"equal size (78084 bytes) — new uses preferred "" - "" format",
KEEP,13094,NC - University Of Florida,nc-university-of-florida-v1,nc-university-of-florida.png,84408,"equal size (84408 bytes) — new uses preferred "" - "" format",nc-university-of-florida
DEACTIVATE,5470,NC-University of Florida,nc-university-of-florida,nc-university-of-florida.jpeg,84408,"equal size (84408 bytes) — new uses preferred "" - "" format",
KEEP,13095,NC - University Of Georgia,nc-university-of-georgia-v1,nc-university-of-georgia.png,80576,"equal size (80576 bytes) — new uses preferred "" - "" format",nc-university-of-georgia
DEACTIVATE,5471,NC-University of Georgia,nc-university-of-georgia,nc-university-of-georgia.jpeg,80576,"equal size (80576 bytes) — new uses preferred "" - "" format",
KEEP,13096,NC - University Of Kentucky,nc-university-of-kentucky-v1,nc-university-of-kentucky.png,81065,"equal size (81065 bytes) — new uses preferred "" - "" format",nc-university-of-kentucky
DEACTIVATE,5472,NC-University of Kentucky,nc-university-of-kentucky,nc-university-of-kentucky.jpeg,81065,"equal size (81065 bytes) — new uses preferred "" - "" format",
KEEP,13097,NC - University Of Michigan,nc-university-of-michigan-v1,nc-university-of-michigan.png,80232,"equal size (80232 bytes) — new uses preferred "" - "" format",nc-university-of-michigan
DEACTIVATE,5473,NC-University of Michigan,nc-university-of-michigan,nc-university-of-michigan.jpeg,80232,"equal size (80232 bytes) — new uses preferred "" - "" format",
KEEP,13098,NC - University Of North Carolina At Chapel Hill,nc-university-of-north-carolina-at-chapel-hill-v1,nc-university-of-north-carolina-at-chapel-hill.png,80440,"equal size (80440 bytes) — new uses preferred "" - "" format",nc-university-of-north-carolina-at-chapel-hill
DEACTIVATE,5474,NC-University of North Carolina at Chapel Hill,nc-university-of-north-carolina-at-chapel-hill,nc-university-of-north-carolina-at-chapel-hill.jpeg,80440,"equal size (80440 bytes) — new uses preferred "" - "" format",
KEEP,13099,NC - University Of North Carolina At Charlotte,nc-university-of-north-carolina-at-charlotte-v1,nc-university-of-north-carolina-at-charlotte.png,126324,"equal size (126324 bytes) — new uses preferred "" - "" format",nc-university-of-north-carolina-at-charlotte
DEACTIVATE,5475,NC-University of North Carolina at Charlotte,nc-university-of-north-carolina-at-charlotte,nc-university-of-north-carolina-at-charlotte.jpeg,126324,"equal size (126324 bytes) — new uses preferred "" - "" format",
KEEP,13100,NC - University Of North Carolina At Greensboro,nc-university-of-north-carolina-at-greensboro-v1,nc-university-of-north-carolina-at-greensboro.png,128014,"equal size (128014 bytes) — new uses preferred "" - "" format",nc-university-of-north-carolina-at-greensboro
DEACTIVATE,5476,NC-University of North Carolina at Greensboro,nc-university-of-north-carolina-at-greensboro,nc-university-of-north-carolina-at-greensboro.jpeg,128014,"equal size (128014 bytes) — new uses preferred "" - "" format",
KEEP,13101,NC - University Of North Carolina At Pembroke,nc-university-of-north-carolina-at-pembroke-v1,nc-university-of-north-carolina-at-pembroke.png,79779,"equal size (79779 bytes) — new uses preferred "" - "" format",nc-university-of-north-carolina-at-pembroke
DEACTIVATE,5477,NC-University of North Carolina at Pembroke,nc-university-of-north-carolina-at-pembroke,nc-university-of-north-carolina-at-pembroke.jpeg,79779,"equal size (79779 bytes) — new uses preferred "" - "" format",
KEEP,13102,NC - University Of North Carolina At Wilmington,nc-university-of-north-carolina-at-wilmington-v1,nc-university-of-north-carolina-at-wilmington.png,129027,"equal size (129027 bytes) — new uses preferred "" - "" format",nc-university-of-north-carolina-at-wilmington
DEACTIVATE,5478,NC-University of North Carolina at Wilmington,nc-university-of-north-carolina-at-wilmington,nc-university-of-north-carolina-at-wilmington.jpeg,129027,"equal size (129027 bytes) — new uses preferred "" - "" format",
KEEP,13103,NC - University Of South Carolina,nc-university-of-south-carolina-v1,nc-university-of-south-carolina.png,81455,"equal size (81455 bytes) — new uses preferred "" - "" format",nc-university-of-south-carolina
DEACTIVATE,5479,NC-University of South Carolina,nc-university-of-south-carolina,nc-university-of-south-carolina.jpeg,81455,"equal size (81455 bytes) — new uses preferred "" - "" format",
KEEP,13028,NC - US Air Force Academy,nc-us-air-force-academy-v1,nc-us-air-force-academy.png,102693,"equal size (102693 bytes) — new uses preferred "" - "" format",nc-us-air-force-academy
DEACTIVATE,5464,NC-US Air Force Academy,nc-us-air-force-academy,nc-us-air-force-academy.jpeg,102693,"equal size (102693 bytes) — new uses preferred "" - "" format",
KEEP,13029,NC - US Air Force Veteran,nc-us-air-force-veteran-v1,nc-us-air-force-veteran.png,93207,"equal size (93207 bytes) — new uses preferred "" - "" format",nc-us-air-force-veteran
DEACTIVATE,5459,NC-U.S. Air Force Veteran,nc-us-air-force-veteran,nc-u-s-air-force-veteran.jpeg,93207,"equal size (93207 bytes) — new uses preferred "" - "" format",
KEEP,13030,NC - US Army Veteran,nc-us-army-veteran-v1,nc-us-army-veteran.png,93339,"equal size (93339 bytes) — new uses preferred "" - "" format",nc-us-army-veteran
DEACTIVATE,5460,NC-U.S. Army Veteran,nc-us-army-veteran,nc-u-s-army-veteran.jpeg,93339,"equal size (93339 bytes) — new uses preferred "" - "" format",
KEEP,13031,NC - US Coast Guard Academy,nc-us-coast-guard-academy-v1,nc-us-coast-guard-academy.png,104603,"equal size (104603 bytes) — new uses preferred "" - "" format",nc-us-coast-guard-academy
DEACTIVATE,5465,NC-US Coast Guard Academy,nc-us-coast-guard-academy,nc-us-coast-guard-academy.jpeg,104603,"equal size (104603 bytes) — new uses preferred "" - "" format",
KEEP,13032,NC - US Coast Guard Veteran,nc-us-coast-guard-veteran-v1,nc-us-coast-guard-veteran.png,93116,"equal size (93116 bytes) — new uses preferred "" - "" format",nc-us-coast-guard-veteran
DEACTIVATE,5461,NC-U.S. Coast Guard Veteran,nc-us-coast-guard-veteran,nc-u-s-coast-guard-veteran.jpeg,93116,"equal size (93116 bytes) — new uses preferred "" - "" format",
KEEP,13033,NC - US Merchant Marine Academy,nc-us-merchant-marine-academy-v1,nc-us-merchant-marine-academy.png,105073,"equal size (105073 bytes) — new uses preferred "" - "" format",nc-us-merchant-marine-academy
DEACTIVATE,5466,NC-US Merchant Marine Academy,nc-us-merchant-marine-academy,nc-us-merchant-marine-academy.jpeg,105073,"equal size (105073 bytes) — new uses preferred "" - "" format",
KEEP,13034,NC - US Military Academy,nc-us-military-academy-v1,nc-us-military-academy.png,103814,"equal size (103814 bytes) — new uses preferred "" - "" format",nc-us-military-academy
DEACTIVATE,5467,NC-US Military Academy,nc-us-military-academy,nc-us-military-academy.jpeg,103814,"equal size (103814 bytes) — new uses preferred "" - "" format",
KEEP,13035,NC - US Naval Academy,nc-us-naval-academy-v1,nc-us-naval-academy.png,102501,"equal size (102501 bytes) — new uses preferred "" - "" format",nc-us-naval-academy
DEACTIVATE,5468,NC-US Naval Academy,nc-us-naval-academy,nc-us-naval-academy.jpeg,102501,"equal size (102501 bytes) — new uses preferred "" - "" format",
KEEP,13036,NC - US Navy Submarine Veteran,nc-us-navy-submarine-veteran-v1,nc-us-navy-submarine-veteran.png,83947,"equal size (83947 bytes) — new uses preferred "" - "" format",nc-us-navy-submarine-veteran
DEACTIVATE,5462,NC-U.S. Navy Submarine Veteran,nc-us-navy-submarine-veteran,nc-u-s-navy-submarine-veteran.jpeg,83947,"equal size (83947 bytes) — new uses preferred "" - "" format",
KEEP,13037,NC - US Navy Veteran,nc-us-navy-veteran-v1,nc-us-navy-veteran.png,94628,"equal size (94628 bytes) — new uses preferred "" - "" format",nc-us-navy-veteran
DEACTIVATE,5463,NC-U.S. Navy Veteran,nc-us-navy-veteran,nc-u-s-navy-veteran.jpeg,94628,"equal size (94628 bytes) — new uses preferred "" - "" format",
KEEP,13038,NC - Veterans Of Foreign Wars,nc-veterans-of-foreign-wars-v1,nc-veterans-of-foreign-wars.png,86053,"equal size (86053 bytes) — new uses preferred "" - "" format",nc-veterans-of-foreign-wars
DEACTIVATE,5480,NC-Veterans of Foreign Wars,nc-veterans-of-foreign-wars,nc-veterans-of-foreign-wars.jpeg,86053,"equal size (86053 bytes) — new uses preferred "" - "" format",
KEEP,13039,NC - Vietnam Era,nc-vietnam-era-v1,nc-vietnam-era.png,92953,"equal size (92953 bytes) — new uses preferred "" - "" format",nc-vietnam-era
DEACTIVATE,5481,NC-Vietnam Era,nc-vietnam-era,nc-vietnam-era.jpeg,92953,"equal size (92953 bytes) — new uses preferred "" - "" format",
KEEP,13104,NC - Virginia Tech,nc-virginia-tech-v1,nc-virginia-tech.png,83448,"equal size (83448 bytes) — new uses preferred "" - "" format",nc-virginia-tech
DEACTIVATE,5482,NC-Virginia Tech,nc-virginia-tech,nc-virginia-tech.jpeg,83448,"equal size (83448 bytes) — new uses preferred "" - "" format",
KEEP,13105,NC - Wake Forest University,nc-wake-forest-university-v1,nc-wake-forest-university.png,79251,"equal size (79251 bytes) — new uses preferred "" - "" format",nc-wake-forest-university
DEACTIVATE,5483,NC-Wake Forest University,nc-wake-forest-university,nc-wake-forest-university.jpeg,79251,"equal size (79251 bytes) — new uses preferred "" - "" format",
KEEP,13040,NC - War On Terror,nc-war-on-terror-v1,nc-war-on-terror.png,94608,"equal size (94608 bytes) — new uses preferred "" - "" format",nc-war-on-terror
DEACTIVATE,5484,NC-War on Terror,nc-war-on-terror,nc-war-on-terror.jpeg,94608,"equal size (94608 bytes) — new uses preferred "" - "" format",
KEEP,13145,NC - Watermelon,nc-watermelon-v1,nc-watermelon.png,79426,"equal size (79426 bytes) — new uses preferred "" - "" format",nc-watermelon
DEACTIVATE,5485,NC-Watermelon,nc-watermelon,nc-watermelon.jpeg,79426,"equal size (79426 bytes) — new uses preferred "" - "" format",
KEEP,13106,NC - Western Carolina University,nc-western-carolina-university-v1,nc-western-carolina-university.png,83456,"equal size (83456 bytes) — new uses preferred "" - "" format",nc-western-carolina-university
DEACTIVATE,5486,NC-Western Carolina University,nc-western-carolina-university,nc-western-carolina-university.jpeg,83456,"equal size (83456 bytes) — new uses preferred "" - "" format",
KEEP,13066,NC - Wildlife Resources,nc-wildlife-resources-v1,nc-wildlife-resources.png,130125,"equal size (130125 bytes) — new uses preferred "" - "" format",nc-wildlife-resources
DEACTIVATE,5487,NC-Wildlife Resources,nc-wildlife-resources,nc-wildlife-resources.jpeg,130125,"equal size (130125 bytes) — new uses preferred "" - "" format",
KEEP,13107,NC - Winston Salem State University,nc-winston-salem-state-university-v1,nc-winston-salem-state-university.png,132137,"equal size (132137 bytes) — new uses preferred "" - "" format",nc-winston-salem-state-university
DEACTIVATE,5488,NC-Winston Salem State University,nc-winston-salem-state-university,nc-winston-salem-state-university.jpeg,132137,"equal size (132137 bytes) — new uses preferred "" - "" format",
KEEP,13041,NC - World War Ll Veteran,nc-world-war-ll-veteran-v1,nc-world-war-ll-veteran.png,93889,"equal size (93889 bytes) — new uses preferred "" - "" format",nc-world-war-ll-veteran
DEACTIVATE,5489,NC-World War ll Veteran,nc-world-war-ll-veteran,nc-world-war-ll-veteran.jpeg,93889,"equal size (93889 bytes) — new uses preferred "" - "" format",
KEEP,13067,NC - Wrightsville Beach,nc-wrightsville-beach-v1,nc-wrightsville-beach.png,129429,"equal size (129429 bytes) — new uses preferred "" - "" format",nc-wrightsville-beach
DEACTIVATE,5490,NC-Wrightsville Beach,nc-wrightsville-beach,nc-wrightsville-beach.jpeg,129429,"equal size (129429 bytes) — new uses preferred "" - "" format",
KEEP,12988,NC - Zeta Phi Beta,nc-zeta-phi-beta-v1,nc-zeta-phi-beta.png,98794,"equal size (98794 bytes) — new uses preferred "" - "" format",nc-zeta-phi-beta
DEACTIVATE,5491,NC-Zeta Phi Beta,nc-zeta-phi-beta,nc-zeta-phi-beta-sorority.jpeg,98794,"equal size (98794 bytes) — new uses preferred "" - "" format",
KEEP,13221,ND - Antique,nd-antique-v1,nd-antique.png,34492,"equal size (34492 bytes) — new uses preferred "" - "" format",nd-antique
DEACTIVATE,5510,ND-Antique,nd-antique,nd-antique.jpg,34492,"equal size (34492 bytes) — new uses preferred "" - "" format",
KEEP,13220,ND - Antique Motorcycle,nd-antique-motorcycle-v1,nd-antique-motorcycle.png,25900,"equal size (25900 bytes) — new uses preferred "" - "" format",nd-antique-motorcycle
DEACTIVATE,5511,ND-Antique-Motorcycle,nd-antique-motorcycle,nd-antique-motorcycle.jpg,25900,"equal size (25900 bytes) — new uses preferred "" - "" format",
KEEP,13191,ND - Atv Off Highway,nd-atv-off-highway-v1,nd-atv-off-highway.png,122759,"equal size (122759 bytes) — new uses preferred "" - "" format",nd-atv-off-highway
DEACTIVATE,5498,ND-ATV Off Highway,nd-atv-off-highway,nd-atv-off-highway.jpg,122759,"equal size (122759 bytes) — new uses preferred "" - "" format",
KEEP,13206,ND - Bald Eagle,nd-bald-eagle-v1,nd-bald-eagle.png,142090,"equal size (142090 bytes) — new uses preferred "" - "" format",nd-bald-eagle
DEACTIVATE,5538,ND-Bald Eagle,nd-bald-eagle,nd-bald-eagle.jpg,142090,"equal size (142090 bytes) — new uses preferred "" - "" format",
KEEP,13179,ND - Boonie Stomper,nd-boonie-stomper-v1,nd-boonie-stomper.png,36763,"equal size (36763 bytes) — new uses preferred "" - "" format",nd-boonie-stomper
DEACTIVATE,5536,ND-Boonie Stomper,nd-boonie-stomper,nd-boonie-stomper.jpg,36763,"equal size (36763 bytes) — new uses preferred "" - "" format",
KEEP,13207,ND - Choose Life,nd-choose-life-v1,nd-choose-life.png,152870,"equal size (152870 bytes) — new uses preferred "" - "" format",nd-choose-life
DEACTIVATE,5523,ND-Choose Life,nd-choose-life,nd-choose-life.jpg,152870,"equal size (152870 bytes) — new uses preferred "" - "" format",
KEEP,13224,ND - Collector,nd-collector-v1,nd-collector.png,32013,"equal size (32013 bytes) — new uses preferred "" - "" format",nd-collector
DEACTIVATE,5512,ND-Collector,nd-collector,nd-collector.jpg,32013,"equal size (32013 bytes) — new uses preferred "" - "" format",
KEEP,13195,ND - Ducks Unlimited,nd-ducks-unlimited-v1,nd-ducks-unlimited.png,142852,"equal size (142852 bytes) — new uses preferred "" - "" format",nd-ducks-unlimited
DEACTIVATE,5514,ND-Ducks Unlimited,nd-ducks-unlimited,nd-ducks-unlimited.jpg,142852,"equal size (142852 bytes) — new uses preferred "" - "" format",
KEEP,13178,ND - Firefighters,nd-firefighters-v1,nd-firefighters.png,150295,"equal size (150295 bytes) — new uses preferred "" - "" format",nd-firefighters
DEACTIVATE,5515,ND-Firefighters,nd-firefighters,nd-firefighters.jpg,150295,"equal size (150295 bytes) — new uses preferred "" - "" format",
KEEP,13208,ND - Flag,nd-flag-v1,nd-flag.png,152784,"equal size (152784 bytes) — new uses preferred "" - "" format",nd-flag
DEACTIVATE,5537,ND-Flag,nd-flag,nd-flag.jpg,152784,"equal size (152784 bytes) — new uses preferred "" - "" format",
KEEP,13209,ND - Future Farmers Of America,nd-future-farmers-of-america-v1,nd-future-farmers-of-america.png,150248,"equal size (150248 bytes) — new uses preferred "" - "" format",nd-future-farmers-of-america
DEACTIVATE,5516,ND-Future Farmers of America,nd-future-farmers-of-america,nd-future-farmers-of-america.jpg,150248,"equal size (150248 bytes) — new uses preferred "" - "" format",
KEEP,13210,ND - Hit Inc,nd-hit-inc-v1,nd-hit-inc.png,145211,"equal size (145211 bytes) — new uses preferred "" - "" format",nd-hit-inc
DEACTIVATE,5520,ND-HIT Inc.,nd-hit-inc,nd-hit-inc.jpg,145211,"equal size (145211 bytes) — new uses preferred "" - "" format",
KEEP,13211,ND - Lignite Coal,nd-lignite-coal-v1,nd-lignite-coal.png,608740,"equal size (608740 bytes) — new uses preferred "" - "" format",nd-lignite-coal
DEACTIVATE,5525,ND-Lignite Coal,nd-lignite-coal,nd-lignite-coal.jpg,608740,"equal size (608740 bytes) — new uses preferred "" - "" format",
KEEP,13225,ND - Mobility Impaired,nd-mobility-impaired-v1,nd-mobility-impaired.png,139427,"equal size (139427 bytes) — new uses preferred "" - "" format",nd-mobility-impaired
DEACTIVATE,5496,ND-Mobility Impaired,nd-mobility-impaired,nd-mobility-impaired.jpg,139427,"equal size (139427 bytes) — new uses preferred "" - "" format",
KEEP,13181,ND - National Guard,nd-national-guard-v1,nd-national-guard.png,74494,"equal size (74494 bytes) — new uses preferred "" - "" format",nd-national-guard
DEACTIVATE,5499,ND-National Guard,nd-national-guard,nd-national-guard.jpg,74494,"equal size (74494 bytes) — new uses preferred "" - "" format",
KEEP,13212,ND - ND Bowhunters Association,nd-nd-bowhunters-association-v1,nd-nd-bowhunters-association.png,151787,"equal size (151787 bytes) — new uses preferred "" - "" format",nd-nd-bowhunters-association
DEACTIVATE,5527,ND-ND Bowhunters Association,nd-nd-bowhunters-association,nd-nd-bowhunters-association.jpg,151787,"equal size (151787 bytes) — new uses preferred "" - "" format",
KEEP,13214,ND - North Dakota Center For Nursing,nd-north-dakota-center-for-nursing-v1,nd-north-dakota-center-for-nursing.png,40868,"equal size (40868 bytes) — new uses preferred "" - "" format",nd-north-dakota-center-for-nursing
DEACTIVATE,5535,ND-North Dakota Center for Nursing,nd-north-dakota-center-for-nursing,nd-north-dakota-center-for-nursing.jpg,40868,"equal size (40868 bytes) — new uses preferred "" - "" format",
KEEP,13215,ND - North Dakota Farmers Union Foundation,nd-north-dakota-farmers-union-foundation-v1,nd-north-dakota-farmers-union-foundation.png,109815,"equal size (109815 bytes) — new uses preferred "" - "" format",nd-north-dakota-farmers-union-foundation
DEACTIVATE,5532,ND-North Dakota Farmers Union Foundation,nd-north-dakota-farmers-union-foundation,nd-north-dakota-farmers-union-foundation.jpg,109815,"equal size (109815 bytes) — new uses preferred "" - "" format",
KEEP,13218,ND - Northwood Hockey Boosters,nd-northwood-hockey-boosters-v1,nd-northwood-hockey-boosters.png,152293,"equal size (152293 bytes) — new uses preferred "" - "" format",nd-northwood-hockey-boosters
DEACTIVATE,5531,ND-Northwood Hockey Boosters,nd-northwood-hockey-boosters,nd-northwood-hockey-boosters.jpg,152293,"equal size (152293 bytes) — new uses preferred "" - "" format",
KEEP,13192,ND - Official,nd-official-v1,nd-official.png,146687,"equal size (146687 bytes) — new uses preferred "" - "" format",nd-official
DEACTIVATE,5495,ND-Official,nd-official,nd-official.jpg,146687,"equal size (146687 bytes) — new uses preferred "" - "" format",
KEEP,13196,ND - Pheasants For The Future,nd-pheasants-for-the-future-v1,nd-pheasants-for-the-future.png,146629,"equal size (146629 bytes) — new uses preferred "" - "" format",nd-pheasants-for-the-future
DEACTIVATE,5519,ND-Pheasants for the Future,nd-pheasants-for-the-future,nd-pheasants-for-the-future.jpg,146629,"equal size (146629 bytes) — new uses preferred "" - "" format",
KEEP,13197,ND - Pheasants Forever,nd-pheasants-forever-v1,nd-pheasants-forever.png,41233,"equal size (41233 bytes) — new uses preferred "" - "" format",nd-pheasants-forever
DEACTIVATE,5534,ND-Pheasants Forever,nd-pheasants-forever,nd-pheasants-forever.jpg,41233,"equal size (41233 bytes) — new uses preferred "" - "" format",
KEEP,13182,ND - Prisoner Of War,nd-prisoner-of-war-v1,nd-prisoner-of-war.png,53720,"equal size (53720 bytes) — new uses preferred "" - "" format",nd-prisoner-of-war
DEACTIVATE,5500,ND-Prisoner of War,nd-prisoner-of-war,nd-prisoner-of-war.jpg,53720,"equal size (53720 bytes) — new uses preferred "" - "" format",
KEEP,13198,ND - Rocky Mountain Elk Foundation,nd-rocky-mountain-elk-foundation-v1,nd-rocky-mountain-elk-foundation.png,610260,"equal size (610260 bytes) — new uses preferred "" - "" format",nd-rocky-mountain-elk-foundation
DEACTIVATE,5526,ND-Rocky Mountain Elk Foundation,nd-rocky-mountain-elk-foundation,nd-rocky-mountain-elk-foundation.jpg,610260,"equal size (610260 bytes) — new uses preferred "" - "" format",
KEEP,13216,ND - Sanford Medical Center,nd-sanford-medical-center-v1,nd-sanford-medical-center.png,114472,"equal size (114472 bytes) — new uses preferred "" - "" format",nd-sanford-medical-center
DEACTIVATE,5530,ND-Sanford Medical Center,nd-sanford-medical-center,nd-sanford-medical-center.jpg,114472,"equal size (114472 bytes) — new uses preferred "" - "" format",
KEEP,13193,ND - Standard Trailer,nd-standard-trailer-v1,nd-standard-trailer.png,140148,"equal size (140148 bytes) — new uses preferred "" - "" format",nd-standard-trailer
DEACTIVATE,5494,ND-Standard-Trailer,nd-standard-trailer,nd-standard-trailer.jpg,140148,"equal size (140148 bytes) — new uses preferred "" - "" format",
KEEP,13217,ND - Support Our Veterans,nd-support-our-veterans-v1,nd-support-our-veterans.png,149741,"equal size (149741 bytes) — new uses preferred "" - "" format",nd-support-our-veterans
DEACTIVATE,5524,ND-Support our Veterans,nd-support-our-veterans,nd-support-our-veterans.jpg,149741,"equal size (149741 bytes) — new uses preferred "" - "" format",
KEEP,13194,ND - Unconventional,nd-unconventional-v1,nd-unconventional.png,131372,"equal size (131372 bytes) — new uses preferred "" - "" format",nd-unconventional
DEACTIVATE,5497,ND-Unconventional,nd-unconventional,nd-unconventional.jpg,131372,"equal size (131372 bytes) — new uses preferred "" - "" format",
KEEP,13202,ND - University Of Jamestown,nd-university-of-jamestown-v1,nd-university-of-jamestown.png,154622,"equal size (154622 bytes) — new uses preferred "" - "" format",nd-university-of-jamestown
DEACTIVATE,5528,ND-University of Jamestown,nd-university-of-jamestown,nd-university-of-jamestown.jpg,154622,"equal size (154622 bytes) — new uses preferred "" - "" format",
KEEP,5533,ND-University of Mary,nd-university-of-mary,nd-university-of-mary.jpg,24249,old image larger (24249 vs 23496 bytes),
DEACTIVATE,13203,ND - University Of Mary,nd-university-of-mary-v1,nd-university-of-mary.png,23496,old image larger (24249 vs 23496 bytes),
KEEP,13204,ND - University Of North Dakota,nd-university-of-north-dakota-v1,nd-university-of-north-dakota.png,82428,"equal size (82428 bytes) — new uses preferred "" - "" format",nd-university-of-north-dakota
DEACTIVATE,5529,ND-University of North Dakota,nd-university-of-north-dakota,nd-university-of-north-dakota.jpg,82428,"equal size (82428 bytes) — new uses preferred "" - "" format",
KEEP,13183,ND - Veteran Air Force,nd-veteran-air-force-v1,nd-veteran-air-force.png,151538,"equal size (151538 bytes) — new uses preferred "" - "" format",nd-veteran-air-force
DEACTIVATE,5501,ND-Veteran Air Force,nd-veteran-air-force,nd-veteran-air-force.jpg,151538,"equal size (151538 bytes) — new uses preferred "" - "" format",
KEEP,13184,ND - Veteran Army,nd-veteran-army-v1,nd-veteran-army.png,156149,"equal size (156149 bytes) — new uses preferred "" - "" format",nd-veteran-army
DEACTIVATE,5502,ND-Veteran Army,nd-veteran-army,nd-veteran-army.jpg,156149,"equal size (156149 bytes) — new uses preferred "" - "" format",
KEEP,13185,ND - Veteran Coast Guard,nd-veteran-coast-guard-v1,nd-veteran-coast-guard.png,152869,"equal size (152869 bytes) — new uses preferred "" - "" format",nd-veteran-coast-guard
DEACTIVATE,5503,ND-Veteran Coast Guard,nd-veteran-coast-guard,nd-veteran-coast-guard.jpg,152869,"equal size (152869 bytes) — new uses preferred "" - "" format",
KEEP,13186,ND - Veteran Marine,nd-veteran-marine-v1,nd-veteran-marine.png,151611,"equal size (151611 bytes) — new uses preferred "" - "" format",nd-veteran-marine
DEACTIVATE,5504,ND-Veteran Marine,nd-veteran-marine,nd-veteran-marine.jpg,151611,"equal size (151611 bytes) — new uses preferred "" - "" format",
KEEP,13187,ND - Veteran Navy,nd-veteran-navy-v1,nd-veteran-navy.png,152754,"equal size (152754 bytes) — new uses preferred "" - "" format",nd-veteran-navy
DEACTIVATE,5505,ND-Veteran Navy,nd-veteran-navy,nd-veteran-navy.jpg,152754,"equal size (152754 bytes) — new uses preferred "" - "" format",
KEEP,13189,ND - Veteran Purple Heart,nd-veteran-purple-heart-v1,nd-veteran-purple-heart.png,149135,"equal size (149135 bytes) — new uses preferred "" - "" format",nd-veteran-purple-heart
DEACTIVATE,5507,ND-Veteran-Purple Heart,nd-veteran-purple-heart,nd-veteran-purple-heart.jpg,149135,"equal size (149135 bytes) — new uses preferred "" - "" format",
KEEP,13190,ND - Veteran Space Force,nd-veteran-space-force-v1,nd-veteran-space-force.png,61868,"equal size (61868 bytes) — new uses preferred "" - "" format",nd-veteran-space-force
DEACTIVATE,5509,ND-Veteran Space Force,nd-veteran-space-force,nd-veteran-space-force.jpg,61868,"equal size (61868 bytes) — new uses preferred "" - "" format",
KEEP,13231,NE - Disabled American Veteran,ne-disabled-american-veteran-v1,ne-disabled-american-veteran.png,66372,new image larger (66372 vs 65138 bytes),ne-disabled-american-veteran
DEACTIVATE,4798,NE-Disabled American Veteran,ne-disabled-american-veteran,ne-disabled-american-veteran.jpg,65138,new image larger (66372 vs 65138 bytes),
KEEP,13262,NE - Donate Life,ne-donate-life-v1,ne-donate-life.png,234421,new image larger (234421 vs 167344 bytes),ne-donate-life
DEACTIVATE,4787,NE-Donate Life,ne-donate-life,ne-donate-life-license-plates.png,167344,new image larger (234421 vs 167344 bytes),
KEEP,13263,NE - Down Syndrome Awareness,ne-down-syndrome-awareness-v1,ne-down-syndrome-awareness.png,224703,new image larger (224703 vs 159615 bytes),ne-down-syndrome-awareness
DEACTIVATE,4785,NE-Down Syndrome Awareness,ne-down-syndrome-awareness,ne-down-syndrome-awareness-license-plates.png,159615,new image larger (224703 vs 159615 bytes),
KEEP,13232,NE - Ex Prisoner Of War,ne-ex-prisoner-of-war-v1,ne-ex-prisoner-of-war.png,61671,"equal size (61671 bytes) — new uses preferred "" - "" format",ne-ex-prisoner-of-war
DEACTIVATE,4799,NE-Ex-Prisoner of War,ne-ex-prisoner-of-war,ne-ex-prisoner-of-war.jpg,61671,"equal size (61671 bytes) — new uses preferred "" - "" format",
KEEP,13234,NE - Gold Star Family,ne-gold-star-family-v1,ne-gold-star-family.png,75477,"equal size (75477 bytes) — new uses preferred "" - "" format",ne-gold-star-family
DEACTIVATE,4803,NE-Gold Star Family,ne-gold-star-family,ne-gold-star-family.jpg,75477,"equal size (75477 bytes) — new uses preferred "" - "" format",
KEEP,13236,NE - Military Honor,ne-military-honor-v1,ne-military-honor.png,34851,"equal size (34851 bytes) — new uses preferred "" - "" format",ne-military-honor
DEACTIVATE,4802,NE-Military Honor,ne-military-honor,ne-military-honor.jpg,34851,"equal size (34851 bytes) — new uses preferred "" - "" format",
KEEP,13254,NE - Mountain Lion Conservation,ne-mountain-lion-conservation-v1,ne-mountain-lion-conservation.png,253188,new image larger (253188 vs 195944 bytes),ne-mountain-lion-conservation
DEACTIVATE,4779,NE-Mountain Lion Conservation,ne-mountain-lion-conservation,ne-mountain-lion-conservation-license-plates.png,195944,new image larger (253188 vs 195944 bytes),
KEEP,13265,NE - Nebraska History,ne-nebraska-history-v1,ne-nebraska-history.png,210986,new image larger (210986 vs 144606 bytes),ne-nebraska-history
DEACTIVATE,4796,NE-Nebraska History,ne-nebraska-history,ne-nebraska-history-license-plate.png,144606,new image larger (210986 vs 144606 bytes),
KEEP,13266,NE - Prostate Cancer Awareness,ne-prostate-cancer-awareness-v1,ne-prostate-cancer-awareness.png,215498,new image larger (215498 vs 146267 bytes),ne-prostate-cancer-awareness
DEACTIVATE,4788,NE-Prostate Cancer Awareness,ne-prostate-cancer-awareness,ne-prostate-cancer-awareness-license-plates.png,146267,new image larger (215498 vs 146267 bytes),
KEEP,13237,NE - Purple Heart,ne-purple-heart-v1,ne-purple-heart.png,60457,"equal size (60457 bytes) — new uses preferred "" - "" format",ne-purple-heart
DEACTIVATE,4801,NE-Purple Heart,ne-purple-heart,ne-purple-heart.jpg,60457,"equal size (60457 bytes) — new uses preferred "" - "" format",
KEEP,13239,NE - Support Our Troops,ne-support-our-troops-v1,ne-support-our-troops.png,260427,new image larger (260427 vs 203022 bytes),ne-support-our-troops
DEACTIVATE,4793,NE-Support Our Troops,ne-support-our-troops,ne-support-our-troops-license-plate.png,203022,new image larger (260427 vs 203022 bytes),
KEEP,13267,NE - Support The Arts,ne-support-the-arts-v1,ne-support-the-arts.png,303566,new image larger (303566 vs 246992 bytes),ne-support-the-arts
DEACTIVATE,4789,NE-Support the Arts,ne-support-the-arts,ne-support-the-arts-license-plate.png,246992,new image larger (303566 vs 246992 bytes),
KEEP,13255,NE - The Good Life Is Outside,ne-the-good-life-is-outside-v1,ne-the-good-life-is-outside.png,227259,new image larger (227259 vs 164091 bytes),ne-the-good-life-is-outside
DEACTIVATE,4786,NE-The Good Life Is Outside,ne-the-good-life-is-outside,ne-the-good-life-is-outside-license-plates.png,164091,new image larger (227259 vs 164091 bytes),
KEEP,13252,NE - Vets Get Pets,ne-vets-get-pets-v1,ne-vets-get-pets.png,239674,new image larger (239674 vs 181772 bytes),ne-vets-get-pets
DEACTIVATE,4794,NE-Vets Get Pets,ne-vets-get-pets,ne-vets-get-pets-license-plate.png,181772,new image larger (239674 vs 181772 bytes),
KEEP,13256,NE - Wildlife Conservation Plates Bighorn Sheep,ne-wildlife-conservation-plates-bighorn-sheep-v1,ne-wildlife-conservation-plates-bighorn-sheep.png,258028,new image larger (258028 vs 205463 bytes),ne-wildlife-conservation-plates-bighorn-sheep
DEACTIVATE,4791,NE-Wildlife Conservation Plates-Bighorn Sheep,ne-wildlife-conservation-plates-bighorn-sheep,ne-wildlife-conservation-plates-bighorn-sheep-plate.png,205463,new image larger (258028 vs 205463 bytes),
KEEP,13257,NE - Wildlife Conservation Plates Ornate Box Turtle,ne-wildlife-conservation-plates-ornate-box-turtle-v1,ne-wildlife-conservation-plates-ornate-box-turtle.png,267979,new image larger (267979 vs 217967 bytes),ne-wildlife-conservation-plates-ornate-box-turtle
DEACTIVATE,4792,NE-Wildlife Conservation Plates-Ornate Box Turtle,ne-wildlife-conservation-plates-ornate-box-turtle,ne-wildlife-conservation-plates-ornate-box-turtle-plate.png,217967,new image larger (267979 vs 217967 bytes),
KEEP,13258,NE - Wildlife Conservation Plates Sandhill Crane,ne-wildlife-conservation-plates-sandhill-crane-v1,ne-wildlife-conservation-plates-sandhill-crane.png,233857,new image larger (233857 vs 180541 bytes),ne-wildlife-conservation-plates-sandhill-crane
DEACTIVATE,4790,NE-Wildlife Conservation Plates-Sandhill Crane,ne-wildlife-conservation-plates-sandhill-crane,ne-wildlife-conservation-plates-sandhill-crane-plate.png,180541,new image larger (233857 vs 180541 bytes),
KEEP,13273,NH - Active Duty Military,nh-active-duty-military-v1,nh-active-duty-military.png,1311813,new image larger (1311813 vs 16900 bytes),nh-active-duty-military
DEACTIVATE,4888,NH-Active Duty Military,nh-active-duty-military,nh-active-duty-military.jpg,16900,new image larger (1311813 vs 16900 bytes),
KEEP,13278,NH - Ambulance,nh-ambulance-v1,nh-ambulance.png,1011585,new image larger (1011585 vs 16843 bytes),nh-ambulance
DEACTIVATE,4890,NH-Ambulance,nh-ambulance,nh-ambulance.jpg,16843,new image larger (1011585 vs 16843 bytes),
KEEP,13287,NH - Antique v2,nh-antique-v2,nh-antique-v2.png,371937,new image larger (371937 vs 19688 bytes),nh-antique
DEACTIVATE,4891,NH-Antique,nh-antique,nh-antique.jpg,19688,new image larger (371937 vs 19688 bytes),
KEEP,13279,NH - Antique Trailer,nh-antique-trailer-v1,nh-antique-trailer.png,1214556,new image larger (1214556 vs 15791 bytes),nh-antique-trailer
DEACTIVATE,4926,NH-Antique Trailer,nh-antique-trailer,nh-antique-trailer.jpg,15791,new image larger (1214556 vs 15791 bytes),
KEEP,13280,NH - Commercial,nh-commercial-v1,nh-commercial.png,1668014,new image larger (1668014 vs 14346 bytes),nh-commercial
DEACTIVATE,4897,NH-Commercial,nh-commercial,nh-commercial.jpg,14346,new image larger (1668014 vs 14346 bytes),
KEEP,13281,NH - Construction Equipment,nh-construction-equipment-v1,nh-construction-equipment.png,1214736,new image larger (1214736 vs 15862 bytes),nh-construction-equipment
DEACTIVATE,4896,NH-Construction Equipment,nh-construction-equipment,nh-construction-equipment.jpg,15862,new image larger (1214736 vs 15862 bytes),
KEEP,13283,NH - Farm,nh-farm-v1,nh-farm.png,1052193,new image larger (1052193 vs 15368 bytes),nh-farm
DEACTIVATE,4899,NH-Farm,nh-farm,nh-farm.jpg,15368,new image larger (1052193 vs 15368 bytes),
KEEP,13282,NH - Farm Tractor,nh-farm-tractor-v1,nh-farm-tractor.png,1016771,new image larger (1016771 vs 16612 bytes),nh-farm-tractor
DEACTIVATE,4900,NH-Farm Tractor,nh-farm-tractor,nh-farm-tractor.jpg,16612,new image larger (1016771 vs 16612 bytes),
KEEP,13274,NH - Former Prisoner Of War,nh-former-prisoner-of-war-v1,nh-former-prisoner-of-war.png,1034168,new image larger (1034168 vs 14791 bytes),nh-former-prisoner-of-war
DEACTIVATE,4901,NH-Former Prisoner of War,nh-former-prisoner-of-war,nh-former-prisoner-of-war.jpg,14791,new image larger (1034168 vs 14791 bytes),
KEEP,13288,NH - Handicap,nh-handicap-v1,nh-handicap.png,1030253,new image larger (1030253 vs 16851 bytes),nh-handicap
DEACTIVATE,4902,NH-Handicap,nh-handicap,nh-handicap.jpg,16851,new image larger (1030253 vs 16851 bytes),
KEEP,13289,NH - Motorcycle,nh-motorcycle-v1,nh-motorcycle.png,602724,new image larger (602724 vs 23706 bytes),nh-motorcycle
DEACTIVATE,4909,NH-Motorcycle,nh-motorcycle,nh-motorcycle.jpg,23706,new image larger (602724 vs 23706 bytes),
KEEP,13277,NH - Purple Heart,nh-purple-heart-v1,nh-purple-heart.png,1139043,new image larger (1139043 vs 16084 bytes),nh-purple-heart
DEACTIVATE,4916,NH-Purple Heart,nh-purple-heart,nh-purple-heart.jpg,16084,new image larger (1139043 vs 16084 bytes),
KEEP,13284,NH - School Bus,nh-school-bus-v1,nh-school-bus.png,1067392,new image larger (1067392 vs 17364 bytes),nh-school-bus
DEACTIVATE,4920,NH-School Bus,nh-school-bus,nh-school-bus.jpg,17364,new image larger (1067392 vs 17364 bytes),
KEEP,13285,NH - Special Commercial,nh-special-commercial-v1,nh-special-commercial.png,1098972,new image larger (1098972 vs 15032 bytes),nh-special-commercial
DEACTIVATE,4921,NH-Special Commercial,nh-special-commercial,nh-special-commercial.jpg,15032,new image larger (1098972 vs 15032 bytes),
KEEP,13292,NH - Street Rod,nh-street-rod-v1,nh-street-rod.png,970202,new image larger (970202 vs 15947 bytes),nh-street-rod
DEACTIVATE,4922,NH-Street Rod,nh-street-rod,nh-street-rod.jpg,15947,new image larger (970202 vs 15947 bytes),
KEEP,13286,NH - Trailer,nh-trailer-v1,nh-trailer.png,1686039,new image larger (1686039 vs 15724 bytes),nh-trailer
DEACTIVATE,4924,NH-Trailer,nh-trailer,nh-trailer.jpg,15724,new image larger (1686039 vs 15724 bytes),
KEEP,13373,NJ - Agriculture,nj-agriculture-v1,nj-agriculture.png,159304,"equal size (159304 bytes) — new uses preferred "" - "" format",nj-agriculture
DEACTIVATE,5014,NJ-Agriculture,nj-agriculture,nj-agriculture.jpg,159304,"equal size (159304 bytes) — new uses preferred "" - "" format",
KEEP,13312,NJ - Airborne,nj-airborne-v1,nj-airborne.png,21336,"equal size (21336 bytes) — new uses preferred "" - "" format",nj-airborne
DEACTIVATE,4936,NJ-Airborne,nj-airborne,nj-airborne.gif,21336,"equal size (21336 bytes) — new uses preferred "" - "" format",
KEEP,13302,NJ - Alpha Kappa Alpha,nj-alpha-kappa-alpha-v1,nj-alpha-kappa-alpha.png,28047,"equal size (28047 bytes) — new uses preferred "" - "" format",nj-alpha-kappa-alpha
DEACTIVATE,4974,NJ-Alpha Kappa Alpha,nj-alpha-kappa-alpha,nj-alpha-kappa-alpha-sorority-inc.gif,28047,"equal size (28047 bytes) — new uses preferred "" - "" format",
KEEP,13416,NJ - Amateur Radio,nj-amateur-radio-v1,nj-amateur-radio.png,81562,"equal size (81562 bytes) — new uses preferred "" - "" format",nj-amateur-radio
DEACTIVATE,4996,NJ-Amateur Radio,nj-amateur-radio,nj-amateur-radio.jpg,81562,"equal size (81562 bytes) — new uses preferred "" - "" format",
KEEP,13313,NJ - American Legion,nj-american-legion-v1,nj-american-legion.png,36579,"equal size (36579 bytes) — new uses preferred "" - "" format",nj-american-legion
DEACTIVATE,4937,NJ-American Legion,nj-american-legion,nj-american-legion.gif,36579,"equal size (36579 bytes) — new uses preferred "" - "" format",
KEEP,13314,NJ - Amvets,nj-amvets-v1,nj-amvets.png,25174,"equal size (25174 bytes) — new uses preferred "" - "" format",nj-amvets
DEACTIVATE,4938,NJ-AMVETS,nj-amvets,nj-amvets.gif,25174,"equal size (25174 bytes) — new uses preferred "" - "" format",
KEEP,13374,NJ - Animal Friendly,nj-animal-friendly-v1,nj-animal-friendly.png,126339,"equal size (126339 bytes) — new uses preferred "" - "" format",nj-animal-friendly
DEACTIVATE,5013,NJ-Animal Friendly,nj-animal-friendly,nj-animal-friendly.jpg,126339,"equal size (126339 bytes) — new uses preferred "" - "" format",
KEEP,13315,NJ - Army Reserve,nj-army-reserve-v1,nj-army-reserve.png,22266,"equal size (22266 bytes) — new uses preferred "" - "" format",nj-army-reserve
DEACTIVATE,4998,NJ-Army Reserve,nj-army-reserve,nj-army-reserve.gif,22266,"equal size (22266 bytes) — new uses preferred "" - "" format",
KEEP,13354,NJ - Baymens Heritage,nj-baymens-heritage-v1,nj-baymens-heritage.png,34999,"equal size (34999 bytes) — new uses preferred "" - "" format",nj-baymens-heritage
DEACTIVATE,5023,NJ-Baymen's Heritage,nj-baymens-heritage,nj-baymen-s-heritage.gif,34999,"equal size (34999 bytes) — new uses preferred "" - "" format",
KEEP,13375,NJ - Chiropractor,nj-chiropractor-v1,nj-chiropractor.png,17667,"equal size (17667 bytes) — new uses preferred "" - "" format",nj-chiropractor
DEACTIVATE,4985,NJ-Chiropractor,nj-chiropractor,nj-chiropractor.gif,17667,"equal size (17667 bytes) — new uses preferred "" - "" format",
KEEP,13376,NJ - Choose Life,nj-choose-life-v1,nj-choose-life.png,22485,"equal size (22485 bytes) — new uses preferred "" - "" format",nj-choose-life
DEACTIVATE,4956,NJ-Choose Life,nj-choose-life,nj-choose-life.gif,22485,"equal size (22485 bytes) — new uses preferred "" - "" format",
KEEP,13316,NJ - Civil Air Patrol,nj-civil-air-patrol-v1,nj-civil-air-patrol.png,23388,"equal size (23388 bytes) — new uses preferred "" - "" format",nj-civil-air-patrol
DEACTIVATE,4939,NJ-Civil Air Patrol,nj-civil-air-patrol,nj-civil-air-patrol.gif,23388,"equal size (23388 bytes) — new uses preferred "" - "" format",
KEEP,13317,NJ - Combat Veteran,nj-combat-veteran-v1,nj-combat-veteran.png,21009,"equal size (21009 bytes) — new uses preferred "" - "" format",nj-combat-veteran
DEACTIVATE,5005,NJ-Combat Veteran,nj-combat-veteran,nj-combat-veteran.gif,21009,"equal size (21009 bytes) — new uses preferred "" - "" format",
KEEP,13318,NJ - Combat Wounded,nj-combat-wounded-v1,nj-combat-wounded.png,29606,"equal size (29606 bytes) — new uses preferred "" - "" format",nj-combat-wounded
DEACTIVATE,4945,NJ-Combat Wounded,nj-combat-wounded,nj-combat-wounded.gif,29606,"equal size (29606 bytes) — new uses preferred "" - "" format",
KEEP,13319,NJ - Congressional Medal Of Honor,nj-congressional-medal-of-honor-v1,nj-congressional-medal-of-honor.png,25369,"equal size (25369 bytes) — new uses preferred "" - "" format",nj-congressional-medal-of-honor
DEACTIVATE,5006,NJ-Congressional Medal Of Honor,nj-congressional-medal-of-honor,nj-congressional-medal-of-honor.gif,25369,"equal size (25369 bytes) — new uses preferred "" - "" format",
KEEP,13377,NJ - Conquer Cancer,nj-conquer-cancer-v1,nj-conquer-cancer.png,38115,"equal size (38115 bytes) — new uses preferred "" - "" format",nj-conquer-cancer
DEACTIVATE,5024,NJ-Conquer Cancer,nj-conquer-cancer,nj-conquer-cancer.gif,38115,"equal size (38115 bytes) — new uses preferred "" - "" format",
KEEP,13355,NJ - Conserve Wildlife,nj-conserve-wildlife-v1,nj-conserve-wildlife.png,35178,"equal size (35178 bytes) — new uses preferred "" - "" format",nj-conserve-wildlife
DEACTIVATE,5028,NJ-Conserve Wildlife,nj-conserve-wildlife,nj-conserve-wildlife.gif,35178,"equal size (35178 bytes) — new uses preferred "" - "" format",
KEEP,13378,NJ - Deborah Heart Lung,nj-deborah-heart-lung-v1,nj-deborah-heart-lung.png,22480,"equal size (22480 bytes) — new uses preferred "" - "" format",nj-deborah-heart-lung
DEACTIVATE,5016,NJ-Deborah Heart & Lung,nj-deborah-heart-lung,nj-deborah-heart-lung.gif,22480,"equal size (22480 bytes) — new uses preferred "" - "" format",
KEEP,13379,NJ - Dentist Dds,nj-dentist-dds-v1,nj-dentist-dds.png,17139,"equal size (17139 bytes) — new uses preferred "" - "" format",nj-dentist-dds
DEACTIVATE,4986,NJ-Dentist-DDS,nj-dentist-dds,nj-dentist-dds.gif,17139,"equal size (17139 bytes) — new uses preferred "" - "" format",
KEEP,13380,NJ - Dentist Dmd,nj-dentist-dmd-v1,nj-dentist-dmd.png,17685,"equal size (17685 bytes) — new uses preferred "" - "" format",nj-dentist-dmd
DEACTIVATE,4987,NJ-Dentist-DMD,nj-dentist-dmd,nj-dentist-dmd.gif,17685,"equal size (17685 bytes) — new uses preferred "" - "" format",
KEEP,13320,NJ - Disabled American Veterans,nj-disabled-american-veterans-v1,nj-disabled-american-veterans.png,27909,"equal size (27909 bytes) — new uses preferred "" - "" format",nj-disabled-american-veterans
DEACTIVATE,4952,NJ-Disabled American Veterans,nj-disabled-american-veterans,nj-disabled-american-veterans.gif,27909,"equal size (27909 bytes) — new uses preferred "" - "" format",
KEEP,13321,NJ - Disabled Vet,nj-disabled-vet-v1,nj-disabled-vet.png,18443,"equal size (18443 bytes) — new uses preferred "" - "" format",nj-disabled-vet
DEACTIVATE,5003,NJ-Disabled Vet,nj-disabled-vet,nj-disabled-vet.gif,18443,"equal size (18443 bytes) — new uses preferred "" - "" format",
KEEP,13381,NJ - Discover NJ History,nj-discover-nj-history-v1,nj-discover-nj-history.png,29283,"equal size (29283 bytes) — new uses preferred "" - "" format",nj-discover-nj-history
DEACTIVATE,5022,NJ-Discover NJ History,nj-discover-nj-history,nj-discover-nj-history.gif,29283,"equal size (29283 bytes) — new uses preferred "" - "" format",
KEEP,13293,NJ - Emt A,nj-emt-a-v1,nj-emt-a.png,79598,"equal size (79598 bytes) — new uses preferred "" - "" format",nj-emt-a
DEACTIVATE,4995,NJ-EMT-A,nj-emt-a,nj-emt-a.jpg,79598,"equal size (79598 bytes) — new uses preferred "" - "" format",
KEEP,13382,NJ - Engineer,nj-engineer-v1,nj-engineer.png,23016,"equal size (23016 bytes) — new uses preferred "" - "" format",nj-engineer
DEACTIVATE,4965,NJ-Engineer,nj-engineer,nj-engineer.gif,23016,"equal size (23016 bytes) — new uses preferred "" - "" format",
KEEP,13295,NJ - Firefighter,nj-firefighter-v1,nj-firefighter.png,82266,"equal size (82266 bytes) — new uses preferred "" - "" format",nj-firefighter
DEACTIVATE,4993,NJ-Firefighter,nj-firefighter,nj-firefighter.jpg,82266,"equal size (82266 bytes) — new uses preferred "" - "" format",
KEEP,13294,NJ - Firefighter Intl,nj-firefighter-intl-v1,nj-firefighter-int-l.png,28089,"equal size (28089 bytes) — new uses preferred "" - "" format",nj-firefighter-intl
DEACTIVATE,4960,NJ-Firefighter Int'l,nj-firefighter-intl,nj-firefighter-int-l.gif,28089,"equal size (28089 bytes) — new uses preferred "" - "" format",
KEEP,13296,NJ - First Aider,nj-first-aider-v1,nj-first-aider.png,72933,"equal size (72933 bytes) — new uses preferred "" - "" format",nj-first-aider
DEACTIVATE,4994,NJ-First Aider,nj-first-aider,nj-first-aider.jpg,72933,"equal size (72933 bytes) — new uses preferred "" - "" format",
KEEP,13303,NJ - Freemason,nj-freemason-v1,nj-freemason.png,19163,"equal size (19163 bytes) — new uses preferred "" - "" format",nj-freemason
DEACTIVATE,4963,NJ-Freemason,nj-freemason,nj-freemason.gif,19163,"equal size (19163 bytes) — new uses preferred "" - "" format",
KEEP,13383,NJ - Garden State,nj-garden-state-v1,nj-garden-state.png,20426,"equal size (20426 bytes) — new uses preferred "" - "" format",nj-garden-state
DEACTIVATE,5010,NJ-Garden State,nj-garden-state,nj-garden-state.gif,20426,"equal size (20426 bytes) — new uses preferred "" - "" format",
KEEP,13322,NJ - Gold Star Family,nj-gold-star-family-v1,nj-gold-star-family.png,22597,"equal size (22597 bytes) — new uses preferred "" - "" format",nj-gold-star-family
DEACTIVATE,5000,NJ-Gold Star Family,nj-gold-star-family,nj-gold-star-family.gif,22597,"equal size (22597 bytes) — new uses preferred "" - "" format",
KEEP,13363,NJ - Highlanders,nj-highlanders-v1,nj-highlanders.png,19703,"equal size (19703 bytes) — new uses preferred "" - "" format",nj-highlanders
DEACTIVATE,4975,NJ-Highlanders,nj-highlanders,nj-highlanders.gif,19703,"equal size (19703 bytes) — new uses preferred "" - "" format",
KEEP,13384,NJ - Historic,nj-historic-v1,nj-historic.png,83571,"equal size (83571 bytes) — new uses preferred "" - "" format",nj-historic
DEACTIVATE,5040,NJ-Historic,nj-historic,nj-historic.jpg,83571,"equal size (83571 bytes) — new uses preferred "" - "" format",
KEEP,13323,NJ - Honor Legion,nj-honor-legion-v1,nj-honor-legion.png,25916,"equal size (25916 bytes) — new uses preferred "" - "" format",nj-honor-legion
DEACTIVATE,4970,NJ-Honor Legion,nj-honor-legion,nj-honor-legion.gif,25916,"equal size (25916 bytes) — new uses preferred "" - "" format",
KEEP,13324,NJ - Kings Point,nj-kings-point-v1,nj-kings-point.png,24966,"equal size (24966 bytes) — new uses preferred "" - "" format",nj-kings-point
DEACTIVATE,4943,NJ-Kings Point,nj-kings-point,nj-kings-point.gif,24966,"equal size (24966 bytes) — new uses preferred "" - "" format",
KEEP,13304,NJ - Kiwanis International,nj-kiwanis-international-v1,nj-kiwanis-international.png,23859,"equal size (23859 bytes) — new uses preferred "" - "" format",nj-kiwanis-international
DEACTIVATE,4961,NJ-Kiwanis International,nj-kiwanis-international,nj-kiwanis-international.gif,23859,"equal size (23859 bytes) — new uses preferred "" - "" format",
KEEP,13325,NJ - Lakehurst Navy,nj-lakehurst-navy-v1,nj-lakehurst-navy.png,24991,"equal size (24991 bytes) — new uses preferred "" - "" format",nj-lakehurst-navy
DEACTIVATE,4954,NJ-Lakehurst Navy,nj-lakehurst-navy,nj-lakehurst-navy.gif,24991,"equal size (24991 bytes) — new uses preferred "" - "" format",
KEEP,13297,NJ - Law Enforcement Memorial,nj-law-enforcement-memorial-v1,nj-law-enforcement-memorial.png,135112,"equal size (135112 bytes) — new uses preferred "" - "" format",nj-law-enforcement-memorial
DEACTIVATE,5012,NJ-Law Enforcement Memorial,nj-law-enforcement-memorial,nj-law-enforcement-memorial.jpg,135112,"equal size (135112 bytes) — new uses preferred "" - "" format",
KEEP,13326,NJ - Leatherneck,nj-leatherneck-v1,nj-leatherneck.png,29558,"equal size (29558 bytes) — new uses preferred "" - "" format",nj-leatherneck
DEACTIVATE,4941,NJ-Leatherneck,nj-leatherneck,nj-leatherneck.gif,29558,"equal size (29558 bytes) — new uses preferred "" - "" format",
KEEP,13356,NJ - Liberty State Park,nj-liberty-state-park-v1,nj-liberty-state-park.png,39041,"equal size (39041 bytes) — new uses preferred "" - "" format",nj-liberty-state-park
DEACTIVATE,5017,NJ-Liberty State Park,nj-liberty-state-park,nj-liberty-state-park.gif,39041,"equal size (39041 bytes) — new uses preferred "" - "" format",
KEEP,13357,NJ - Meadowlands,nj-meadowlands-v1,nj-meadowlands.png,142800,"equal size (142800 bytes) — new uses preferred "" - "" format",nj-meadowlands
DEACTIVATE,5015,NJ-Meadowlands,nj-meadowlands,nj-meadowlands.jpg,142800,"equal size (142800 bytes) — new uses preferred "" - "" format",
KEEP,13327,NJ - Merchant Marine,nj-merchant-marine-v1,nj-merchant-marine.png,20497,"equal size (20497 bytes) — new uses preferred "" - "" format",nj-merchant-marine
DEACTIVATE,4942,NJ-Merchant Marine,nj-merchant-marine,nj-merchant-marine.gif,20497,"equal size (20497 bytes) — new uses preferred "" - "" format",
KEEP,13404,NJ - Nascar,nj-nascar-v1,nj-nascar.png,272749,new image larger (272749 vs 117979 bytes),nj-nascar
DEACTIVATE,5032,NJ-NASCAR,nj-nascar,nj-nascar.jpg,117979,new image larger (272749 vs 117979 bytes),
KEEP,13328,NJ - Navy Cross,nj-navy-cross-v1,nj-navy-cross.png,20576,"equal size (20576 bytes) — new uses preferred "" - "" format",nj-navy-cross
DEACTIVATE,5007,NJ-Navy Cross,nj-navy-cross,nj-navy-cross.gif,20576,"equal size (20576 bytes) — new uses preferred "" - "" format",
KEEP,13329,NJ - Navy League,nj-navy-league-v1,nj-navy-league.png,25223,"equal size (25223 bytes) — new uses preferred "" - "" format",nj-navy-league
DEACTIVATE,4955,NJ-Navy League,nj-navy-league,nj-navy-league.gif,25223,"equal size (25223 bytes) — new uses preferred "" - "" format",
KEEP,13405,NJ - New Jersey Devils,nj-new-jersey-devils-v1,nj-new-jersey-devils.png,97975,"equal size (97975 bytes) — new uses preferred "" - "" format",nj-new-jersey-devils
DEACTIVATE,5033,NJ-New Jersey Devils,nj-new-jersey-devils,nj-new-jersey-devils.jpg,97975,"equal size (97975 bytes) — new uses preferred "" - "" format",
KEEP,13298,NJ - New Jersey Press,nj-new-jersey-press-v1,nj-new-jersey-press.png,80193,"equal size (80193 bytes) — new uses preferred "" - "" format",nj-new-jersey-press
DEACTIVATE,4991,NJ-New Jersey Press,nj-new-jersey-press,nj-mew-jersey-press.jpg,80193,"equal size (80193 bytes) — new uses preferred "" - "" format",
KEEP,13364,NJ - Notre Dame,nj-notre-dame-v1,nj-notre-dame.png,21139,"equal size (21139 bytes) — new uses preferred "" - "" format",nj-notre-dame
DEACTIVATE,4976,NJ-Notre Dame,nj-notre-dame,nj-notre-dame.gif,21139,"equal size (21139 bytes) — new uses preferred "" - "" format",
KEEP,13300,NJ - Npdf Safe Cop,nj-npdf-safe-cop-v1,nj-npdf-safe-cop.png,36352,"equal size (36352 bytes) — new uses preferred "" - "" format",nj-npdf-safe-cop
DEACTIVATE,4971,NJ-NPDF Safe Cop,nj-npdf-safe-cop,nj-npdf-safe-cop.gif,36352,"equal size (36352 bytes) — new uses preferred "" - "" format",
KEEP,13408,NJ - NY Knicks,nj-ny-knicks-v1,nj-ny-knicks.png,33999,"equal size (33999 bytes) — new uses preferred "" - "" format",nj-ny-knicks
DEACTIVATE,5035,NJ-NY Knicks,nj-ny-knicks,nj-ny-knicks.jpg,33999,"equal size (33999 bytes) — new uses preferred "" - "" format",
KEEP,13411,NJ - Olympic Spirit,nj-olympic-spirit-v1,nj-olympic-spirit.png,20308,"equal size (20308 bytes) — new uses preferred "" - "" format",nj-olympic-spirit
DEACTIVATE,5026,NJ-Olympic Spirit,nj-olympic-spirit,nj-olympic-spirit.gif,20308,"equal size (20308 bytes) — new uses preferred "" - "" format",
KEEP,13306,NJ - Omega Psi Phi,nj-omega-psi-phi-v1,nj-omega-psi-phi.png,29194,"equal size (29194 bytes) — new uses preferred "" - "" format",nj-omega-psi-phi
DEACTIVATE,4977,NJ-Omega Psi Phi,nj-omega-psi-phi,nj-omega-psi-phi.gif,29194,"equal size (29194 bytes) — new uses preferred "" - "" format",
KEEP,13385,NJ - Operating Engineers,nj-operating-engineers-v1,nj-operating-engineers.png,24411,"equal size (24411 bytes) — new uses preferred "" - "" format",nj-operating-engineers
DEACTIVATE,4972,NJ-Operating Engineers,nj-operating-engineers,nj-operating-engineers.gif,24411,"equal size (24411 bytes) — new uses preferred "" - "" format",
KEEP,13386,NJ - Organ Donor,nj-organ-donor-v1,nj-organ-donor.png,145852,"equal size (145852 bytes) — new uses preferred "" - "" format",nj-organ-donor
DEACTIVATE,5011,NJ-Organ Donor,nj-organ-donor,nj-organ-donor.jpg,145852,"equal size (145852 bytes) — new uses preferred "" - "" format",
KEEP,13331,NJ - Pearl Harbor 41,nj-pearl-harbor-41-v1,nj-pearl-harbor-41.png,24763,"equal size (24763 bytes) — new uses preferred "" - "" format",nj-pearl-harbor-41
DEACTIVATE,4944,NJ-Pearl Harbor 41,nj-pearl-harbor-41,nj-pearl-harbor-41.gif,24763,"equal size (24763 bytes) — new uses preferred "" - "" format",
KEEP,13365,NJ - Penn State Alum,nj-penn-state-alum-v1,nj-penn-state-alum.png,19914,"equal size (19914 bytes) — new uses preferred "" - "" format",nj-penn-state-alum
DEACTIVATE,4978,NJ-Penn State Alum,nj-penn-state-alum,nj-penn-state-alum.gif,19914,"equal size (19914 bytes) — new uses preferred "" - "" format",
KEEP,13412,NJ - Philadelphia 76Ers,nj-philadelphia-76ers-v1,nj-philadelphia-76ers.png,34700,"equal size (34700 bytes) — new uses preferred "" - "" format",nj-philadelphia-76ers
DEACTIVATE,5036,NJ-Philadelphia 76ers,nj-philadelphia-76ers,nj-philadelphia-76ers.jpg,34700,"equal size (34700 bytes) — new uses preferred "" - "" format",
KEEP,13413,NJ - Philadelphia Eagles,nj-philadelphia-eagles-v1,nj-philadelphia-eagles.png,218064,new image larger (218064 vs 34285 bytes),nj-philadelphia-eagles
DEACTIVATE,5038,NJ-Philadelphia Eagles,nj-philadelphia-eagles,nj-philadelphia-eagles.jpg,34285,new image larger (218064 vs 34285 bytes),
KEEP,13414,NJ - Philadelphia Flyers,nj-philadelphia-flyers-v1,nj-philadelphia-flyers.png,34811,"equal size (34811 bytes) — new uses preferred "" - "" format",nj-philadelphia-flyers
DEACTIVATE,5034,NJ-Philadelphia Flyers,nj-philadelphia-flyers,nj-philadelphia-flyers.jpg,34811,"equal size (34811 bytes) — new uses preferred "" - "" format",
KEEP,13415,NJ - Philadelphia Phillies,nj-philadelphia-phillies-v1,nj-philadelphia-phillies.png,35438,"equal size (35438 bytes) — new uses preferred "" - "" format",nj-philadelphia-phillies
DEACTIVATE,5031,NJ-Philadelphia Phillies,nj-philadelphia-phillies,nj-philadelphia-phillies.jpg,35438,"equal size (35438 bytes) — new uses preferred "" - "" format",
KEEP,13387,NJ - Physician MD,nj-physician-md-v1,nj-physician-md.png,18739,"equal size (18739 bytes) — new uses preferred "" - "" format",nj-physician-md
DEACTIVATE,4988,NJ-Physician-MD,nj-physician-md,nj-physician-md.gif,18739,"equal size (18739 bytes) — new uses preferred "" - "" format",
KEEP,13388,NJ - Physician Osteopathic,nj-physician-osteopathic-v1,nj-physician-osteopathic.png,17893,"equal size (17893 bytes) — new uses preferred "" - "" format",nj-physician-osteopathic
DEACTIVATE,4989,NJ-Physician-Osteopathic,nj-physician-osteopathic,nj-physician-osteopathic.gif,17893,"equal size (17893 bytes) — new uses preferred "" - "" format",
KEEP,13358,NJ - Pinelands,nj-pinelands-v1,nj-pinelands.png,32939,"equal size (32939 bytes) — new uses preferred "" - "" format",nj-pinelands
DEACTIVATE,5020,NJ-Pinelands,nj-pinelands,nj-pinelands.gif,32939,"equal size (32939 bytes) — new uses preferred "" - "" format",
KEEP,13389,NJ - Podiatrist,nj-podiatrist-v1,nj-podiatrist.png,18499,"equal size (18499 bytes) — new uses preferred "" - "" format",nj-podiatrist
DEACTIVATE,4990,NJ-Podiatrist,nj-podiatrist,nj-podiatrist.gif,18499,"equal size (18499 bytes) — new uses preferred "" - "" format",
KEEP,13307,NJ - Rotarian,nj-rotarian-v1,nj-rotarian.png,22353,"equal size (22353 bytes) — new uses preferred "" - "" format",nj-rotarian
DEACTIVATE,4966,NJ-Rotarian,nj-rotarian,nj-rotarian.gif,22353,"equal size (22353 bytes) — new uses preferred "" - "" format",
KEEP,13366,NJ - Rutgers,nj-rutgers-v1,nj-rutgers.png,19697,"equal size (19697 bytes) — new uses preferred "" - "" format",nj-rutgers
DEACTIVATE,4979,NJ-Rutgers,nj-rutgers,nj-rutgers.gif,19697,"equal size (19697 bytes) — new uses preferred "" - "" format",
KEEP,13367,NJ - Seton Hall,nj-seton-hall-v1,nj-seton-hall.png,23641,"equal size (23641 bytes) — new uses preferred "" - "" format",nj-seton-hall
DEACTIVATE,4980,NJ-Seton Hall,nj-seton-hall,nj-seton-hall.gif,23641,"equal size (23641 bytes) — new uses preferred "" - "" format",
KEEP,13359,NJ - Shore To Please,nj-shore-to-please-v1,nj-shore-to-please.png,23972,"equal size (23972 bytes) — new uses preferred "" - "" format",nj-shore-to-please
DEACTIVATE,5027,NJ-Shore to Please,nj-shore-to-please,nj-shore-to-please.gif,23972,"equal size (23972 bytes) — new uses preferred "" - "" format",
KEEP,13332,NJ - Silent Service,nj-silent-service-v1,nj-silent-service.png,22389,"equal size (22389 bytes) — new uses preferred "" - "" format",nj-silent-service
DEACTIVATE,4946,NJ-Silent Service,nj-silent-service,nj-silent-service.gif,22389,"equal size (22389 bytes) — new uses preferred "" - "" format",
KEEP,13333,NJ - Silver Star,nj-silver-star-v1,nj-silver-star.png,19890,"equal size (19890 bytes) — new uses preferred "" - "" format",nj-silver-star
DEACTIVATE,5009,NJ-Silver Star,nj-silver-star,nj-silver-star.gif,19890,"equal size (19890 bytes) — new uses preferred "" - "" format",
KEEP,13390,NJ - Square Dancer,nj-square-dancer-v1,nj-square-dancer.png,24551,"equal size (24551 bytes) — new uses preferred "" - "" format",nj-square-dancer
DEACTIVATE,4967,NJ-Square Dancer,nj-square-dancer,nj-square-dancer.gif,24551,"equal size (24551 bytes) — new uses preferred "" - "" format",
KEEP,13368,NJ - Stevens Tech,nj-stevens-tech-v1,nj-stevens-tech.png,20380,"equal size (20380 bytes) — new uses preferred "" - "" format",nj-stevens-tech
DEACTIVATE,4981,NJ-Stevens Tech.,nj-stevens-tech,nj-stevens-tech.gif,20380,"equal size (20380 bytes) — new uses preferred "" - "" format",
KEEP,13419,NJ - Street Rod,nj-street-rod-v1,nj-street-rod.png,105342,"equal size (105342 bytes) — new uses preferred "" - "" format",nj-street-rod
DEACTIVATE,5041,NJ-Street Rod,nj-street-rod,nj-street-rod.jpg,105342,"equal size (105342 bytes) — new uses preferred "" - "" format",
KEEP,13391,NJ - Teamsters,nj-teamsters-v1,nj-teamsters.png,22967,"equal size (22967 bytes) — new uses preferred "" - "" format",nj-teamsters
DEACTIVATE,4959,NJ-Teamsters,nj-teamsters,nj-teamsters.gif,22967,"equal size (22967 bytes) — new uses preferred "" - "" format",
KEEP,13392,NJ - Tele Pioneer,nj-tele-pioneer-v1,nj-tele-pioneer.png,20868,"equal size (20868 bytes) — new uses preferred "" - "" format",nj-tele-pioneer
DEACTIVATE,4968,NJ-Tele. Pioneer,nj-tele-pioneer,nj-tele-pioneer.gif,20868,"equal size (20868 bytes) — new uses preferred "" - "" format",
KEEP,13369,NJ - Temple Alumni,nj-temple-alumni-v1,nj-temple-alumni.png,18856,"equal size (18856 bytes) — new uses preferred "" - "" format",nj-temple-alumni
DEACTIVATE,4982,NJ-Temple Alumni,nj-temple-alumni,nj-temple-alumni.gif,18856,"equal size (18856 bytes) — new uses preferred "" - "" format",
KEEP,13334,NJ - Tin Can Sailors,nj-tin-can-sailors-v1,nj-tin-can-sailors.png,23268,"equal size (23268 bytes) — new uses preferred "" - "" format",nj-tin-can-sailors
DEACTIVATE,4947,NJ-Tin Can Sailors,nj-tin-can-sailors,nj-tin-can-sailors.gif,23268,"equal size (23268 bytes) — new uses preferred "" - "" format",
KEEP,13361,NJ - Treasure Our Trees,nj-treasure-our-trees-v1,nj-treasure-our-trees.png,153128,"equal size (153128 bytes) — new uses preferred "" - "" format",nj-treasure-our-trees
DEACTIVATE,5018,NJ-Treasure our trees,nj-treasure-our-trees,nj-treasure-our-trees.jpg,153128,"equal size (153128 bytes) — new uses preferred "" - "" format",
KEEP,13360,NJ - Treasure Our Trees Commercial,nj-treasure-our-trees-commercial-v1,nj-treasure-our-trees-commercial.png,154020,"equal size (154020 bytes) — new uses preferred "" - "" format",nj-treasure-our-trees-commercial
DEACTIVATE,5019,NJ-Treasure our trees-Commercial,nj-treasure-our-trees-commercial,nj-treasure-our-trees-commercial.jpg,154020,"equal size (154020 bytes) — new uses preferred "" - "" format",
KEEP,13370,NJ - U Of Delaware,nj-u-of-delaware-v1,nj-u-of-delaware.png,19480,"equal size (19480 bytes) — new uses preferred "" - "" format",nj-u-of-delaware
DEACTIVATE,4984,NJ-U of Delaware,nj-u-of-delaware,nj-u-of-delaware.gif,19480,"equal size (19480 bytes) — new uses preferred "" - "" format",
KEEP,13371,NJ - U Of Michigan,nj-u-of-michigan-v1,nj-u-of-michigan.png,18781,"equal size (18781 bytes) — new uses preferred "" - "" format",nj-u-of-michigan
DEACTIVATE,4983,NJ-U of Michigan,nj-u-of-michigan,nj-u-of-michigan.gif,18781,"equal size (18781 bytes) — new uses preferred "" - "" format",
KEEP,13362,NJ - United Bowhunters,nj-united-bowhunters-v1,nj-united-bowhunters.png,23505,"equal size (23505 bytes) — new uses preferred "" - "" format",nj-united-bowhunters
DEACTIVATE,4973,NJ-United Bowhunters,nj-united-bowhunters,nj-united-bowhunters.gif,23505,"equal size (23505 bytes) — new uses preferred "" - "" format",
KEEP,13393,NJ - United We Stand,nj-united-we-stand-v1,nj-united-we-stand.png,23020,"equal size (23020 bytes) — new uses preferred "" - "" format",nj-united-we-stand
DEACTIVATE,5021,NJ-United We Stand,nj-united-we-stand,nj-united-we-stand.gif,23020,"equal size (23020 bytes) — new uses preferred "" - "" format",
KEEP,13336,NJ - USAF Reserve,nj-usaf-reserve-v1,nj-usaf-reserve.png,20600,"equal size (20600 bytes) — new uses preferred "" - "" format",nj-usaf-reserve
DEACTIVATE,4997,NJ-USAF Reserve,nj-usaf-reserve,nj-usaf-reserve.gif,20600,"equal size (20600 bytes) — new uses preferred "" - "" format",
KEEP,13337,NJ - USAF Retired,nj-usaf-retired-v1,nj-usaf-retired.png,23207,"equal size (23207 bytes) — new uses preferred "" - "" format",nj-usaf-retired
DEACTIVATE,4950,NJ-USAF Retired,nj-usaf-retired,nj-usaf-retired.gif,23207,"equal size (23207 bytes) — new uses preferred "" - "" format",
KEEP,13338,NJ - USCG Auxiliary,nj-uscg-auxiliary-v1,nj-uscg-auxiliary.png,21726,"equal size (21726 bytes) — new uses preferred "" - "" format",nj-uscg-auxiliary
DEACTIVATE,4940,NJ-USCG Auxiliary,nj-uscg-auxiliary,nj-uscg-auxiliary.gif,21726,"equal size (21726 bytes) — new uses preferred "" - "" format",
KEEP,13339,NJ - USCG Reserve,nj-uscg-reserve-v1,nj-uscg-reserve.png,23093,"equal size (23093 bytes) — new uses preferred "" - "" format",nj-uscg-reserve
DEACTIVATE,4999,NJ-USCG Reserve,nj-uscg-reserve,nj-uscg-reserve.gif,23093,"equal size (23093 bytes) — new uses preferred "" - "" format",
KEEP,13340,NJ - USMC Reserve,nj-usmc-reserve-v1,nj-usmc-reserve.png,22085,"equal size (22085 bytes) — new uses preferred "" - "" format",nj-usmc-reserve
DEACTIVATE,5001,NJ-USMC Reserve,nj-usmc-reserve,nj-usmc-reserve.gif,22085,"equal size (22085 bytes) — new uses preferred "" - "" format",
KEEP,13341,NJ - Usn Reserve,nj-usn-reserve-v1,nj-usn-reserve.png,23186,"equal size (23186 bytes) — new uses preferred "" - "" format",nj-usn-reserve
DEACTIVATE,5002,NJ-USN Reserve,nj-usn-reserve,nj-usn-reserve.gif,23186,"equal size (23186 bytes) — new uses preferred "" - "" format",
KEEP,13342,NJ - Uss New Jersey Battleship,nj-uss-new-jersey-battleship-v1,nj-uss-new-jersey-battleship.png,35274,"equal size (35274 bytes) — new uses preferred "" - "" format",nj-uss-new-jersey-battleship
DEACTIVATE,5025,NJ-USS New Jersey Battleship,nj-uss-new-jersey-battleship,nj-uss-new-jersey-battleship.gif,35274,"equal size (35274 bytes) — new uses preferred "" - "" format",
KEEP,13343,NJ - VFW Of The US,nj-vfw-of-the-us-v1,nj-vfw-of-the-us.png,24788,"equal size (24788 bytes) — new uses preferred "" - "" format",nj-vfw-of-the-us
DEACTIVATE,4948,NJ-VFW of the US,nj-vfw-of-the-us,nj-vfw-of-the-us.gif,24788,"equal size (24788 bytes) — new uses preferred "" - "" format",
KEEP,13344,NJ - Vietnam Vets,nj-vietnam-vets-v1,nj-vietnam-vets.png,22891,"equal size (22891 bytes) — new uses preferred "" - "" format",nj-vietnam-vets
DEACTIVATE,4949,NJ-Vietnam Vets,nj-vietnam-vets,nj-vietnam-vets.gif,22891,"equal size (22891 bytes) — new uses preferred "" - "" format",
KEEP,13372,NJ - West Point,nj-west-point-v1,nj-west-point.png,22733,"equal size (22733 bytes) — new uses preferred "" - "" format",nj-west-point
DEACTIVATE,4953,NJ-West Point,nj-west-point,nj-west-point.gif,22733,"equal size (22733 bytes) — new uses preferred "" - "" format",
KEEP,13420,NJ - Wheelchair Symbol Plates,nj-wheelchair-symbol-plates-v1,nj-wheelchair-symbol-plates.png,84523,"equal size (84523 bytes) — new uses preferred "" - "" format",nj-wheelchair-symbol-plates
DEACTIVATE,5042,NJ-Wheelchair Symbol Plates,nj-wheelchair-symbol-plates,nj-wheelchair-symbol-plates.jpg,84523,"equal size (84523 bytes) — new uses preferred "" - "" format",
KEEP,13426,NL - Standard Issue 2024 Confederation,nl-standard-issue-2024-confederation-v1,nl-standard-issue-2024-confederation.png,1495445,new image larger (1495445 vs 633074 bytes),nl-standard-issue-2024-confederation
DEACTIVATE,13425,NL - Standard Issue 2024 Confederation,nl-standard-issue-2024-confederation,nl-standard-issue-2024-confederation.jpg,633074,new image larger (1495445 vs 633074 bytes),
KEEP,13432,NM - Autism Awareness,nm-autism-awareness-v1,nm-autism-awareness.png,112105,"equal size (112105 bytes) — new uses preferred "" - "" format",nm-autism-awareness
DEACTIVATE,5073,NM-Autism Awareness,nm-autism-awareness,nm-autism-awareness.jpg,112105,"equal size (112105 bytes) — new uses preferred "" - "" format",
KEEP,13430,NM - Bass Fishing,nm-bass-fishing-v1,nm-bass-fishing.png,111545,"equal size (111545 bytes) — new uses preferred "" - "" format",nm-bass-fishing
DEACTIVATE,5076,NM-Bass Fishing,nm-bass-fishing,nm-bass-fishing.jpg,111545,"equal size (111545 bytes) — new uses preferred "" - "" format",
KEEP,13433,NM - Boy Scouts Centennial,nm-boy-scouts-centennial-v1,nm-boy-scouts-centennial.png,101573,"equal size (101573 bytes) — new uses preferred "" - "" format",nm-boy-scouts-centennial
DEACTIVATE,5077,NM-Boy Scouts Centennial,nm-boy-scouts-centennial,nm-boy-scouts-centennial.jpg,101573,"equal size (101573 bytes) — new uses preferred "" - "" format",
KEEP,13434,NM - Breast Cancer Awareness,nm-breast-cancer-awareness-v1,nm-breast-cancer-awareness.png,103533,"equal size (103533 bytes) — new uses preferred "" - "" format",nm-breast-cancer-awareness
DEACTIVATE,5080,NM-Breast Cancer Awareness,nm-breast-cancer-awareness,nm-breast-cancer-awareness.jpg,103533,"equal size (103533 bytes) — new uses preferred "" - "" format",
KEEP,13436,NM - Childrens Trust Fund,nm-childrens-trust-fund-v1,nm-childrens-trust-fund.png,106565,"equal size (106565 bytes) — new uses preferred "" - "" format",nm-childrens-trust-fund
DEACTIVATE,5078,NM-Children's Trust Fund,nm-childrens-trust-fund,nm-children-s-trust-fund.jpg,106565,"equal size (106565 bytes) — new uses preferred "" - "" format",
KEEP,13435,NM - Childrens Trust Fund Motorcycle,nm-childrens-trust-fund-motorcycle-v1,nm-childrens-trust-fund-motorcycle.png,69304,"equal size (69304 bytes) — new uses preferred "" - "" format",nm-childrens-trust-fund-motorcycle
DEACTIVATE,5090,NM-Children's Trust Fund-Motorcycle,nm-childrens-trust-fund-motorcycle,nm-children-s-trust-fund-motorcycle.jpg,69304,"equal size (69304 bytes) — new uses preferred "" - "" format",
KEEP,13437,NM - Cumbres And Toltec Railway,nm-cumbres-and-toltec-railway-v1,nm-cumbres-and-toltec-railway.png,94783,"equal size (94783 bytes) — new uses preferred "" - "" format",nm-cumbres-and-toltec-railway
DEACTIVATE,5083,NM-Cumbres and Toltec Railway,nm-cumbres-and-toltec-railway,nm-cumbres-and-toltec-railway.jpg,94783,"equal size (94783 bytes) — new uses preferred "" - "" format",
KEEP,13431,NM - Farm And Ranch Heritage,nm-farm-and-ranch-heritage-v1,nm-farm-and-ranch-heritage.png,117206,"equal size (117206 bytes) — new uses preferred "" - "" format",nm-farm-and-ranch-heritage
DEACTIVATE,5084,NM-Farm And Ranch Heritage,nm-farm-and-ranch-heritage,nm-farm-and-ranch-heritage.jpg,117206,"equal size (117206 bytes) — new uses preferred "" - "" format",
KEEP,13427,NM - Firefighters,nm-firefighters-v1,nm-firefighters.png,33463,"equal size (33463 bytes) — new uses preferred "" - "" format",nm-firefighters
DEACTIVATE,5096,NM-Firefighters,nm-firefighters,nm-firefighters.jpg,33463,"equal size (33463 bytes) — new uses preferred "" - "" format",
KEEP,13438,NM - Las Cruces,nm-las-cruces-v1,nm-las-cruces.png,25850,"equal size (25850 bytes) — new uses preferred "" - "" format",nm-las-cruces
DEACTIVATE,5049,NM-Las Cruces,nm-las-cruces,nm-las-cruces-license-plate.jpg,25850,"equal size (25850 bytes) — new uses preferred "" - "" format",
KEEP,13439,NM - Organ Donor,nm-organ-donor-v1,nm-organ-donor.png,117853,"equal size (117853 bytes) — new uses preferred "" - "" format",nm-organ-donor
DEACTIVATE,5082,NM-Organ Donor,nm-organ-donor,nm-organ-donor.jpg,117853,"equal size (117853 bytes) — new uses preferred "" - "" format",
KEEP,13440,NM - Patriot,nm-patriot-v1,nm-patriot.png,92856,"equal size (92856 bytes) — new uses preferred "" - "" format",nm-patriot
DEACTIVATE,5074,NM-Patriot,nm-patriot,nm-patriot-license-plate.jpg,92856,"equal size (92856 bytes) — new uses preferred "" - "" format",
KEEP,13428,NM - Retired NM State Police,nm-retired-nm-state-police-v1,nm-retired-nm-state-police.png,114054,"equal size (114054 bytes) — new uses preferred "" - "" format",nm-retired-nm-state-police
DEACTIVATE,5094,NM-Retired NM State Police,nm-retired-nm-state-police,nm-retired-nm-state-police.jpg,114054,"equal size (114054 bytes) — new uses preferred "" - "" format",
KEEP,13429,NM - Volunteer Firefighters,nm-volunteer-firefighters-v1,nm-volunteer-firefighters.png,30838,"equal size (30838 bytes) — new uses preferred "" - "" format",nm-volunteer-firefighters
DEACTIVATE,5097,NM-Volunteer Firefighters,nm-volunteer-firefighters,nm-volunteer-firefighters.jpg,30838,"equal size (30838 bytes) — new uses preferred "" - "" format",
KEEP,13480,NV - Disabled Veteran,nv-disabled-veteran,nv-disabled-veteran.png,96413,old image larger (96413 vs 53249 bytes),
DEACTIVATE,13479,NV - Disabled Veteran v1,nv-disabled-veteran-v1,nv-disabled-veteran-v1.png,53249,old image larger (96413 vs 53249 bytes),
KEEP,13483,NV - Ducks Unlimited,nv-ducks-unlimited,nv-ducks-unlimited.jpg,950098,old image larger (950098 vs 48171 bytes),
DEACTIVATE,13482,NV - Ducks Unlimited v1,nv-ducks-unlimited-v1,nv-ducks-unlimited-v1.jpg,48171,old image larger (950098 vs 48171 bytes),
KEEP,4832,NV-Volunteer Firefighter,nv-volunteer-firefighter,nv-volunteer-firefighter.jpg,36743,old image larger (36743 vs 35483 bytes),
DEACTIVATE,13535,NV - Volunteer Firefighter v1,nv-volunteer-firefighter-v1,nv-volunteer-firefighter-v1.jpg,35483,old image larger (36743 vs 35483 bytes),
KEEP,13617,NY - Buffalo Bills,ny-buffalo-bills-v1,ny-buffalo-bills.png,24718,"equal size (24718 bytes) — new uses preferred "" - "" format",ny-buffalo-bills
DEACTIVATE,5214,NY-Buffalo Bills,ny-buffalo-bills,ny-buffalo-bills.jpg,24718,"equal size (24718 bytes) — new uses preferred "" - "" format",
KEEP,13576,NY - Capital Region,ny-capital-region-v1,ny-capital-region.png,26315,"equal size (26315 bytes) — new uses preferred "" - "" format",ny-capital-region
DEACTIVATE,5228,NY-Capital Region,ny-capital-region,ny-capital-region.jpg,26315,"equal size (26315 bytes) — new uses preferred "" - "" format",
KEEP,13578,NY - Central New York Region,ny-central-new-york-region-v1,ny-central-new-york-region.png,27756,"equal size (27756 bytes) — new uses preferred "" - "" format",ny-central-new-york-region
DEACTIVATE,5229,NY-Central New York Region,ny-central-new-york-region,ny-central-new-york-region.jpg,27756,"equal size (27756 bytes) — new uses preferred "" - "" format",
KEEP,13594,NY - Down Syndrome Awareness,ny-down-syndrome-awareness-v1,ny-down-syndrome-awareness.png,27623,"equal size (27623 bytes) — new uses preferred "" - "" format",ny-down-syndrome-awareness
DEACTIVATE,5264,NY-Down Syndrome Awareness,ny-down-syndrome-awareness,ny-down-syndrome-awareness.jpg,27623,"equal size (27623 bytes) — new uses preferred "" - "" format",
KEEP,13579,NY - Finger Lakes Region,ny-finger-lakes-region-v1,ny-finger-lakes-region.png,25973,"equal size (25973 bytes) — new uses preferred "" - "" format",ny-finger-lakes-region
DEACTIVATE,5230,NY-Finger Lakes Region,ny-finger-lakes-region,ny-finger-lakes-region.jpg,25973,"equal size (25973 bytes) — new uses preferred "" - "" format",
REVIEW,5246,NY-Iona College,ny-iona-college,ny-iona-college.png,65809,2 variants found — manual review needed,
REVIEW,13587,NY - Iona College v1,ny-iona-college-v1,ny-iona-college-v1.png,65809,2 variants found — manual review needed,
REVIEW,13588,NY - Iona College v2,ny-iona-college-v2,ny-iona-college-v2.png,150684,2 variants found — manual review needed,
KEEP,13580,NY - Long Island Region,ny-long-island-region-v1,ny-long-island-region.png,36847,new image larger (36847 vs 22321 bytes),ny-long-island-region
DEACTIVATE,5240,NY-Long Island Region,ny-long-island-region,ny-long-island-region.jpg,22321,new image larger (36847 vs 22321 bytes),
KEEP,13581,NY - Mid Hudson Region,ny-mid-hudson-region-v1,ny-mid-hudson-region.png,40327,new image larger (40327 vs 24342 bytes),ny-mid-hudson-region
DEACTIVATE,5231,NY-Mid-Hudson Region,ny-mid-hudson-region,ny-mid-hudson-region.jpg,24342,new image larger (40327 vs 24342 bytes),
KEEP,13582,NY - Mohawk Valley Region,ny-mohawk-valley-region-v1,ny-mohawk-valley-region.png,236821,new image larger (236821 vs 29199 bytes),ny-mohawk-valley-region
DEACTIVATE,5232,NY-Mohawk Valley Region,ny-mohawk-valley-region,ny-mohawk-valley-region.jpg,29199,new image larger (236821 vs 29199 bytes),
KEEP,13619,NY - Nascar Denny Hamlin,ny-nascar-denny-hamlin-v1,ny-nascar-denny-hamlin.png,79577,"equal size (79577 bytes) — new uses preferred "" - "" format",ny-nascar-denny-hamlin
DEACTIVATE,5197,NY-NASCAR-Denny Hamlin,ny-nascar-denny-hamlin,ny-denny-hamlin.png,79577,"equal size (79577 bytes) — new uses preferred "" - "" format",
KEEP,13620,NY - Nascar Kevin Harvick,ny-nascar-kevin-harvick-v1,ny-nascar-kevin-harvick.png,76006,"equal size (76006 bytes) — new uses preferred "" - "" format",ny-nascar-kevin-harvick
DEACTIVATE,5198,NY-NASCAR-Kevin Harvick,ny-nascar-kevin-harvick,ny-kevin-harvick.png,76006,"equal size (76006 bytes) — new uses preferred "" - "" format",
KEEP,13622,NY - Nascar Martin Truex Jr,ny-nascar-martin-truex-jr-v1,ny-nascar-martin-truex-jr.png,75399,"equal size (75399 bytes) — new uses preferred "" - "" format",ny-nascar-martin-truex-jr
DEACTIVATE,5199,NY-NASCAR-Martin Truex Jr.,ny-nascar-martin-truex-jr,ny-martin-truex-jr.png,75399,"equal size (75399 bytes) — new uses preferred "" - "" format",
KEEP,13623,NY - Nascar Richard Petty Historical,ny-nascar-richard-petty-historical-v1,ny-nascar-richard-petty-historical.png,86723,"equal size (86723 bytes) — new uses preferred "" - "" format",ny-nascar-richard-petty-historical
DEACTIVATE,5203,NY-NASCAR-Richard Petty Historical,ny-nascar-richard-petty-historical,ny-richard-petty-historical.png,86723,"equal size (86723 bytes) — new uses preferred "" - "" format",
KEEP,13624,NY - Nascar Ross Chastain,ny-nascar-ross-chastain-v1,ny-nascar-ross-chastain.png,120097,"equal size (120097 bytes) — new uses preferred "" - "" format",ny-nascar-ross-chastain
DEACTIVATE,5204,NY-NASCAR-Ross Chastain,ny-nascar-ross-chastain,ny-ross-chastain.png,120097,"equal size (120097 bytes) — new uses preferred "" - "" format",
KEEP,13583,NY - New York City Region,ny-new-york-city-region-v1,ny-new-york-city-region.png,40842,new image larger (40842 vs 25065 bytes),ny-new-york-city-region
DEACTIVATE,5241,NY-New York City Region,ny-new-york-city-region,ny-new-york-city-region.jpg,25065,new image larger (40842 vs 25065 bytes),
REVIEW,5215,NY-New York Giants,ny-new-york-giants,ny-new-york-giants.png,69007,2 variants found — manual review needed,
REVIEW,13625,NY - New York Giants v1,ny-new-york-giants-v1,ny-new-york-giants-v1.png,69007,2 variants found — manual review needed,
REVIEW,13626,NY - New York Giants v2,ny-new-york-giants-v2,ny-new-york-giants-v2.png,274112,2 variants found — manual review needed,
REVIEW,5217,NY-New York Jets,ny-new-york-jets,ny-new-york-jets.png,67578,2 variants found — manual review needed,
REVIEW,13627,NY - New York Jets v1,ny-new-york-jets-v1,ny-new-york-jets-v1.png,67578,2 variants found — manual review needed,
REVIEW,13628,NY - New York Jets v2,ny-new-york-jets-v2,ny-new-york-jets-v2.png,244978,2 variants found — manual review needed,
KEEP,13629,NY - New York Knicks,ny-new-york-knicks-v1,ny-new-york-knicks.png,85935,"equal size (85935 bytes) — new uses preferred "" - "" format",ny-new-york-knicks
DEACTIVATE,5195,NY-New York Knicks,ny-new-york-knicks,ny-ny-knicks.png,85935,"equal size (85935 bytes) — new uses preferred "" - "" format",
KEEP,13584,NY - North Country Region,ny-north-country-region-v1,ny-north-country-region.png,52047,new image larger (52047 vs 21923 bytes),ny-north-country-region
DEACTIVATE,5233,NY-North Country Region,ny-north-country-region,ny-north-country-region.jpg,21923,new image larger (52047 vs 21923 bytes),
KEEP,13585,NY - Southern Tier Region,ny-southern-tier-region-v1,ny-southern-tier-region.png,41726,new image larger (41726 vs 24667 bytes),ny-southern-tier-region
DEACTIVATE,5237,NY-Southern Tier Region,ny-southern-tier-region,ny-southern-tier-region.jpg,24667,new image larger (41726 vs 24667 bytes),
KEEP,13586,NY - Western New York Region,ny-western-new-york-region-v1,ny-western-new-york-region.png,36328,new image larger (36328 vs 22060 bytes),ny-western-new-york-region
DEACTIVATE,5238,NY-Western New York Region,ny-western-new-york-region,ny-western-new-york-region.jpg,22060,new image larger (36328 vs 22060 bytes),
KEEP,13828,OH - A Kid Again Where Illness Stops And Adventure Begins,oh-a-kid-again-where-illness-stops-and-adventure-begins-v1,oh-a-kid-again-where-illness-stops-and-adventure-begins.png,31361,"equal size (31361 bytes) — new uses preferred "" - "" format",oh-a-kid-again-where-illness-stops-and-adventure-begins
DEACTIVATE,5810,OH-A Kid Again Where Illness Stops and Adventure Begins,oh-a-kid-again-where-illness-stops-and-adventure-begins,OH-A-Kid-Again-Where-Illness-Stops-and-Adventure-Begins.jpg,31361,"equal size (31361 bytes) — new uses preferred "" - "" format",
KEEP,13663,OH - Air Force Commendation Medal For Valor,oh-air-force-commendation-medal-for-valor-v1,oh-air-force-commendation-medal-for-valor.png,82587,"equal size (82587 bytes) — new uses preferred "" - "" format",oh-air-force-commendation-medal-for-valor
DEACTIVATE,5811,OH-Air Force Commendation Medal For Valor,oh-air-force-commendation-medal-for-valor,OH-Air-Force-Commendation-Medal-For-Valor.jpg,82587,"equal size (82587 bytes) — new uses preferred "" - "" format",
KEEP,13664,OH - Air Force Cross For Valor,oh-air-force-cross-for-valor-v1,oh-air-force-cross-for-valor.png,32443,"equal size (32443 bytes) — new uses preferred "" - "" format",oh-air-force-cross-for-valor
DEACTIVATE,5812,OH-Air Force Cross For Valor,oh-air-force-cross-for-valor,OH-Air-Force-Cross-For-Valor.jpg,32443,"equal size (32443 bytes) — new uses preferred "" - "" format",
KEEP,13666,OH - Air Medal,oh-air-medal-v1,oh-air-medal.png,77146,"equal size (77146 bytes) — new uses preferred "" - "" format",oh-air-medal
DEACTIVATE,5814,OH-Air Medal,oh-air-medal,OH-Air-Medal.jpg,77146,"equal size (77146 bytes) — new uses preferred "" - "" format",
KEEP,13665,OH - Air Medal For Valor,oh-air-medal-for-valor-v1,oh-air-medal-for-valor.png,32451,"equal size (32451 bytes) — new uses preferred "" - "" format",oh-air-medal-for-valor
DEACTIVATE,5813,OH-Air Medal For Valor,oh-air-medal-for-valor,OH-Air-Medal-For-Valor.jpg,32451,"equal size (32451 bytes) — new uses preferred "" - "" format",
KEEP,13643,OH - Alpha Kappa Alpha,oh-alpha-kappa-alpha-v1,oh-alpha-kappa-alpha.png,32067,"equal size (32067 bytes) — new uses preferred "" - "" format",oh-alpha-kappa-alpha
DEACTIVATE,5816,OH-Alpha Kappa Alpha,oh-alpha-kappa-alpha,OH-Alpha-Kappa-Alpha.jpg,32067,"equal size (32067 bytes) — new uses preferred "" - "" format",
KEEP,13644,OH - Alpha Phi Alpha,oh-alpha-phi-alpha-v1,oh-alpha-phi-alpha.png,33389,"equal size (33389 bytes) — new uses preferred "" - "" format",oh-alpha-phi-alpha
DEACTIVATE,5817,OH-Alpha Phi Alpha,oh-alpha-phi-alpha,OH-Alpha-Phi-Alpha.jpg,33389,"equal size (33389 bytes) — new uses preferred "" - "" format",
KEEP,13900,OH - Amateur Radio,oh-amateur-radio-v1,oh-amateur-radio.png,29837,"equal size (29837 bytes) — new uses preferred "" - "" format",oh-amateur-radio
DEACTIVATE,5818,OH-Amateur Radio,oh-amateur-radio,OH-Amateur-Radio.jpg,29837,"equal size (29837 bytes) — new uses preferred "" - "" format",
KEEP,13637,OH - Ambulance,oh-ambulance-v1,oh-ambulance.png,28918,"equal size (28918 bytes) — new uses preferred "" - "" format",oh-ambulance
DEACTIVATE,5819,OH-Ambulance,oh-ambulance,OH-Ambulance.jpg,28918,"equal size (28918 bytes) — new uses preferred "" - "" format",
KEEP,13638,OH - Ambulette,oh-ambulette-v1,oh-ambulette.png,28955,"equal size (28955 bytes) — new uses preferred "" - "" format",oh-ambulette
DEACTIVATE,5820,OH-Ambulette,oh-ambulette,OH-Ambulette.jpg,28955,"equal size (28955 bytes) — new uses preferred "" - "" format",
KEEP,13829,OH - American Red Cross,oh-american-red-cross-v1,oh-american-red-cross.png,31992,"equal size (31992 bytes) — new uses preferred "" - "" format",oh-american-red-cross
DEACTIVATE,5821,OH-American Red Cross,oh-american-red-cross,OH-American-Red-Cross.jpg,31992,"equal size (31992 bytes) — new uses preferred "" - "" format",
KEEP,13780,OH - Archbishop Moeller High School Crusaders,oh-archbishop-moeller-high-school-crusaders-v1,oh-archbishop-moeller-high-school-crusaders.png,73420,"equal size (73420 bytes) — new uses preferred "" - "" format",oh-archbishop-moeller-high-school-crusaders
DEACTIVATE,5822,OH-Archbishop Moeller High School Crusaders,oh-archbishop-moeller-high-school-crusaders,OH-Archbishop-Moeller-High-School-Crusaders.jpg,73420,"equal size (73420 bytes) — new uses preferred "" - "" format",
KEEP,13668,OH - Army Commendation Medal For Valor,oh-army-commendation-medal-for-valor-v1,oh-army-commendation-medal-for-valor.png,32548,"equal size (32548 bytes) — new uses preferred "" - "" format",oh-army-commendation-medal-for-valor
DEACTIVATE,5823,OH-Army Commendation Medal For Valor,oh-army-commendation-medal-for-valor,OH-Army-Commendation-Medal-For-Valor.jpg,32548,"equal size (32548 bytes) — new uses preferred "" - "" format",
KEEP,13669,OH - Army Distinguished Service Cross For Valor,oh-army-distinguished-service-cross-for-valor-v1,oh-army-distinguished-service-cross-for-valor.png,32581,"equal size (32581 bytes) — new uses preferred "" - "" format",oh-army-distinguished-service-cross-for-valor
DEACTIVATE,5824,OH-Army Distinguished Service Cross For Valor,oh-army-distinguished-service-cross-for-valor,OH-Army-Distinguished-Service-Cross-For-Valor.jpg,32581,"equal size (32581 bytes) — new uses preferred "" - "" format",
KEEP,13670,OH - Army US Armed Forces Active Duty,oh-army-us-armed-forces-active-duty-v1,oh-army-us-armed-forces-active-duty.png,36438,"equal size (36438 bytes) — new uses preferred "" - "" format",oh-army-us-armed-forces-active-duty
DEACTIVATE,5825,OH-Army US Armed Forces Active Duty,oh-army-us-armed-forces-active-duty,OH-Army-US-Armed-Forces-Active-Duty.jpg,36438,"equal size (36438 bytes) — new uses preferred "" - "" format",
KEEP,13671,OH - Army US Armed Forces Reserve,oh-army-us-armed-forces-reserve-v1,oh-army-us-armed-forces-reserve.png,36238,"equal size (36238 bytes) — new uses preferred "" - "" format",oh-army-us-armed-forces-reserve
DEACTIVATE,5826,OH-Army US Armed Forces Reserve,oh-army-us-armed-forces-reserve,OH-Army-US-Armed-Forces-Reserve.jpg,36238,"equal size (36238 bytes) — new uses preferred "" - "" format",
KEEP,13672,OH - Army US Armed Forces Retired,oh-army-us-armed-forces-retired-v1,oh-army-us-armed-forces-retired.png,36024,"equal size (36024 bytes) — new uses preferred "" - "" format",oh-army-us-armed-forces-retired
DEACTIVATE,5827,OH-Army US Armed Forces Retired,oh-army-us-armed-forces-retired,OH-Army-US-Armed-Forces-Retired.jpg,36024,"equal size (36024 bytes) — new uses preferred "" - "" format",
KEEP,13673,OH - Army US Armed Forces Veteran,oh-army-us-armed-forces-veteran-v1,oh-army-us-armed-forces-veteran.png,35591,"equal size (35591 bytes) — new uses preferred "" - "" format",oh-army-us-armed-forces-veteran
DEACTIVATE,5828,OH-Army US Armed Forces Veteran,oh-army-us-armed-forces-veteran,OH-Army-US-Armed-Forces-Veteran.jpg,35591,"equal size (35591 bytes) — new uses preferred "" - "" format",
KEEP,13781,OH - Ashland University,oh-ashland-university-v1,oh-ashland-university.png,34703,"equal size (34703 bytes) — new uses preferred "" - "" format",oh-ashland-university
DEACTIVATE,5829,OH-Ashland University,oh-ashland-university,OH-Ashland-University.jpg,34703,"equal size (34703 bytes) — new uses preferred "" - "" format",
KEEP,13896,OH - Baseball For All,oh-baseball-for-all-v1,oh-baseball-for-all.png,34505,"equal size (34505 bytes) — new uses preferred "" - "" format",oh-baseball-for-all
DEACTIVATE,5831,OH-Baseball For All,oh-baseball-for-all,OH-Baseball-For-All.jpg,34505,"equal size (34505 bytes) — new uses preferred "" - "" format",
KEEP,13782,OH - Bowling Green State University,oh-bowling-green-state-university-v1,oh-bowling-green-state-university.png,33527,"equal size (33527 bytes) — new uses preferred "" - "" format",oh-bowling-green-state-university
DEACTIVATE,5832,OH-Bowling Green State University,oh-bowling-green-state-university,OH-Bowling-Green-State-University.jpg,33527,"equal size (33527 bytes) — new uses preferred "" - "" format",
KEEP,13831,OH - Boy Scouts Of America,oh-boy-scouts-of-america-v1,oh-boy-scouts-of-america.png,32916,"equal size (32916 bytes) — new uses preferred "" - "" format",oh-boy-scouts-of-america
DEACTIVATE,5833,OH-Boy Scouts of America,oh-boy-scouts-of-america,OH-Boy-Scouts-of-America.jpg,32916,"equal size (32916 bytes) — new uses preferred "" - "" format",
KEEP,13832,OH - Breast Cancer Fund Of Ohio,oh-breast-cancer-fund-of-ohio-v1,oh-breast-cancer-fund-of-ohio.png,31775,"equal size (31775 bytes) — new uses preferred "" - "" format",oh-breast-cancer-fund-of-ohio
DEACTIVATE,5834,OH-Breast Cancer Fund of Ohio,oh-breast-cancer-fund-of-ohio,OH-Breast-Cancer-Fund-of-Ohio.jpg,31775,"equal size (31775 bytes) — new uses preferred "" - "" format",
KEEP,13783,OH - Brecksville Broadview Heights School,oh-brecksville-broadview-heights-school-v1,oh-brecksville-broadview-heights-school.png,33719,"equal size (33719 bytes) — new uses preferred "" - "" format",oh-brecksville-broadview-heights-school
DEACTIVATE,5835,OH-Brecksville Broadview Heights School,oh-brecksville-broadview-heights-school,OH-Brecksville-Broadview-Heights-School.jpg,33719,"equal size (33719 bytes) — new uses preferred "" - "" format",
KEEP,13674,OH - Bronze Star Combat Veteran,oh-bronze-star-combat-veteran-v1,oh-bronze-star-combat-veteran.png,33548,"equal size (33548 bytes) — new uses preferred "" - "" format",oh-bronze-star-combat-veteran
DEACTIVATE,5836,OH-Bronze Star Combat Veteran,oh-bronze-star-combat-veteran,OH-Bronze-Star-Combat-Veteran.jpg,33548,"equal size (33548 bytes) — new uses preferred "" - "" format",
KEEP,13675,OH - Bronze Star For Valor,oh-bronze-star-for-valor-v1,oh-bronze-star-for-valor.png,32940,"equal size (32940 bytes) — new uses preferred "" - "" format",oh-bronze-star-for-valor
DEACTIVATE,5837,OH-Bronze Star For Valor,oh-bronze-star-for-valor,OH-Bronze-Star-For-Valor.jpg,32940,"equal size (32940 bytes) — new uses preferred "" - "" format",
KEEP,13833,OH - Buckeye Corvettes,oh-buckeye-corvettes-v1,oh-buckeye-corvettes.png,34317,"equal size (34317 bytes) — new uses preferred "" - "" format",oh-buckeye-corvettes
DEACTIVATE,5838,OH-Buckeye Corvettes,oh-buckeye-corvettes,OH-Buckeye-Corvettes.jpg,34317,"equal size (34317 bytes) — new uses preferred "" - "" format",
KEEP,13834,OH - Bully Free Car,oh-bully-free-car-v1,oh-bully-free-car.png,33050,"equal size (33050 bytes) — new uses preferred "" - "" format",oh-bully-free-car
DEACTIVATE,5839,OH-Bully Free Car,oh-bully-free-car,OH-Bully-Free-Car.jpg,33050,"equal size (33050 bytes) — new uses preferred "" - "" format",
KEEP,13754,OH - Camp Bus,oh-camp-bus-v1,oh-camp-bus.png,28919,"equal size (28919 bytes) — new uses preferred "" - "" format",oh-camp-bus
DEACTIVATE,5840,OH-Camp Bus,oh-camp-bus,OH-Camp-Bus.jpg,28919,"equal size (28919 bytes) — new uses preferred "" - "" format",
KEEP,13784,OH - Canton Mckinley Bulldogs,oh-canton-mckinley-bulldogs-v1,oh-canton-mckinley-bulldogs.png,35203,"equal size (35203 bytes) — new uses preferred "" - "" format",oh-canton-mckinley-bulldogs
DEACTIVATE,5841,OH-Canton McKinley Bulldogs,oh-canton-mckinley-bulldogs,OH-Canton-McKinley-Bulldogs.jpg,35203,"equal size (35203 bytes) — new uses preferred "" - "" format",
KEEP,13835,OH - Carpenters Union Proud Union Member,oh-carpenters-union-proud-union-member-v1,oh-carpenters-union-proud-union-member.png,34624,"equal size (34624 bytes) — new uses preferred "" - "" format",oh-carpenters-union-proud-union-member
DEACTIVATE,5842,OH-Carpenters Union Proud Union Member,oh-carpenters-union-proud-union-member,OH-Carpenters-Union-Proud-Union-Member.jpg,34624,"equal size (34624 bytes) — new uses preferred "" - "" format",
KEEP,13785,OH - Case Western Reserve University,oh-case-western-reserve-university-v1,oh-case-western-reserve-university.png,31494,"equal size (31494 bytes) — new uses preferred "" - "" format",oh-case-western-reserve-university
DEACTIVATE,5843,OH-Case Western Reserve University,oh-case-western-reserve-university,OH-Case-Western-Reserve-University.jpg,31494,"equal size (31494 bytes) — new uses preferred "" - "" format",
KEEP,13836,OH - Celebrate Kids Casa,oh-celebrate-kids-casa-v1,oh-celebrate-kids-casa.png,32805,"equal size (32805 bytes) — new uses preferred "" - "" format",oh-celebrate-kids-casa
DEACTIVATE,5844,OH-Celebrate Kids CASA,oh-celebrate-kids-casa,OH-Celebrate-Kids-CASA.jpg,32805,"equal size (32805 bytes) — new uses preferred "" - "" format",
KEEP,13786,OH - Central State University,oh-central-state-university-v1,oh-central-state-university.png,33959,"equal size (33959 bytes) — new uses preferred "" - "" format",oh-central-state-university
DEACTIVATE,5845,OH-Central State University,oh-central-state-university,OH-Central-State-University.jpg,33959,"equal size (33959 bytes) — new uses preferred "" - "" format",
KEEP,13837,OH - Childhood Cancer Awareness,oh-childhood-cancer-awareness-v1,oh-childhood-cancer-awareness.png,32781,"equal size (32781 bytes) — new uses preferred "" - "" format",oh-childhood-cancer-awareness
DEACTIVATE,5846,OH-Childhood Cancer Awareness,oh-childhood-cancer-awareness,OH-Childhood-Cancer-Awareness.jpg,32781,"equal size (32781 bytes) — new uses preferred "" - "" format",
KEEP,13839,OH - Circleville Pumpkin Show,oh-circleville-pumpkin-show-v1,oh-circleville-pumpkin-show.png,62831,"equal size (62831 bytes) — new uses preferred "" - "" format",oh-circleville-pumpkin-show
DEACTIVATE,5848,OH-Circleville Pumpkin Show,oh-circleville-pumpkin-show,OH-Circleville-Pumpkin-Show.jpg,62831,"equal size (62831 bytes) — new uses preferred "" - "" format",
KEEP,13676,OH - Civil Air Patrol,oh-civil-air-patrol-v1,oh-civil-air-patrol.png,32401,"equal size (32401 bytes) — new uses preferred "" - "" format",oh-civil-air-patrol
DEACTIVATE,5849,OH-Civil Air Patrol,oh-civil-air-patrol,OH-Civil-Air-Patrol.jpg,32401,"equal size (32401 bytes) — new uses preferred "" - "" format",
KEEP,13841,OH - Coal Keeps The Lights On Friends Of Coal,oh-coal-keeps-the-lights-on-friends-of-coal-v1,oh-coal-keeps-the-lights-on-friends-of-coal.png,31125,"equal size (31125 bytes) — new uses preferred "" - "" format",oh-coal-keeps-the-lights-on-friends-of-coal
DEACTIVATE,5851,OH-Coal Keeps The Lights On Friends Of Coal,oh-coal-keeps-the-lights-on-friends-of-coal,OH-Coal-Keeps-The-Lights-On-Friends-Of-Coal.jpg,31125,"equal size (31125 bytes) — new uses preferred "" - "" format",
KEEP,13677,OH - Coast Guard Combat Action Ribbon Combat Veteran,oh-coast-guard-combat-action-ribbon-combat-veteran-v1,oh-coast-guard-combat-action-ribbon-combat-veteran.png,32798,"equal size (32798 bytes) — new uses preferred "" - "" format",oh-coast-guard-combat-action-ribbon-combat-veteran
DEACTIVATE,5852,OH-Coast Guard Combat Action Ribbon Combat Veteran,oh-coast-guard-combat-action-ribbon-combat-veteran,OH-Coast-Guard-Combat-Action-Ribbon-Combat-Veteran.jpg,32798,"equal size (32798 bytes) — new uses preferred "" - "" format",
KEEP,13678,OH - Coast Guard Commendation Medal For Valor,oh-coast-guard-commendation-medal-for-valor-v1,oh-coast-guard-commendation-medal-for-valor.png,32843,"equal size (32843 bytes) — new uses preferred "" - "" format",oh-coast-guard-commendation-medal-for-valor
DEACTIVATE,5853,OH-Coast Guard Commendation Medal For Valor,oh-coast-guard-commendation-medal-for-valor,OH-Coast-Guard-Commendation-Medal-For-Valor.jpg,32843,"equal size (32843 bytes) — new uses preferred "" - "" format",
KEEP,13679,OH - Coast Guard Cross For Valor,oh-coast-guard-cross-for-valor-v1,oh-coast-guard-cross-for-valor.png,33099,"equal size (33099 bytes) — new uses preferred "" - "" format",oh-coast-guard-cross-for-valor
DEACTIVATE,5854,OH-Coast Guard Cross For Valor,oh-coast-guard-cross-for-valor,OH-Coast-Guard-Cross-For-Valor.jpg,33099,"equal size (33099 bytes) — new uses preferred "" - "" format",
KEEP,13680,OH - Coast Guard Medal For Heroism,oh-coast-guard-medal-for-heroism-v1,oh-coast-guard-medal-for-heroism.png,33596,"equal size (33596 bytes) — new uses preferred "" - "" format",oh-coast-guard-medal-for-heroism
DEACTIVATE,5855,OH-Coast Guard Medal For Heroism,oh-coast-guard-medal-for-heroism,OH-Coast-Guard-Medal-For-Heroism.jpg,33596,"equal size (33596 bytes) — new uses preferred "" - "" format",
KEEP,13901,OH - Collector,oh-collector-v1,oh-collector.png,28766,"equal size (28766 bytes) — new uses preferred "" - "" format",oh-collector
DEACTIVATE,5856,OH-Collector,oh-collector,OH-Collector.jpg,28766,"equal size (28766 bytes) — new uses preferred "" - "" format",
KEEP,13681,OH - Combat Action Badge Combat Veteran,oh-combat-action-badge-combat-veteran-v1,oh-combat-action-badge-combat-veteran.png,32281,"equal size (32281 bytes) — new uses preferred "" - "" format",oh-combat-action-badge-combat-veteran
DEACTIVATE,5857,OH-Combat Action Badge Combat Veteran,oh-combat-action-badge-combat-veteran,OH-Combat-Action-Badge-Combat-Veteran.jpg,32281,"equal size (32281 bytes) — new uses preferred "" - "" format",
KEEP,13682,OH - Combat Action Ribbon Combat Veteran,oh-combat-action-ribbon-combat-veteran-v1,oh-combat-action-ribbon-combat-veteran.png,32068,"equal size (32068 bytes) — new uses preferred "" - "" format",oh-combat-action-ribbon-combat-veteran
DEACTIVATE,5858,OH-Combat Action Ribbon Combat Veteran,oh-combat-action-ribbon-combat-veteran,OH-Combat-Action-Ribbon-Combat-Veteran.jpg,32068,"equal size (32068 bytes) — new uses preferred "" - "" format",
KEEP,13683,OH - Combat Medal,oh-combat-medal-v1,oh-combat-medal.png,32958,"equal size (32958 bytes) — new uses preferred "" - "" format",oh-combat-medal
DEACTIVATE,5859,OH-Combat Medal,oh-combat-medal,OH-Combat-Medal.jpg,32958,"equal size (32958 bytes) — new uses preferred "" - "" format",
KEEP,13684,OH - Combat Medical Badge Combat Veteran,oh-combat-medical-badge-combat-veteran-v1,oh-combat-medical-badge-combat-veteran.png,32107,"equal size (32107 bytes) — new uses preferred "" - "" format",oh-combat-medical-badge-combat-veteran
DEACTIVATE,5860,OH-Combat Medical Badge Combat Veteran,oh-combat-medical-badge-combat-veteran,OH-Combat-Medical-Badge-Combat-Veteran.jpg,32107,"equal size (32107 bytes) — new uses preferred "" - "" format",
KEEP,13842,OH - Commodore,oh-commodore-v1,oh-commodore.png,29315,"equal size (29315 bytes) — new uses preferred "" - "" format",oh-commodore
DEACTIVATE,5861,OH-Commodore,oh-commodore,OH-Commodore.jpg,29315,"equal size (29315 bytes) — new uses preferred "" - "" format",
KEEP,13685,OH - Conbat Infantryman Badge No Star,oh-conbat-infantryman-badge-no-star-v1,oh-conbat-infantryman-badge-no-star.png,31474,"equal size (31474 bytes) — new uses preferred "" - "" format",oh-conbat-infantryman-badge-no-star
DEACTIVATE,5862,OH-Conbat Infantryman Badge No Star,oh-conbat-infantryman-badge-no-star,OH-Conbat-Infantryman-Badge-No-Star.jpg,31474,"equal size (31474 bytes) — new uses preferred "" - "" format",
KEEP,13686,OH - Conbat Infantryman Badge One Star,oh-conbat-infantryman-badge-one-star-v1,oh-conbat-infantryman-badge-one-star.png,74280,"equal size (74280 bytes) — new uses preferred "" - "" format",oh-conbat-infantryman-badge-one-star
DEACTIVATE,5863,OH-Conbat Infantryman Badge One Star,oh-conbat-infantryman-badge-one-star,OH-Conbat-Infantryman-Badge-One-Star.jpg,74280,"equal size (74280 bytes) — new uses preferred "" - "" format",
KEEP,13687,OH - Conbat Infantryman Badge Two Star,oh-conbat-infantryman-badge-two-star-v1,oh-conbat-infantryman-badge-two-star.png,73929,"equal size (73929 bytes) — new uses preferred "" - "" format",oh-conbat-infantryman-badge-two-star
DEACTIVATE,5864,OH-Conbat Infantryman Badge Two Star,oh-conbat-infantryman-badge-two-star,OH-Conbat-Infantryman-Badge-Two-Star.jpg,73929,"equal size (73929 bytes) — new uses preferred "" - "" format",
KEEP,13787,OH - Cuyahoga Heights Schools,oh-cuyahoga-heights-schools-v1,oh-cuyahoga-heights-schools.png,32660,"equal size (32660 bytes) — new uses preferred "" - "" format",oh-cuyahoga-heights-schools
DEACTIVATE,5865,OH-Cuyahoga Heights Schools,oh-cuyahoga-heights-schools,OH-Cuyahoga-Heights-Schools.jpg,32660,"equal size (32660 bytes) — new uses preferred "" - "" format",
KEEP,13762,OH - Cuyahoga Valley,oh-cuyahoga-valley-v1,oh-cuyahoga-valley.png,34289,"equal size (34289 bytes) — new uses preferred "" - "" format",oh-cuyahoga-valley
DEACTIVATE,5868,OH-Cuyahoga Valley,oh-cuyahoga-valley,OH-Cuyahoga-Valley.jpg,34289,"equal size (34289 bytes) — new uses preferred "" - "" format",
KEEP,13843,OH - Cuyahoga Valley Career Center,oh-cuyahoga-valley-career-center-v1,oh-cuyahoga-valley-career-center.png,31121,"equal size (31121 bytes) — new uses preferred "" - "" format",oh-cuyahoga-valley-career-center
DEACTIVATE,5866,OH-Cuyahoga Valley Career Center,oh-cuyahoga-valley-career-center,OH-Cuyahoga-Valley-Career-Center.jpg,31121,"equal size (31121 bytes) — new uses preferred "" - "" format",
KEEP,13761,OH - Cuyahoga Valley Scenic Railroad,oh-cuyahoga-valley-scenic-railroad-v1,oh-cuyahoga-valley-scenic-railroad.png,51006,"equal size (51006 bytes) — new uses preferred "" - "" format",oh-cuyahoga-valley-scenic-railroad
DEACTIVATE,5867,OH-Cuyahoga Valley Scenic Railroad,oh-cuyahoga-valley-scenic-railroad,OH-Cuyahoga-Valley-Scenic-Railroad.jpg,51006,"equal size (51006 bytes) — new uses preferred "" - "" format",
KEEP,13645,OH - Delta Sigma Theta,oh-delta-sigma-theta-v1,oh-delta-sigma-theta.png,34496,"equal size (34496 bytes) — new uses preferred "" - "" format",oh-delta-sigma-theta
DEACTIVATE,5871,OH-Delta Sigma Theta,oh-delta-sigma-theta,OH-Delta-Sigma-Theta.jpg,34496,"equal size (34496 bytes) — new uses preferred "" - "" format",
KEEP,13902,OH - Disability,oh-disability-v1,oh-disability.png,29247,"equal size (29247 bytes) — new uses preferred "" - "" format",oh-disability
DEACTIVATE,5872,OH-Disability,oh-disability,OH-Disability.jpg,29247,"equal size (29247 bytes) — new uses preferred "" - "" format",
KEEP,13689,OH - Disabled Veteran,oh-disabled-veteran-v1,oh-disabled-veteran.png,32667,"equal size (32667 bytes) — new uses preferred "" - "" format",oh-disabled-veteran
DEACTIVATE,5873,OH-Disabled Veteran,oh-disabled-veteran,OH-Disabled-Veteran.jpg,32667,"equal size (32667 bytes) — new uses preferred "" - "" format",
KEEP,13690,OH - Distinguished Flying Cross Medal For Valor,oh-distinguished-flying-cross-medal-for-valor-v1,oh-distinguished-flying-cross-medal-for-valor.png,32672,"equal size (32672 bytes) — new uses preferred "" - "" format",oh-distinguished-flying-cross-medal-for-valor
DEACTIVATE,5874,OH-Distinguished Flying Cross Medal For Valor,oh-distinguished-flying-cross-medal-for-valor,OH-Distinguished-Flying-Cross-Medal-For-Valor.jpg,32672,"equal size (32672 bytes) — new uses preferred "" - "" format",
KEEP,13691,OH - Distinguished Flying Cross Medal Recipient,oh-distinguished-flying-cross-medal-recipient-v1,oh-distinguished-flying-cross-medal-recipient.png,32822,"equal size (32822 bytes) — new uses preferred "" - "" format",oh-distinguished-flying-cross-medal-recipient
DEACTIVATE,5875,OH-Distinguished Flying Cross Medal Recipient,oh-distinguished-flying-cross-medal-recipient,OH-Distinguished-Flying-Cross-Medal-Recipient.jpg,32822,"equal size (32822 bytes) — new uses preferred "" - "" format",
KEEP,13763,OH - Ducks Unlimited,oh-ducks-unlimited-v1,oh-ducks-unlimited.png,32733,"equal size (32733 bytes) — new uses preferred "" - "" format",oh-ducks-unlimited
DEACTIVATE,5877,OH-Ducks Unlimited,oh-ducks-unlimited,OH-Ducks-Unlimited.jpg,32733,"equal size (32733 bytes) — new uses preferred "" - "" format",
KEEP,13846,OH - Eagle Scouts,oh-eagle-scouts-v1,oh-eagle-scouts.png,31502,"equal size (31502 bytes) — new uses preferred "" - "" format",oh-eagle-scouts
DEACTIVATE,5878,OH-Eagle Scouts,oh-eagle-scouts,OH-Eagle-Scouts.jpg,31502,"equal size (31502 bytes) — new uses preferred "" - "" format",
KEEP,13847,OH - East Europeans Of Ohio,oh-east-europeans-of-ohio-v1,oh-east-europeans-of-ohio.png,85445,"equal size (85445 bytes) — new uses preferred "" - "" format",oh-east-europeans-of-ohio
DEACTIVATE,5879,OH-East Europeans Of Ohio,oh-east-europeans-of-ohio,OH-East-Europeans-Of-Ohio.jpg,85445,"equal size (85445 bytes) — new uses preferred "" - "" format",
KEEP,13646,OH - Eastern Star,oh-eastern-star-v1,oh-eastern-star.png,32113,"equal size (32113 bytes) — new uses preferred "" - "" format",oh-eastern-star
DEACTIVATE,5880,OH-Eastern Star,oh-eastern-star,OH-Eastern-Star.jpg,32113,"equal size (32113 bytes) — new uses preferred "" - "" format",
KEEP,13788,OH - Elder High School,oh-elder-high-school-v1,oh-elder-high-school.png,31903,"equal size (31903 bytes) — new uses preferred "" - "" format",oh-elder-high-school
DEACTIVATE,5881,OH-Elder High School,oh-elder-high-school,OH-Elder-High-School.jpg,31903,"equal size (31903 bytes) — new uses preferred "" - "" format",
KEEP,13764,OH - Erie Our Great Lake,oh-erie-our-great-lake-v1,oh-erie-our-great-lake.png,33284,"equal size (33284 bytes) — new uses preferred "" - "" format",oh-erie-our-great-lake
DEACTIVATE,5883,OH-Erie Our Great Lake,oh-erie-our-great-lake,OH-Erie-Our-Great-Lake.jpg,33284,"equal size (33284 bytes) — new uses preferred "" - "" format",
KEEP,13849,OH - Essential Ohio Energy+,oh-essential-ohio-energy-v1,oh-essential-ohio-energy+.png,15757,new image larger (15757 vs 0 bytes),oh-essential-ohio-energy
DEACTIVATE,5884,OH-Essential Ohio Energy+,oh-essential-ohio-energy,OH-Essential-Ohio-Energy%2B.jpg,0,new image larger (15757 vs 0 bytes),
KEEP,13692,OH - Expeditionary Force Star Veteran,oh-expeditionary-force-star-veteran-v1,oh-expeditionary-force-star-veteran.png,33886,"equal size (33886 bytes) — new uses preferred "" - "" format",oh-expeditionary-force-star-veteran
DEACTIVATE,5885,OH-Expeditionary Force Star Veteran,oh-expeditionary-force-star-veteran,OH-Expeditionary-Force-Star-Veteran.jpg,33886,"equal size (33886 bytes) — new uses preferred "" - "" format",
KEEP,13693,OH - Expeditionary Force Veteran,oh-expeditionary-force-veteran-v1,oh-expeditionary-force-veteran.png,33866,"equal size (33866 bytes) — new uses preferred "" - "" format",oh-expeditionary-force-veteran
DEACTIVATE,5886,OH-Expeditionary Force Veteran,oh-expeditionary-force-veteran,OH-Expeditionary-Force-Veteran.jpg,33866,"equal size (33866 bytes) — new uses preferred "" - "" format",
KEEP,13850,OH - Fallen Timbers Battlefield,oh-fallen-timbers-battlefield-v1,oh-fallen-timbers-battlefield.png,33503,"equal size (33503 bytes) — new uses preferred "" - "" format",oh-fallen-timbers-battlefield
DEACTIVATE,5887,OH-Fallen Timbers Battlefield,oh-fallen-timbers-battlefield,OH-Fallen-Timbers-Battlefield.jpg,33503,"equal size (33503 bytes) — new uses preferred "" - "" format",
KEEP,13755,OH - Farm Bus,oh-farm-bus-v1,oh-farm-bus.png,28687,"equal size (28687 bytes) — new uses preferred "" - "" format",oh-farm-bus
DEACTIVATE,5888,OH-Farm Bus,oh-farm-bus,OH-Farm-Bus.jpg,28687,"equal size (28687 bytes) — new uses preferred "" - "" format",
KEEP,13851,OH - Ffa Agricultural Education,oh-ffa-agricultural-education-v1,oh-ffa-agricultural-education.png,34219,"equal size (34219 bytes) — new uses preferred "" - "" format",oh-ffa-agricultural-education
DEACTIVATE,5889,OH-FFA Agricultural Education,oh-ffa-agricultural-education,OH-FFA-Agricultural-Education.jpg,34219,"equal size (34219 bytes) — new uses preferred "" - "" format",
KEEP,13852,OH - Ffa Truck,oh-ffa-truck-v1,oh-ffa-truck.png,33547,"equal size (33547 bytes) — new uses preferred "" - "" format",oh-ffa-truck
DEACTIVATE,5890,OH-FFA Truck,oh-ffa-truck,OH-FFA-Truck.jpg,33547,"equal size (33547 bytes) — new uses preferred "" - "" format",
KEEP,13765,OH - Fish Ohio,oh-fish-ohio-v1,oh-fish-ohio.png,32152,"equal size (32152 bytes) — new uses preferred "" - "" format",oh-fish-ohio
DEACTIVATE,5891,OH-Fish Ohio,oh-fish-ohio,OH-Fish-Ohio.jpg,32152,"equal size (32152 bytes) — new uses preferred "" - "" format",
KEEP,13648,OH - Fraternal Order Of Police,oh-fraternal-order-of-police-v1,oh-fraternal-order-of-police.png,33491,"equal size (33491 bytes) — new uses preferred "" - "" format",oh-fraternal-order-of-police
DEACTIVATE,5893,OH-Fraternal Order Of Police,oh-fraternal-order-of-police,OH-Fraternal-Order-Of-Police.jpg,33491,"equal size (33491 bytes) — new uses preferred "" - "" format",
KEEP,13647,OH - Fraternal Order Of Police Associate,oh-fraternal-order-of-police-associate-v1,oh-fraternal-order-of-police-associate.png,32954,"equal size (32954 bytes) — new uses preferred "" - "" format",oh-fraternal-order-of-police-associate
DEACTIVATE,5892,OH-Fraternal Order Of Police Associate,oh-fraternal-order-of-police-associate,OH-Fraternal-Order-Of-Police-Associate.jpg,32954,"equal size (32954 bytes) — new uses preferred "" - "" format",
KEEP,13694,OH - Freedom Is Not Free Folds Of Honor,oh-freedom-is-not-free-folds-of-honor-v1,oh-freedom-is-not-free-folds-of-honor.png,31874,"equal size (31874 bytes) — new uses preferred "" - "" format",oh-freedom-is-not-free-folds-of-honor
DEACTIVATE,5894,OH-Freedom Is Not Free Folds Of Honor,oh-freedom-is-not-free-folds-of-honor,OH-Freedom-Is-Not-Free-Folds-Of-Honor.jpg,31874,"equal size (31874 bytes) — new uses preferred "" - "" format",
KEEP,13649,OH - Freemason,oh-freemason-v1,oh-freemason.png,33119,"equal size (33119 bytes) — new uses preferred "" - "" format",oh-freemason
DEACTIVATE,5895,OH-Freemason,oh-freemason,OH-Freemason.jpg,33119,"equal size (33119 bytes) — new uses preferred "" - "" format",
KEEP,13789,OH - Gilmour Academy,oh-gilmour-academy-v1,oh-gilmour-academy.png,31698,"equal size (31698 bytes) — new uses preferred "" - "" format",oh-gilmour-academy
DEACTIVATE,5896,OH-Gilmour Academy,oh-gilmour-academy,OH-Gilmour-Academy.jpg,31698,"equal size (31698 bytes) — new uses preferred "" - "" format",
KEEP,13853,OH - Girl Scouts Of America,oh-girl-scouts-of-america-v1,oh-girl-scouts-of-america.png,100682,"equal size (100682 bytes) — new uses preferred "" - "" format",oh-girl-scouts-of-america
DEACTIVATE,5897,OH-Girl Scouts of America,oh-girl-scouts-of-america,OH-Girl-Scouts-of-America.jpg,100682,"equal size (100682 bytes) — new uses preferred "" - "" format",
KEEP,13854,OH - Girls On The Run Learn Dream Live Run,oh-girls-on-the-run-learn-dream-live-run-v1,oh-girls-on-the-run-learn-dream-live-run.png,33451,"equal size (33451 bytes) — new uses preferred "" - "" format",oh-girls-on-the-run-learn-dream-live-run
DEACTIVATE,5898,OH-Girls On The Run Learn Dream Live Run,oh-girls-on-the-run-learn-dream-live-run,OH-Girls-On-The-Run-Learn-Dream-Live-Run.jpg,33451,"equal size (33451 bytes) — new uses preferred "" - "" format",
KEEP,13766,OH - Glen Helen,oh-glen-helen-v1,oh-glen-helen.png,33868,"equal size (33868 bytes) — new uses preferred "" - "" format",oh-glen-helen
DEACTIVATE,5899,OH-Glen Helen,oh-glen-helen,OH-Glen-Helen.jpg,33868,"equal size (33868 bytes) — new uses preferred "" - "" format",
KEEP,13695,OH - Global War On Terrorism Afghanistan Medal,oh-global-war-on-terrorism-afghanistan-medal-v1,oh-global-war-on-terrorism-afghanistan-medal.png,32943,"equal size (32943 bytes) — new uses preferred "" - "" format",oh-global-war-on-terrorism-afghanistan-medal
DEACTIVATE,5900,OH-Global War On Terrorism Afghanistan Medal,oh-global-war-on-terrorism-afghanistan-medal,OH-Global-War-On-Terrorism-Afghanistan-Medal.jpg,32943,"equal size (32943 bytes) — new uses preferred "" - "" format",
KEEP,13696,OH - Global War On Terrorism Expeditionary Medal,oh-global-war-on-terrorism-expeditionary-medal-v1,oh-global-war-on-terrorism-expeditionary-medal.png,33788,"equal size (33788 bytes) — new uses preferred "" - "" format",oh-global-war-on-terrorism-expeditionary-medal
DEACTIVATE,5901,OH-Global War On Terrorism Expeditionary Medal,oh-global-war-on-terrorism-expeditionary-medal,OH-Global-War-On-Terrorism-Expeditionary-Medal.jpg,33788,"equal size (33788 bytes) — new uses preferred "" - "" format",
KEEP,13697,OH - Global War On Terrorism Iraq Medal,oh-global-war-on-terrorism-iraq-medal-v1,oh-global-war-on-terrorism-iraq-medal.png,33207,"equal size (33207 bytes) — new uses preferred "" - "" format",oh-global-war-on-terrorism-iraq-medal
DEACTIVATE,5902,OH-Global War On Terrorism Iraq Medal,oh-global-war-on-terrorism-iraq-medal,OH-Global-War-On-Terrorism-Iraq-Medal.jpg,33207,"equal size (33207 bytes) — new uses preferred "" - "" format",
KEEP,13698,OH - Global War On Terrorism Medal,oh-global-war-on-terrorism-medal-v1,oh-global-war-on-terrorism-medal.png,32111,"equal size (32111 bytes) — new uses preferred "" - "" format",oh-global-war-on-terrorism-medal
DEACTIVATE,5903,OH-Global War On Terrorism Medal,oh-global-war-on-terrorism-medal,OH-Global-War-On-Terrorism-Medal.jpg,32111,"equal size (32111 bytes) — new uses preferred "" - "" format",
KEEP,13699,OH - Global War On Terrorism Service Medal,oh-global-war-on-terrorism-service-medal-v1,oh-global-war-on-terrorism-service-medal.png,33430,"equal size (33430 bytes) — new uses preferred "" - "" format",oh-global-war-on-terrorism-service-medal
DEACTIVATE,5904,OH-Global War On Terrorism Service Medal,oh-global-war-on-terrorism-service-medal,OH-Global-War-On-Terrorism-Service-Medal.jpg,33430,"equal size (33430 bytes) — new uses preferred "" - "" format",
KEEP,13700,OH - Gold Star Family Vietnam,oh-gold-star-family-vietnam-v1,oh-gold-star-family-vietnam.png,33249,"equal size (33249 bytes) — new uses preferred "" - "" format",oh-gold-star-family-vietnam
DEACTIVATE,5905,OH-Gold Star Family Vietnam,oh-gold-star-family-vietnam,OH-Gold-Star-Family-Vietnam.jpg,33249,"equal size (33249 bytes) — new uses preferred "" - "" format",
KEEP,13701,OH - Grenada Veteran,oh-grenada-veteran-v1,oh-grenada-veteran.png,33418,"equal size (33418 bytes) — new uses preferred "" - "" format",oh-grenada-veteran
DEACTIVATE,5906,OH-Grenada Veteran,oh-grenada-veteran,OH-Grenada-Veteran.jpg,33418,"equal size (33418 bytes) — new uses preferred "" - "" format",
KEEP,13855,OH - Habitat For Humanity,oh-habitat-for-humanity-v1,oh-habitat-for-humanity.png,31856,"equal size (31856 bytes) — new uses preferred "" - "" format",oh-habitat-for-humanity
DEACTIVATE,5907,OH-Habitat For Humanity,oh-habitat-for-humanity,OH-Habitat-For-Humanity.jpg,31856,"equal size (31856 bytes) — new uses preferred "" - "" format",
KEEP,13856,OH - Healthy New Albany,oh-healthy-new-albany-v1,oh-healthy-new-albany.png,29326,"equal size (29326 bytes) — new uses preferred "" - "" format",oh-healthy-new-albany
DEACTIVATE,5908,OH-Healthy New Albany,oh-healthy-new-albany,OH-Healthy-New-Albany.jpg,29326,"equal size (29326 bytes) — new uses preferred "" - "" format",
KEEP,13790,OH - Heidelberg University,oh-heidelberg-university-v1,oh-heidelberg-university.png,31894,"equal size (31894 bytes) — new uses preferred "" - "" format",oh-heidelberg-university
DEACTIVATE,5909,OH-Heidelberg University,oh-heidelberg-university,OH-Heidelberg-University.jpg,31894,"equal size (31894 bytes) — new uses preferred "" - "" format",
KEEP,13903,OH - Historical Vehicle,oh-historical-vehicle-v1,oh-historical-vehicle.png,45156,"equal size (45156 bytes) — new uses preferred "" - "" format",oh-historical-vehicle
DEACTIVATE,5910,OH-Historical Vehicle,oh-historical-vehicle,OH-Historical-Vehicle.gif,45156,"equal size (45156 bytes) — new uses preferred "" - "" format",
KEEP,13858,OH - Honoring Fallen Lineworkers,oh-honoring-fallen-lineworkers-v1,oh-honoring-fallen-lineworkers.png,104098,"equal size (104098 bytes) — new uses preferred "" - "" format",oh-honoring-fallen-lineworkers
DEACTIVATE,5912,OH-Honoring Fallen LineWorkers,oh-honoring-fallen-lineworkers,OH-Honoring-Fallen-LineWorkers.jpg,104098,"equal size (104098 bytes) — new uses preferred "" - "" format",
KEEP,13791,OH - Hudson Schools,oh-hudson-schools-v1,oh-hudson-schools.png,32022,"equal size (32022 bytes) — new uses preferred "" - "" format",oh-hudson-schools
DEACTIVATE,5914,OH-Hudson Schools,oh-hudson-schools,OH-Hudson-Schools.jpg,32022,"equal size (32022 bytes) — new uses preferred "" - "" format",
KEEP,13860,OH - IN God We Trust,oh-in-god-we-trust-v1,oh-in-god-we-trust.png,32248,"equal size (32248 bytes) — new uses preferred "" - "" format",oh-in-god-we-trust
DEACTIVATE,5915,OH-In God We Trust,oh-in-god-we-trust,OH-In-God-We-Trust.jpg,32248,"equal size (32248 bytes) — new uses preferred "" - "" format",
KEEP,13792,OH - Independence Schools,oh-independence-schools-v1,oh-independence-schools.png,32685,"equal size (32685 bytes) — new uses preferred "" - "" format",oh-independence-schools
DEACTIVATE,5916,OH-Independence Schools,oh-independence-schools,OH-Independence-Schools.jpg,32685,"equal size (32685 bytes) — new uses preferred "" - "" format",
KEEP,13702,OH - Joint Commendation For Valor,oh-joint-commendation-for-valor-v1,oh-joint-commendation-for-valor.png,32977,"equal size (32977 bytes) — new uses preferred "" - "" format",oh-joint-commendation-for-valor
DEACTIVATE,5917,OH-Joint Commendation For Valor,oh-joint-commendation-for-valor,OH-Joint-Commendation-For-Valor.jpg,32977,"equal size (32977 bytes) — new uses preferred "" - "" format",
KEEP,13861,OH - Juvenile Diabetes Research Foundation,oh-juvenile-diabetes-research-foundation-v1,oh-juvenile-diabetes-research-foundation.png,30425,"equal size (30425 bytes) — new uses preferred "" - "" format",oh-juvenile-diabetes-research-foundation
DEACTIVATE,5918,OH-Juvenile Diabetes Research Foundation,oh-juvenile-diabetes-research-foundation,OH-Juvenile-Diabetes-Research-Foundation.jpg,30425,"equal size (30425 bytes) — new uses preferred "" - "" format",
KEEP,13650,OH - Kappa Alpha Psi,oh-kappa-alpha-psi-v1,oh-kappa-alpha-psi.png,31565,"equal size (31565 bytes) — new uses preferred "" - "" format",oh-kappa-alpha-psi
DEACTIVATE,5919,OH-Kappa Alpha Psi,oh-kappa-alpha-psi,OH-Kappa-Alpha-Psi.jpg,31565,"equal size (31565 bytes) — new uses preferred "" - "" format",
KEEP,13793,OH - Kent State University,oh-kent-state-university-v1,oh-kent-state-university.png,61723,"equal size (61723 bytes) — new uses preferred "" - "" format",oh-kent-state-university
DEACTIVATE,5920,OH-Kent State University,oh-kent-state-university,OH-Kent-State-University.jpg,61723,"equal size (61723 bytes) — new uses preferred "" - "" format",
KEEP,13862,OH - Kids First,oh-kids-first-v1,oh-kids-first.png,31959,"equal size (31959 bytes) — new uses preferred "" - "" format",oh-kids-first
DEACTIVATE,5921,OH-Kids First,oh-kids-first,OH-Kids-First.jpg,31959,"equal size (31959 bytes) — new uses preferred "" - "" format",
KEEP,13651,OH - Kiwanis,oh-kiwanis-v1,oh-kiwanis.png,34730,"equal size (34730 bytes) — new uses preferred "" - "" format",oh-kiwanis
DEACTIVATE,5922,OH-Kiwanis,oh-kiwanis,OH-Kiwanis.jpg,34730,"equal size (34730 bytes) — new uses preferred "" - "" format",
KEEP,13652,OH - Knights Of Columbus,oh-knights-of-columbus-v1,oh-knights-of-columbus.png,34921,"equal size (34921 bytes) — new uses preferred "" - "" format",oh-knights-of-columbus
DEACTIVATE,5923,OH-Knights Of Columbus,oh-knights-of-columbus,OH-Knights-Of-Columbus.jpg,34921,"equal size (34921 bytes) — new uses preferred "" - "" format",
KEEP,13703,OH - Korea Defense Medal,oh-korea-defense-medal-v1,oh-korea-defense-medal.png,31945,"equal size (31945 bytes) — new uses preferred "" - "" format",oh-korea-defense-medal
DEACTIVATE,5924,OH-Korea Defense Medal,oh-korea-defense-medal,OH-Korea-Defense-Medal.jpg,31945,"equal size (31945 bytes) — new uses preferred "" - "" format",
KEEP,13704,OH - Korea Ribbon Veteran,oh-korea-ribbon-veteran-v1,oh-korea-ribbon-veteran.png,31718,"equal size (31718 bytes) — new uses preferred "" - "" format",oh-korea-ribbon-veteran
DEACTIVATE,5925,OH-Korea Ribbon Veteran,oh-korea-ribbon-veteran,OH-Korea-Ribbon-Veteran.jpg,31718,"equal size (31718 bytes) — new uses preferred "" - "" format",
KEEP,13705,OH - Korea Star Veteran,oh-korea-star-veteran-v1,oh-korea-star-veteran.png,31414,"equal size (31414 bytes) — new uses preferred "" - "" format",oh-korea-star-veteran
DEACTIVATE,5926,OH-Korea Star Veteran,oh-korea-star-veteran,OH-Korea-Star-Veteran.jpg,31414,"equal size (31414 bytes) — new uses preferred "" - "" format",
KEEP,13706,OH - Korea US Flag Veteran,oh-korea-us-flag-veteran-v1,oh-korea-us-flag-veteran.png,32710,"equal size (32710 bytes) — new uses preferred "" - "" format",oh-korea-us-flag-veteran
DEACTIVATE,5927,OH-Korea US Flag Veteran,oh-korea-us-flag-veteran,OH-Korea-US-Flag-Veteran.jpg,32710,"equal size (32710 bytes) — new uses preferred "" - "" format",
KEEP,13707,OH - Kosovo Medal Veteran,oh-kosovo-medal-veteran-v1,oh-kosovo-medal-veteran.png,31934,"equal size (31934 bytes) — new uses preferred "" - "" format",oh-kosovo-medal-veteran
DEACTIVATE,5928,OH-Kosovo Medal Veteran,oh-kosovo-medal-veteran,OH-Kosovo-Medal-Veteran.jpg,31934,"equal size (31934 bytes) — new uses preferred "" - "" format",
KEEP,13794,OH - LA Salle High School,oh-la-salle-high-school-v1,oh-la-salle-high-school.png,72242,"equal size (72242 bytes) — new uses preferred "" - "" format",oh-la-salle-high-school
DEACTIVATE,5929,OH-La Salle High School,oh-la-salle-high-school,OH-La-Salle-High-School.jpg,72242,"equal size (72242 bytes) — new uses preferred "" - "" format",
KEEP,13708,OH - Lebanon Veteran,oh-lebanon-veteran-v1,oh-lebanon-veteran.png,33091,"equal size (33091 bytes) — new uses preferred "" - "" format",oh-lebanon-veteran
DEACTIVATE,5930,OH-Lebanon Veteran,oh-lebanon-veteran,OH-Lebanon-Veteran.jpg,33091,"equal size (33091 bytes) — new uses preferred "" - "" format",
KEEP,13863,OH - Lincoln Highway,oh-lincoln-highway-v1,oh-lincoln-highway.png,32454,"equal size (32454 bytes) — new uses preferred "" - "" format",oh-lincoln-highway
DEACTIVATE,5931,OH-Lincoln Highway,oh-lincoln-highway,OH-Lincoln-Highway.jpg,32454,"equal size (32454 bytes) — new uses preferred "" - "" format",
KEEP,13653,OH - Lions Club,oh-lions-club-v1,oh-lions-club.png,35635,"equal size (35635 bytes) — new uses preferred "" - "" format",oh-lions-club
DEACTIVATE,5932,OH-Lions Club,oh-lions-club,OH-Lions-Club.jpg,35635,"equal size (35635 bytes) — new uses preferred "" - "" format",
KEEP,13756,OH - Livery Vehicle,oh-livery-vehicle-v1,oh-livery-vehicle.png,27954,"equal size (27954 bytes) — new uses preferred "" - "" format",oh-livery-vehicle
DEACTIVATE,5933,OH-Livery Vehicle,oh-livery-vehicle,OH-Livery-Vehicle.jpg,27954,"equal size (27954 bytes) — new uses preferred "" - "" format",
KEEP,13709,OH - Marine Corps League,oh-marine-corps-league-v1,oh-marine-corps-league.png,32714,"equal size (32714 bytes) — new uses preferred "" - "" format",oh-marine-corps-league
DEACTIVATE,5934,OH-Marine Corps League,oh-marine-corps-league,OH-Marine-Corps-League.jpg,32714,"equal size (32714 bytes) — new uses preferred "" - "" format",
KEEP,13710,OH - Marine Corps Vietname Veteran,oh-marine-corps-vietname-veteran-v1,oh-marine-corps-vietname-veteran.png,34533,"equal size (34533 bytes) — new uses preferred "" - "" format",oh-marine-corps-vietname-veteran
DEACTIVATE,5935,OH-Marine Corps Vietname Veteran,oh-marine-corps-vietname-veteran,OH-Marine-Corps-Vietname-Veteran.jpg,34533,"equal size (34533 bytes) — new uses preferred "" - "" format",
KEEP,13795,OH - Massillon Tigers,oh-massillon-tigers-v1,oh-massillon-tigers.png,34365,"equal size (34365 bytes) — new uses preferred "" - "" format",oh-massillon-tigers
DEACTIVATE,5936,OH-Massillon Tigers,oh-massillon-tigers,OH-Massillon-Tigers.jpg,34365,"equal size (34365 bytes) — new uses preferred "" - "" format",
KEEP,13711,OH - Medal Of Honor,oh-medal-of-honor-v1,oh-medal-of-honor.png,61380,"equal size (61380 bytes) — new uses preferred "" - "" format",oh-medal-of-honor
DEACTIVATE,5937,OH-Medal Of Honor,oh-medal-of-honor,OH-Medal-Of-Honor.gif,61380,"equal size (61380 bytes) — new uses preferred "" - "" format",
KEEP,13864,OH - Medina County,oh-medina-county-v1,oh-medina-county.png,33787,"equal size (33787 bytes) — new uses preferred "" - "" format",oh-medina-county
DEACTIVATE,5938,OH-Medina County,oh-medina-county,OH-Medina-County.jpg,33787,"equal size (33787 bytes) — new uses preferred "" - "" format",
KEEP,13796,OH - Miami University,oh-miami-university-v1,oh-miami-university.png,33443,"equal size (33443 bytes) — new uses preferred "" - "" format",oh-miami-university
DEACTIVATE,5939,OH-Miami University,oh-miami-university,OH-Miami-University.jpg,33443,"equal size (33443 bytes) — new uses preferred "" - "" format",
KEEP,13712,OH - Military Sacrifice,oh-military-sacrifice-v1,oh-military-sacrifice.png,33206,"equal size (33206 bytes) — new uses preferred "" - "" format",oh-military-sacrifice
DEACTIVATE,5940,OH-Military Sacrifice,oh-military-sacrifice,OH-Military-Sacrifice.jpg,33206,"equal size (33206 bytes) — new uses preferred "" - "" format",
KEEP,13767,OH - Monarch Butterfly,oh-monarch-butterfly-v1,oh-monarch-butterfly.png,33091,"equal size (33091 bytes) — new uses preferred "" - "" format",oh-monarch-butterfly
DEACTIVATE,5941,OH-Monarch Butterfly,oh-monarch-butterfly,OH-Monarch-Butterfly.jpg,33091,"equal size (33091 bytes) — new uses preferred "" - "" format",
KEEP,13865,OH - National Aviation Hall Of Fame,oh-national-aviation-hall-of-fame-v1,oh-national-aviation-hall-of-fame.png,32581,"equal size (32581 bytes) — new uses preferred "" - "" format",oh-national-aviation-hall-of-fame
DEACTIVATE,5942,OH-National Aviation Hall Of Fame,oh-national-aviation-hall-of-fame,OH-National-Aviation-Hall-Of-Fame.jpg,32581,"equal size (32581 bytes) — new uses preferred "" - "" format",
KEEP,13714,OH - National Defense,oh-national-defense-v1,oh-national-defense.png,33084,"equal size (33084 bytes) — new uses preferred "" - "" format",oh-national-defense
DEACTIVATE,5944,OH-National Defense,oh-national-defense,OH-National-Defense.jpg,33084,"equal size (33084 bytes) — new uses preferred "" - "" format",
KEEP,13713,OH - National Defense Star,oh-national-defense-star-v1,oh-national-defense-star.png,33111,"equal size (33111 bytes) — new uses preferred "" - "" format",oh-national-defense-star
DEACTIVATE,5943,OH-National Defense Star,oh-national-defense-star,OH-National-Defense-Star.jpg,33111,"equal size (33111 bytes) — new uses preferred "" - "" format",
KEEP,13715,OH - National Guard,oh-national-guard-v1,oh-national-guard.png,32681,"equal size (32681 bytes) — new uses preferred "" - "" format",oh-national-guard
DEACTIVATE,5945,OH-National Guard,oh-national-guard,OH-National-Guard.jpg,32681,"equal size (32681 bytes) — new uses preferred "" - "" format",
KEEP,13866,OH - Nationwide Childrens Hospital,oh-nationwide-childrens-hospital-v1,oh-nationwide-childrens-hospital.png,31862,"equal size (31862 bytes) — new uses preferred "" - "" format",oh-nationwide-childrens-hospital
DEACTIVATE,5946,OH-Nationwide Childrens Hospital,oh-nationwide-childrens-hospital,OH-Nationwide-Childrens-Hospital.jpg,31862,"equal size (31862 bytes) — new uses preferred "" - "" format",
KEEP,13768,OH - Natures Preserve,oh-natures-preserve-v1,oh-natures-preserve.png,31388,"equal size (31388 bytes) — new uses preferred "" - "" format",oh-natures-preserve
DEACTIVATE,5947,OH-Natures Preserve,oh-natures-preserve,OH-Natures-Preserve.jpg,31388,"equal size (31388 bytes) — new uses preferred "" - "" format",
KEEP,13716,OH - Navy And Marine Corps Medal For Heroism,oh-navy-and-marine-corps-medal-for-heroism-v1,oh-navy-and-marine-corps-medal-for-heroism.png,33156,"equal size (33156 bytes) — new uses preferred "" - "" format",oh-navy-and-marine-corps-medal-for-heroism
DEACTIVATE,5948,OH-Navy And Marine Corps Medal For Heroism,oh-navy-and-marine-corps-medal-for-heroism,OH-Navy-And-Marine-Corps-Medal-For-Heroism.jpg,33156,"equal size (33156 bytes) — new uses preferred "" - "" format",
KEEP,13717,OH - Navy Cross For Valor,oh-navy-cross-for-valor-v1,oh-navy-cross-for-valor.png,32269,"equal size (32269 bytes) — new uses preferred "" - "" format",oh-navy-cross-for-valor
DEACTIVATE,5949,OH-Navy Cross For Valor,oh-navy-cross-for-valor,OH-Navy-Cross-For-Valor.jpg,32269,"equal size (32269 bytes) — new uses preferred "" - "" format",
KEEP,13718,OH - Navy Marine Corps Commendation Medal For Valor,oh-navy-marine-corps-commendation-medal-for-valor-v1,oh-navy-marine-corps-commendation-medal-for-valor.png,33090,"equal size (33090 bytes) — new uses preferred "" - "" format",oh-navy-marine-corps-commendation-medal-for-valor
DEACTIVATE,5950,OH-Navy Marine Corps Commendation Medal For Valor,oh-navy-marine-corps-commendation-medal-for-valor,OH-Navy-Marine-Corps-Commendation-Medal-For-Valor.jpg,33090,"equal size (33090 bytes) — new uses preferred "" - "" format",
KEEP,13757,OH - Nontransport,oh-nontransport-v1,oh-nontransport.png,29843,"equal size (29843 bytes) — new uses preferred "" - "" format",oh-nontransport
DEACTIVATE,5951,OH-Nontransport,oh-nontransport,OH-Nontransport.jpg,29843,"equal size (29843 bytes) — new uses preferred "" - "" format",
KEEP,13797,OH - North Royalton City Schools,oh-north-royalton-city-schools-v1,oh-north-royalton-city-schools.png,32690,"equal size (32690 bytes) — new uses preferred "" - "" format",oh-north-royalton-city-schools
DEACTIVATE,5952,OH-North Royalton City Schools,oh-north-royalton-city-schools,OH-North-Royalton-City-Schools.jpg,32690,"equal size (32690 bytes) — new uses preferred "" - "" format",
KEEP,13798,OH - Notre Dame,oh-notre-dame-v1,oh-notre-dame.png,32004,"equal size (32004 bytes) — new uses preferred "" - "" format",oh-notre-dame
DEACTIVATE,5953,OH-Notre Dame,oh-notre-dame,OH-Notre-Dame.jpg,32004,"equal size (32004 bytes) — new uses preferred "" - "" format",
KEEP,13719,OH - Ohio Air National Guard Retired,oh-ohio-air-national-guard-retired-v1,oh-ohio-air-national-guard-retired.png,32919,"equal size (32919 bytes) — new uses preferred "" - "" format",oh-ohio-air-national-guard-retired
DEACTIVATE,5955,OH-Ohio Air National Guard Retired,oh-ohio-air-national-guard-retired,OH-Ohio-Air-National-Guard-Retired.jpg,32919,"equal size (32919 bytes) — new uses preferred "" - "" format",
KEEP,13720,OH - Ohio Army National Guard Retired,oh-ohio-army-national-guard-retired-v1,oh-ohio-army-national-guard-retired.png,34198,"equal size (34198 bytes) — new uses preferred "" - "" format",oh-ohio-army-national-guard-retired
DEACTIVATE,5956,OH-Ohio Army National Guard Retired,oh-ohio-army-national-guard-retired,OH-Ohio-Army-National-Guard-Retired.jpg,34198,"equal size (34198 bytes) — new uses preferred "" - "" format",
KEEP,13868,OH - Ohio Beef,oh-ohio-beef-v1,oh-ohio-beef.png,34464,"equal size (34464 bytes) — new uses preferred "" - "" format",oh-ohio-beef
DEACTIVATE,5958,OH-Ohio Beef,oh-ohio-beef,OH-Ohio-Beef.jpg,34464,"equal size (34464 bytes) — new uses preferred "" - "" format",
KEEP,13867,OH - Ohio Beef Truck,oh-ohio-beef-truck-v1,oh-ohio-beef-truck.png,32323,"equal size (32323 bytes) — new uses preferred "" - "" format",oh-ohio-beef-truck
DEACTIVATE,5957,OH-Ohio Beef Truck,oh-ohio-beef-truck,OH-Ohio-Beef-Truck.jpg,32323,"equal size (32323 bytes) — new uses preferred "" - "" format",
KEEP,13897,OH - Ohio Bicycle Foundation,oh-ohio-bicycle-foundation-v1,oh-ohio-bicycle-foundation.png,63471,"equal size (63471 bytes) — new uses preferred "" - "" format",oh-ohio-bicycle-foundation
DEACTIVATE,5959,OH-Ohio Bicycle Foundation,oh-ohio-bicycle-foundation,OH-Ohio-Bicycle-Foundation.jpg,63471,"equal size (63471 bytes) — new uses preferred "" - "" format",
KEEP,13639,OH - Ohio Cops,oh-ohio-cops-v1,oh-ohio-cops.png,83924,"equal size (83924 bytes) — new uses preferred "" - "" format",oh-ohio-cops
DEACTIVATE,5960,OH-Ohio COPS,oh-ohio-cops,OH-Ohio-COPS.jpg,83924,"equal size (83924 bytes) — new uses preferred "" - "" format",
KEEP,13721,OH - Ohio Cross Medal Recipient,oh-ohio-cross-medal-recipient-v1,oh-ohio-cross-medal-recipient.png,31871,"equal size (31871 bytes) — new uses preferred "" - "" format",oh-ohio-cross-medal-recipient
DEACTIVATE,5961,OH-Ohio Cross Medal Recipient,oh-ohio-cross-medal-recipient,OH-Ohio-Cross-Medal-Recipient.jpg,31871,"equal size (31871 bytes) — new uses preferred "" - "" format",
KEEP,13654,OH - Ohio Moose Lodges,oh-ohio-moose-lodges-v1,oh-ohio-moose-lodges.png,60331,"equal size (60331 bytes) — new uses preferred "" - "" format",oh-ohio-moose-lodges
DEACTIVATE,5962,OH-Ohio Moose Lodges,oh-ohio-moose-lodges,OH-Ohio-Moose-Lodges.jpg,60331,"equal size (60331 bytes) — new uses preferred "" - "" format",
KEEP,13799,OH - Ohio Northern University,oh-ohio-northern-university-v1,oh-ohio-northern-university.png,32577,"equal size (32577 bytes) — new uses preferred "" - "" format",oh-ohio-northern-university
DEACTIVATE,5963,OH-Ohio Northern University,oh-ohio-northern-university,OH-Ohio-Northern-University.jpg,32577,"equal size (32577 bytes) — new uses preferred "" - "" format",
KEEP,13869,OH - Ohio Nursing Association,oh-ohio-nursing-association-v1,oh-ohio-nursing-association.png,34335,"equal size (34335 bytes) — new uses preferred "" - "" format",oh-ohio-nursing-association
DEACTIVATE,5964,OH-Ohio Nursing Association,oh-ohio-nursing-association,OH-Ohio-Nursing-Association.jpg,34335,"equal size (34335 bytes) — new uses preferred "" - "" format",
KEEP,13870,OH - Ohio Pupil Transportation Safety First,oh-ohio-pupil-transportation-safety-first-v1,oh-ohio-pupil-transportation-safety-first.png,34258,"equal size (34258 bytes) — new uses preferred "" - "" format",oh-ohio-pupil-transportation-safety-first
DEACTIVATE,5965,OH-Ohio Pupil Transportation Safety First,oh-ohio-pupil-transportation-safety-first,OH-Ohio-Pupil-Transportation-Safety-First.jpg,34258,"equal size (34258 bytes) — new uses preferred "" - "" format",
KEEP,13871,OH - Ohio Realtors,oh-ohio-realtors-v1,oh-ohio-realtors.png,33038,"equal size (33038 bytes) — new uses preferred "" - "" format",oh-ohio-realtors
DEACTIVATE,5966,OH-Ohio Realtors,oh-ohio-realtors,OH-Ohio-Realtors.jpg,33038,"equal size (33038 bytes) — new uses preferred "" - "" format",
KEEP,13722,OH - Ohio Sons Of The American Legion,oh-ohio-sons-of-the-american-legion-v1,oh-ohio-sons-of-the-american-legion.png,35372,"equal size (35372 bytes) — new uses preferred "" - "" format",oh-ohio-sons-of-the-american-legion
DEACTIVATE,5967,OH-Ohio Sons Of The American Legion,oh-ohio-sons-of-the-american-legion,OH-Ohio-Sons-Of-The-American-Legion.jpg,35372,"equal size (35372 bytes) — new uses preferred "" - "" format",
KEEP,13800,OH - Ohio State,oh-ohio-state-v1,oh-ohio-state.png,33238,new image larger (33238 vs 0 bytes),oh-ohio-state
DEACTIVATE,5954,OH-Ohio State,oh-ohio-state,OH-Ohio%20State.jpg,0,new image larger (33238 vs 0 bytes),
KEEP,13640,OH - Ohio State Highway Patrol Supporter,oh-ohio-state-highway-patrol-supporter-v1,oh-ohio-state-highway-patrol-supporter.png,30131,"equal size (30131 bytes) — new uses preferred "" - "" format",oh-ohio-state-highway-patrol-supporter
DEACTIVATE,5968,OH-Ohio State Highway Patrol Supporter,oh-ohio-state-highway-patrol-supporter,OH-Ohio-State-Highway-Patrol-Supporter.jpg,30131,"equal size (30131 bytes) — new uses preferred "" - "" format",
KEEP,13769,OH - Ohio State Parks,oh-ohio-state-parks-v1,oh-ohio-state-parks.png,33097,"equal size (33097 bytes) — new uses preferred "" - "" format",oh-ohio-state-parks
DEACTIVATE,5969,OH-Ohio State Parks,oh-ohio-state-parks,OH-Ohio-State-Parks.jpg,33097,"equal size (33097 bytes) — new uses preferred "" - "" format",
KEEP,13872,OH - Ohio Statehouse,oh-ohio-statehouse-v1,oh-ohio-statehouse.png,30895,"equal size (30895 bytes) — new uses preferred "" - "" format",oh-ohio-statehouse
DEACTIVATE,5970,OH-Ohio Statehouse,oh-ohio-statehouse,OH-Ohio-Statehouse.jpg,30895,"equal size (30895 bytes) — new uses preferred "" - "" format",
KEEP,13801,OH - Ohio University,oh-ohio-university-v1,oh-ohio-university.png,46907,"equal size (46907 bytes) — new uses preferred "" - "" format",oh-ohio-university
DEACTIVATE,5971,OH-Ohio University,oh-ohio-university,OH-Ohio-University.jpg,46907,"equal size (46907 bytes) — new uses preferred "" - "" format",
KEEP,13770,OH - Ohio Wetlands Bullfrog,oh-ohio-wetlands-bullfrog-v1,oh-ohio-wetlands-bullfrog.png,32055,"equal size (32055 bytes) — new uses preferred "" - "" format",oh-ohio-wetlands-bullfrog
DEACTIVATE,5972,OH-Ohio Wetlands Bullfrog,oh-ohio-wetlands-bullfrog,OH-Ohio-Wetlands-Bullfrog.jpg,32055,"equal size (32055 bytes) — new uses preferred "" - "" format",
KEEP,13873,OH - Ohio Zoo,oh-ohio-zoo-v1,oh-ohio-zoo.png,32477,"equal size (32477 bytes) — new uses preferred "" - "" format",oh-ohio-zoo
DEACTIVATE,5973,OH-Ohio Zoo,oh-ohio-zoo,OH-Ohio-Zoo.jpg,32477,"equal size (32477 bytes) — new uses preferred "" - "" format",
KEEP,13655,OH - Omega Psi Phi,oh-omega-psi-phi-v1,oh-omega-psi-phi.png,32193,"equal size (32193 bytes) — new uses preferred "" - "" format",oh-omega-psi-phi
DEACTIVATE,5976,OH-Omega Psi Phi,oh-omega-psi-phi,OH-Omega-Psi-Phi.jpg,32193,"equal size (32193 bytes) — new uses preferred "" - "" format",
KEEP,13876,OH - One Nation Under God,oh-one-nation-under-god-v1,oh-one-nation-under-god.png,33109,"equal size (33109 bytes) — new uses preferred "" - "" format",oh-one-nation-under-god
DEACTIVATE,5977,OH-One Nation Under God,oh-one-nation-under-god,OH-One-Nation-Under-God.jpg,33109,"equal size (33109 bytes) — new uses preferred "" - "" format",
KEEP,13723,OH - Operation Inherent Resolve,oh-operation-inherent-resolve-v1,oh-operation-inherent-resolve.png,33144,"equal size (33144 bytes) — new uses preferred "" - "" format",oh-operation-inherent-resolve
DEACTIVATE,5978,OH-Operation Inherent Resolve,oh-operation-inherent-resolve,OH-Operation-Inherent-Resolve.jpg,33144,"equal size (33144 bytes) — new uses preferred "" - "" format",
KEEP,13656,OH - Order Of Eastern Star,oh-order-of-eastern-star-v1,oh-order-of-eastern-star.png,32861,"equal size (32861 bytes) — new uses preferred "" - "" format",oh-order-of-eastern-star
DEACTIVATE,5979,OH-Order of Eastern Star,oh-order-of-eastern-star,OH-Order-of-Eastern-Star.jpg,32861,"equal size (32861 bytes) — new uses preferred "" - "" format",
KEEP,13877,OH - Organ Donors Save Lives,oh-organ-donors-save-lives-v1,oh-organ-donors-save-lives.png,33259,"equal size (33259 bytes) — new uses preferred "" - "" format",oh-organ-donors-save-lives
DEACTIVATE,5980,OH-Organ Donors Save Lives,oh-organ-donors-save-lives,OH-Organ-Donors-Save-Lives.jpg,33259,"equal size (33259 bytes) — new uses preferred "" - "" format",
KEEP,13771,OH - Ottawa National Wildlife Refuge,oh-ottawa-national-wildlife-refuge-v1,oh-ottawa-national-wildlife-refuge.png,31170,"equal size (31170 bytes) — new uses preferred "" - "" format",oh-ottawa-national-wildlife-refuge
DEACTIVATE,5981,OH-Ottawa National Wildlife Refuge,oh-ottawa-national-wildlife-refuge,OH-Ottawa-National-Wildlife-Refuge.jpg,31170,"equal size (31170 bytes) — new uses preferred "" - "" format",
KEEP,13802,OH - Otterbein University,oh-otterbein-university-v1,oh-otterbein-university.png,32037,"equal size (32037 bytes) — new uses preferred "" - "" format",oh-otterbein-university
DEACTIVATE,5982,OH-Otterbein University,oh-otterbein-university,OH-Otterbein-University.jpg,32037,"equal size (32037 bytes) — new uses preferred "" - "" format",
KEEP,13878,OH - Ovarian Cancer Research,oh-ovarian-cancer-research-v1,oh-ovarian-cancer-research.png,33151,"equal size (33151 bytes) — new uses preferred "" - "" format",oh-ovarian-cancer-research
DEACTIVATE,5983,OH-Ovarian Cancer Research,oh-ovarian-cancer-research,OH-Ovarian-Cancer-Research.jpg,33151,"equal size (33151 bytes) — new uses preferred "" - "" format",
KEEP,13803,OH - Padua Franciscan High School,oh-padua-franciscan-high-school-v1,oh-padua-franciscan-high-school.png,33546,"equal size (33546 bytes) — new uses preferred "" - "" format",oh-padua-franciscan-high-school
DEACTIVATE,5984,OH-Padua Franciscan High School,oh-padua-franciscan-high-school,OH-Padua-Franciscan-High-School.jpg,33546,"equal size (33546 bytes) — new uses preferred "" - "" format",
KEEP,13724,OH - Panama Veteran,oh-panama-veteran-v1,oh-panama-veteran.png,33028,"equal size (33028 bytes) — new uses preferred "" - "" format",oh-panama-veteran
DEACTIVATE,5985,OH-Panama Veteran,oh-panama-veteran,OH-Panama-Veteran.jpg,33028,"equal size (33028 bytes) — new uses preferred "" - "" format",
KEEP,13879,OH - Pancreatic Cancer Foundation,oh-pancreatic-cancer-foundation-v1,oh-pancreatic-cancer-foundation.png,74153,"equal size (74153 bytes) — new uses preferred "" - "" format",oh-pancreatic-cancer-foundation
DEACTIVATE,5986,OH-Pancreatic Cancer Foundation,oh-pancreatic-cancer-foundation,OH-Pancreatic-Cancer-Foundation.jpg,74153,"equal size (74153 bytes) — new uses preferred "" - "" format",
KEEP,13725,OH - Pearl Harbor,oh-pearl-harbor-v1,oh-pearl-harbor.png,33941,"equal size (33941 bytes) — new uses preferred "" - "" format",oh-pearl-harbor
DEACTIVATE,5987,OH-Pearl Harbor,oh-pearl-harbor,OH-Pearl-Harbor.jpg,33941,"equal size (33941 bytes) — new uses preferred "" - "" format",
KEEP,13726,OH - Persian Gulf Star Veteran,oh-persian-gulf-star-veteran-v1,oh-persian-gulf-star-veteran.png,32802,"equal size (32802 bytes) — new uses preferred "" - "" format",oh-persian-gulf-star-veteran
DEACTIVATE,5989,OH-Persian Gulf Star Veteran,oh-persian-gulf-star-veteran,OH-Persian-Gulf-Star-Veteran.jpg,32802,"equal size (32802 bytes) — new uses preferred "" - "" format",
KEEP,13727,OH - Persian Gulf Veteran,oh-persian-gulf-veteran-v1,oh-persian-gulf-veteran.png,32578,"equal size (32578 bytes) — new uses preferred "" - "" format",oh-persian-gulf-veteran
DEACTIVATE,5990,OH-Persian Gulf Veteran,oh-persian-gulf-veteran,OH-Persian-Gulf-Veteran.jpg,32578,"equal size (32578 bytes) — new uses preferred "" - "" format",
KEEP,13881,OH - Pet Friendly,oh-pet-friendly-v1,oh-pet-friendly.png,34524,"equal size (34524 bytes) — new uses preferred "" - "" format",oh-pet-friendly
DEACTIVATE,5991,OH-Pet Friendly,oh-pet-friendly,OH-Pet-Friendly.jpg,34524,"equal size (34524 bytes) — new uses preferred "" - "" format",
KEEP,13657,OH - Phi Theta Kappa,oh-phi-theta-kappa-v1,oh-phi-theta-kappa.png,34795,"equal size (34795 bytes) — new uses preferred "" - "" format",oh-phi-theta-kappa
DEACTIVATE,5992,OH-Phi Theta Kappa,oh-phi-theta-kappa,OH-Phi-Theta-Kappa.jpg,34795,"equal size (34795 bytes) — new uses preferred "" - "" format",
KEEP,13758,OH - Physician,oh-physician-v1,oh-physician.png,28893,"equal size (28893 bytes) — new uses preferred "" - "" format",oh-physician
DEACTIVATE,5993,OH-Physician,oh-physician,OH-Physician.jpg,28893,"equal size (28893 bytes) — new uses preferred "" - "" format",
KEEP,13882,OH - Post Traumatic Stress Awareness,oh-post-traumatic-stress-awareness-v1,oh-post-traumatic-stress-awareness.png,33877,"equal size (33877 bytes) — new uses preferred "" - "" format",oh-post-traumatic-stress-awareness
DEACTIVATE,5994,OH-Post Traumatic Stress Awareness,oh-post-traumatic-stress-awareness,OH-Post-Traumatic-Stress-Awareness.jpg,33877,"equal size (33877 bytes) — new uses preferred "" - "" format",
KEEP,13728,OH - POW MIA,oh-pow-mia-v1,oh-pow-mia.png,30649,"equal size (30649 bytes) — new uses preferred "" - "" format",oh-pow-mia
DEACTIVATE,5995,OH-POW MIA,oh-pow-mia,OH-POW-MIA.jpg,30649,"equal size (30649 bytes) — new uses preferred "" - "" format",
KEEP,13658,OH - Prince Hall Masons,oh-prince-hall-masons-v1,oh-prince-hall-masons.png,71519,"equal size (71519 bytes) — new uses preferred "" - "" format",oh-prince-hall-masons
DEACTIVATE,5997,OH-Prince Hall Masons,oh-prince-hall-masons,OH-Prince-Hall-Masons.jpg,71519,"equal size (71519 bytes) — new uses preferred "" - "" format",
KEEP,13729,OH - Prisoner Of War Veteran,oh-prisoner-of-war-veteran-v1,oh-prisoner-of-war-veteran.png,32674,"equal size (32674 bytes) — new uses preferred "" - "" format",oh-prisoner-of-war-veteran
DEACTIVATE,5998,OH-Prisoner Of War Veteran,oh-prisoner-of-war-veteran,OH-Prisoner-Of-War-Veteran.jpg,32674,"equal size (32674 bytes) — new uses preferred "" - "" format",
KEEP,13898,OH - Pro Football Hall Of Fame,oh-pro-football-hall-of-fame-v1,oh-pro-football-hall-of-fame.png,34362,"equal size (34362 bytes) — new uses preferred "" - "" format",oh-pro-football-hall-of-fame
DEACTIVATE,5999,OH-Pro Football Hall Of Fame,oh-pro-football-hall-of-fame,OH-Pro-Football-Hall-Of-Fame.jpg,34362,"equal size (34362 bytes) — new uses preferred "" - "" format",
KEEP,13641,OH - Professional Firefighters,oh-professional-firefighters-v1,oh-professional-firefighters.png,32504,"equal size (32504 bytes) — new uses preferred "" - "" format",oh-professional-firefighters
DEACTIVATE,6000,OH-Professional Firefighters,oh-professional-firefighters,OH-Professional-Firefighters.jpg,32504,"equal size (32504 bytes) — new uses preferred "" - "" format",
KEEP,13731,OH - Purple Heart Combat Wounded,oh-purple-heart-combat-wounded-v1,oh-purple-heart-combat-wounded.png,32349,"equal size (32349 bytes) — new uses preferred "" - "" format",oh-purple-heart-combat-wounded
DEACTIVATE,6002,OH-Purple Heart Combat Wounded,oh-purple-heart-combat-wounded,OH-Purple-Heart-Combat-Wounded.jpg,32349,"equal size (32349 bytes) — new uses preferred "" - "" format",
KEEP,13730,OH - Purple Heart Combat Wounded Disabled,oh-purple-heart-combat-wounded-disabled-v1,oh-purple-heart-combat-wounded-disabled.png,33689,"equal size (33689 bytes) — new uses preferred "" - "" format",oh-purple-heart-combat-wounded-disabled
DEACTIVATE,6001,OH-Purple Heart Combat Wounded Disabled,oh-purple-heart-combat-wounded-disabled,OH-Purple-Heart-Combat-Wounded-Disabled.jpg,33689,"equal size (33689 bytes) — new uses preferred "" - "" format",
KEEP,13884,OH - Rock And Roll Hall Of Fame,oh-rock-and-roll-hall-of-fame-v1,oh-rock-and-roll-hall-of-fame.png,33439,"equal size (33439 bytes) — new uses preferred "" - "" format",oh-rock-and-roll-hall-of-fame
DEACTIVATE,6003,OH-Rock And Roll Hall Of Fame,oh-rock-and-roll-hall-of-fame,OH-Rock-And-Roll-Hall-Of-Fame.jpg,33439,"equal size (33439 bytes) — new uses preferred "" - "" format",
KEEP,13885,OH - Ronald Mcdonald House,oh-ronald-mcdonald-house-v1,oh-ronald-mcdonald-house.png,31868,"equal size (31868 bytes) — new uses preferred "" - "" format",oh-ronald-mcdonald-house
DEACTIVATE,6004,OH-Ronald McDonald House,oh-ronald-mcdonald-house,OH-Ronald-McDonald-House.jpg,31868,"equal size (31868 bytes) — new uses preferred "" - "" format",
KEEP,13659,OH - Rotary International,oh-rotary-international-v1,oh-rotary-international.png,35102,"equal size (35102 bytes) — new uses preferred "" - "" format",oh-rotary-international
DEACTIVATE,6005,OH-Rotary International,oh-rotary-international,OH-Rotary-International.jpg,35102,"equal size (35102 bytes) — new uses preferred "" - "" format",
KEEP,13804,OH - Saint Albert The Great,oh-saint-albert-the-great-v1,oh-saint-albert-the-great.png,28715,"equal size (28715 bytes) — new uses preferred "" - "" format",oh-saint-albert-the-great
DEACTIVATE,6006,OH-Saint Albert The Great,oh-saint-albert-the-great,OH-Saint-Albert-The-Great.jpg,28715,"equal size (28715 bytes) — new uses preferred "" - "" format",
KEEP,13805,OH - Saint Ignatius,oh-saint-ignatius-v1,oh-saint-ignatius.png,34429,"equal size (34429 bytes) — new uses preferred "" - "" format",oh-saint-ignatius
DEACTIVATE,6007,OH-Saint Ignatius,oh-saint-ignatius,OH-Saint-Ignatius.jpg,34429,"equal size (34429 bytes) — new uses preferred "" - "" format",
KEEP,13772,OH - Save The Honey Bee,oh-save-the-honey-bee-v1,oh-save-the-honey-bee.png,33112,"equal size (33112 bytes) — new uses preferred "" - "" format",oh-save-the-honey-bee
DEACTIVATE,6008,OH-Save The Honey Bee,oh-save-the-honey-bee,OH-Save-The-Honey-Bee.jpg,33112,"equal size (33112 bytes) — new uses preferred "" - "" format",
KEEP,13773,OH - Scenic Rivers Heron,oh-scenic-rivers-heron-v1,oh-scenic-rivers-heron.png,32415,"equal size (32415 bytes) — new uses preferred "" - "" format",oh-scenic-rivers-heron
DEACTIVATE,6009,OH-Scenic Rivers Heron,oh-scenic-rivers-heron,OH-Scenic-Rivers-Heron.jpg,32415,"equal size (32415 bytes) — new uses preferred "" - "" format",
KEEP,13886,OH - Seniors,oh-seniors-v1,oh-seniors.png,28729,"equal size (28729 bytes) — new uses preferred "" - "" format",oh-seniors
DEACTIVATE,6010,OH-Seniors,oh-seniors,OH-Seniors.jpg,28729,"equal size (28729 bytes) — new uses preferred "" - "" format",
KEEP,13660,OH - Sigma Gamma Rho Emblem,oh-sigma-gamma-rho-emblem-v1,oh-sigma-gamma-rho-emblem.png,33081,"equal size (33081 bytes) — new uses preferred "" - "" format",oh-sigma-gamma-rho-emblem
DEACTIVATE,6011,OH-Sigma Gamma Rho Emblem,oh-sigma-gamma-rho-emblem,OH-Sigma-Gamma-Rho-Emblem.jpg,33081,"equal size (33081 bytes) — new uses preferred "" - "" format",
KEEP,13661,OH - Sigma Gamma Rho Shield,oh-sigma-gamma-rho-shield-v1,oh-sigma-gamma-rho-shield.png,31698,"equal size (31698 bytes) — new uses preferred "" - "" format",oh-sigma-gamma-rho-shield
DEACTIVATE,6012,OH-Sigma Gamma Rho Shield,oh-sigma-gamma-rho-shield,OH-Sigma-Gamma-Rho-Shield.jpg,31698,"equal size (31698 bytes) — new uses preferred "" - "" format",
KEEP,13732,OH - Silver Star Combat Veteran,oh-silver-star-combat-veteran-v1,oh-silver-star-combat-veteran.png,32946,"equal size (32946 bytes) — new uses preferred "" - "" format",oh-silver-star-combat-veteran
DEACTIVATE,6013,OH-Silver Star Combat Veteran,oh-silver-star-combat-veteran,OH-Silver-Star-Combat-Veteran.jpg,32946,"equal size (32946 bytes) — new uses preferred "" - "" format",
KEEP,13774,OH - Smokey Bear,oh-smokey-bear-v1,oh-smokey-bear.png,33181,"equal size (33181 bytes) — new uses preferred "" - "" format",oh-smokey-bear
DEACTIVATE,6014,OH-Smokey Bear,oh-smokey-bear,OH-Smokey-Bear.jpg,33181,"equal size (33181 bytes) — new uses preferred "" - "" format",
KEEP,13806,OH - Solon Comets,oh-solon-comets-v1,oh-solon-comets.png,32524,"equal size (32524 bytes) — new uses preferred "" - "" format",oh-solon-comets
DEACTIVATE,6016,OH-Solon Comets,oh-solon-comets,OH-Solon-Comets.jpg,32524,"equal size (32524 bytes) — new uses preferred "" - "" format",
KEEP,13734,OH - Somalia Veteran,oh-somalia-veteran-v1,oh-somalia-veteran.png,33382,"equal size (33382 bytes) — new uses preferred "" - "" format",oh-somalia-veteran
DEACTIVATE,6017,OH-Somalia Veteran,oh-somalia-veteran,OH-Somalia-Veteran.jpg,33382,"equal size (33382 bytes) — new uses preferred "" - "" format",
KEEP,13899,OH - Special Olympics,oh-special-olympics-v1,oh-special-olympics.png,33435,"equal size (33435 bytes) — new uses preferred "" - "" format",oh-special-olympics
DEACTIVATE,6018,OH-Special Olympics,oh-special-olympics,OH-Special-Olympics.jpg,33435,"equal size (33435 bytes) — new uses preferred "" - "" format",
KEEP,13807,OH - St Charles Academy,oh-st-charles-academy-v1,oh-st-charles-academy.png,61926,"equal size (61926 bytes) — new uses preferred "" - "" format",oh-st-charles-academy
DEACTIVATE,6020,OH-St Charles Academy,oh-st-charles-academy,OH-St-Charles-Academy.jpg,61926,"equal size (61926 bytes) — new uses preferred "" - "" format",
KEEP,13808,OH - St. Edward High School,oh-st-edward-high-school-v1,oh-st.-edward-high-school.png,32219,"equal size (32219 bytes) — new uses preferred "" - "" format",oh-st-edward-high-school
DEACTIVATE,6021,OH-St. Edward High School,oh-st-edward-high-school,OH-St.-Edward-High-School.jpg,32219,"equal size (32219 bytes) — new uses preferred "" - "" format",
KEEP,13810,OH - St. Xavier,oh-st-xavier-v1,oh-st.-xavier.png,34366,"equal size (34366 bytes) — new uses preferred "" - "" format",oh-st-xavier
DEACTIVATE,6023,OH-St. Xavier,oh-st-xavier,OH-St.-Xavier.jpg,34366,"equal size (34366 bytes) — new uses preferred "" - "" format",
KEEP,13888,OH - Stan Hywet Hall And Gardens,oh-stan-hywet-hall-and-gardens-v1,oh-stan-hywet-hall-and-gardens.png,32270,"equal size (32270 bytes) — new uses preferred "" - "" format",oh-stan-hywet-hall-and-gardens
DEACTIVATE,6024,OH-Stan Hywet Hall and Gardens,oh-stan-hywet-hall-and-gardens,OH-Stan-Hywet-Hall-and-Gardens.jpg,32270,"equal size (32270 bytes) — new uses preferred "" - "" format",
KEEP,13811,OH - Stow Munroe Falls School,oh-stow-munroe-falls-school-v1,oh-stow-munroe-falls-school.png,35853,"equal size (35853 bytes) — new uses preferred "" - "" format",oh-stow-munroe-falls-school
DEACTIVATE,6025,OH-Stow Munroe Falls School,oh-stow-munroe-falls-school,OH-Stow-Munroe-Falls-School.jpg,35853,"equal size (35853 bytes) — new uses preferred "" - "" format",
KEEP,13907,OH - Street Rod,oh-street-rod-v1,oh-street-rod.png,32703,"equal size (32703 bytes) — new uses preferred "" - "" format",oh-street-rod
DEACTIVATE,6026,OH-Street Rod,oh-street-rod,OH-Street-Rod.jpg,32703,"equal size (32703 bytes) — new uses preferred "" - "" format",
KEEP,13775,OH - Summit Metro Parks,oh-summit-metro-parks-v1,oh-summit-metro-parks.png,61776,"equal size (61776 bytes) — new uses preferred "" - "" format",oh-summit-metro-parks
DEACTIVATE,6027,OH-Summit Metro Parks,oh-summit-metro-parks,OH-Summit-Metro-Parks.jpg,61776,"equal size (61776 bytes) — new uses preferred "" - "" format",
KEEP,13889,OH - Superman,oh-superman-v1,oh-superman.png,31564,"equal size (31564 bytes) — new uses preferred "" - "" format",oh-superman
DEACTIVATE,6028,OH-Superman,oh-superman,OH-Superman.jpg,31564,"equal size (31564 bytes) — new uses preferred "" - "" format",
KEEP,13735,OH - Support Our Troops,oh-support-our-troops-v1,oh-support-our-troops.png,35569,"equal size (35569 bytes) — new uses preferred "" - "" format",oh-support-our-troops
DEACTIVATE,6029,OH-Support Our Troops,oh-support-our-troops,OH-Support-Our-Troops.jpg,35569,"equal size (35569 bytes) — new uses preferred "" - "" format",
KEEP,13776,OH - Support Wildlfe Bald Eagle,oh-support-wildlfe-bald-eagle-v1,oh-support-wildlfe-bald-eagle.png,34979,"equal size (34979 bytes) — new uses preferred "" - "" format",oh-support-wildlfe-bald-eagle
DEACTIVATE,6030,OH-Support Wildlfe Bald Eagle,oh-support-wildlfe-bald-eagle,OH-Support-Wildlfe-Bald-Eagle.jpg,34979,"equal size (34979 bytes) — new uses preferred "" - "" format",
KEEP,13759,OH - Television,oh-television-v1,oh-television.png,28723,"equal size (28723 bytes) — new uses preferred "" - "" format",oh-television
DEACTIVATE,6031,OH-Television,oh-television,OH-Television.jpg,28723,"equal size (28723 bytes) — new uses preferred "" - "" format",
KEEP,13890,OH - The Leader IN Flight,oh-the-leader-in-flight-v1,oh-the-leader-in-flight.png,31982,"equal size (31982 bytes) — new uses preferred "" - "" format",oh-the-leader-in-flight
DEACTIVATE,6032,OH-The Leader In Flight,oh-the-leader-in-flight,OH-The-Leader-In-Flight.jpg,31982,"equal size (31982 bytes) — new uses preferred "" - "" format",
KEEP,13891,OH - The NRA Foundation,oh-the-nra-foundation-v1,oh-the-nra-foundation.png,30646,"equal size (30646 bytes) — new uses preferred "" - "" format",oh-the-nra-foundation
DEACTIVATE,6033,OH-The NRA Foundation,oh-the-nra-foundation,OH-The-NRA-Foundation.jpg,30646,"equal size (30646 bytes) — new uses preferred "" - "" format",
KEEP,13812,OH - The University Of Ashland,oh-the-university-of-ashland-v1,oh-the-university-of-ashland.png,33228,"equal size (33228 bytes) — new uses preferred "" - "" format",oh-the-university-of-ashland
DEACTIVATE,6034,OH-The University Of Ashland,oh-the-university-of-ashland,OH-The-University-Of-Ashland.jpg,33228,"equal size (33228 bytes) — new uses preferred "" - "" format",
KEEP,13813,OH - The University Of Dayton,oh-the-university-of-dayton-v1,oh-the-university-of-dayton.png,32985,"equal size (32985 bytes) — new uses preferred "" - "" format",oh-the-university-of-dayton
DEACTIVATE,6035,OH-The University Of Dayton,oh-the-university-of-dayton,OH-The-University-Of-Dayton.jpg,32985,"equal size (32985 bytes) — new uses preferred "" - "" format",
KEEP,13814,OH - Tiffin University,oh-tiffin-university-v1,oh-tiffin-university.png,32646,"equal size (32646 bytes) — new uses preferred "" - "" format",oh-tiffin-university
DEACTIVATE,6036,OH-Tiffin University,oh-tiffin-university,OH-Tiffin-University.jpg,32646,"equal size (32646 bytes) — new uses preferred "" - "" format",
KEEP,13760,OH - Transit Bus,oh-transit-bus-v1,oh-transit-bus.png,29006,"equal size (29006 bytes) — new uses preferred "" - "" format",oh-transit-bus
DEACTIVATE,6037,OH-Transit Bus,oh-transit-bus,OH-Transit-Bus.jpg,29006,"equal size (29006 bytes) — new uses preferred "" - "" format",
KEEP,13777,OH - Trees4Ohio,oh-trees4ohio-v1,oh-trees4ohio.png,33812,"equal size (33812 bytes) — new uses preferred "" - "" format",oh-trees4ohio
DEACTIVATE,6038,OH-Trees4Ohio,oh-trees4ohio,OH-Trees4Ohio.jpg,33812,"equal size (33812 bytes) — new uses preferred "" - "" format",
KEEP,13892,OH - Triple Negative Breast Cancer,oh-triple-negative-breast-cancer-v1,oh-triple-negative-breast-cancer.png,112470,"equal size (112470 bytes) — new uses preferred "" - "" format",oh-triple-negative-breast-cancer
DEACTIVATE,6039,OH-Triple Negative Breast Cancer,oh-triple-negative-breast-cancer,OH-Triple-Negative-Breast-Cancer.jpg,112470,"equal size (112470 bytes) — new uses preferred "" - "" format",
KEEP,13893,OH - United States Power Squadrons,oh-united-states-power-squadrons-v1,oh-united-states-power-squadrons.png,34137,"equal size (34137 bytes) — new uses preferred "" - "" format",oh-united-states-power-squadrons
DEACTIVATE,6040,OH-United States Power Squadrons,oh-united-states-power-squadrons,OH-United-States-Power-Squadrons.jpg,34137,"equal size (34137 bytes) — new uses preferred "" - "" format",
KEEP,13815,OH - University Of Cincinnati,oh-university-of-cincinnati-v1,oh-university-of-cincinnati.png,32206,"equal size (32206 bytes) — new uses preferred "" - "" format",oh-university-of-cincinnati
DEACTIVATE,6041,OH-University Of Cincinnati,oh-university-of-cincinnati,OH-University-Of-Cincinnati.jpg,32206,"equal size (32206 bytes) — new uses preferred "" - "" format",
KEEP,13816,OH - University Of Findlay,oh-university-of-findlay-v1,oh-university-of-findlay.png,30726,"equal size (30726 bytes) — new uses preferred "" - "" format",oh-university-of-findlay
DEACTIVATE,6042,OH-University of Findlay,oh-university-of-findlay,OH-University-of-Findlay.jpg,30726,"equal size (30726 bytes) — new uses preferred "" - "" format",
KEEP,13817,OH - University Of Toledo,oh-university-of-toledo-v1,oh-university-of-toledo.png,33521,"equal size (33521 bytes) — new uses preferred "" - "" format",oh-university-of-toledo
DEACTIVATE,6043,OH-University Of Toledo,oh-university-of-toledo,OH-University-Of-Toledo.jpg,33521,"equal size (33521 bytes) — new uses preferred "" - "" format",
KEEP,13818,OH - Univesity Of Mount Union,oh-univesity-of-mount-union-v1,oh-univesity-of-mount-union.png,106619,"equal size (106619 bytes) — new uses preferred "" - "" format",oh-univesity-of-mount-union
DEACTIVATE,6044,OH-Univesity Of Mount Union,oh-univesity-of-mount-union,OH-Univesity-Of-Mount-Union.jpg,106619,"equal size (106619 bytes) — new uses preferred "" - "" format",
KEEP,13819,OH - Unversity School,oh-unversity-school-v1,oh-unversity-school.png,31136,"equal size (31136 bytes) — new uses preferred "" - "" format",oh-unversity-school
DEACTIVATE,6045,OH-Unversity School,oh-unversity-school,OH-Unversity-School.jpg,31136,"equal size (31136 bytes) — new uses preferred "" - "" format",
KEEP,13736,OH - US Armed Forces Active Duty Space Force,oh-us-armed-forces-active-duty-space-force-v1,oh-us-armed-forces-active-duty-space-force.png,31696,"equal size (31696 bytes) — new uses preferred "" - "" format",oh-us-armed-forces-active-duty-space-force
DEACTIVATE,6046,OH-US Armed Forces Active Duty Space Force,oh-us-armed-forces-active-duty-space-force,OH-US-Armed-Forces-Active-Duty-Space-Force.jpg,31696,"equal size (31696 bytes) — new uses preferred "" - "" format",
KEEP,13737,OH - US Army Aviation Active Duty,oh-us-army-aviation-active-duty-v1,oh-us-army-aviation-active-duty.png,34470,"equal size (34470 bytes) — new uses preferred "" - "" format",oh-us-army-aviation-active-duty
DEACTIVATE,6047,OH-US Army Aviation Active Duty,oh-us-army-aviation-active-duty,OH-US-Army-Aviation-Active-Duty.jpg,34470,"equal size (34470 bytes) — new uses preferred "" - "" format",
KEEP,13738,OH - US Army Aviation Retired,oh-us-army-aviation-retired-v1,oh-us-army-aviation-retired.png,34250,"equal size (34250 bytes) — new uses preferred "" - "" format",oh-us-army-aviation-retired
DEACTIVATE,6048,OH-US Army Aviation Retired,oh-us-army-aviation-retired,OH-US-Army-Aviation-Retired.jpg,34250,"equal size (34250 bytes) — new uses preferred "" - "" format",
KEEP,13739,OH - US Army Aviation Veteran,oh-us-army-aviation-veteran-v1,oh-us-army-aviation-veteran.png,34456,"equal size (34456 bytes) — new uses preferred "" - "" format",oh-us-army-aviation-veteran
DEACTIVATE,6049,OH-US Army Aviation Veteran,oh-us-army-aviation-veteran,OH-US-Army-Aviation-Veteran.jpg,34456,"equal size (34456 bytes) — new uses preferred "" - "" format",
KEEP,13740,OH - US Paratrooper,oh-us-paratrooper-v1,oh-us-paratrooper.png,31678,"equal size (31678 bytes) — new uses preferred "" - "" format",oh-us-paratrooper
DEACTIVATE,6050,OH-US Paratrooper,oh-us-paratrooper,OH-US-Paratrooper.jpg,31678,"equal size (31678 bytes) — new uses preferred "" - "" format",
KEEP,13741,OH - US Uniformed Services Active Duty Noaa,oh-us-uniformed-services-active-duty-noaa-v1,oh-us-uniformed-services-active-duty-noaa.png,33750,"equal size (33750 bytes) — new uses preferred "" - "" format",oh-us-uniformed-services-active-duty-noaa
DEACTIVATE,6051,OH-US Uniformed Services Active Duty NOAA,oh-us-uniformed-services-active-duty-noaa,OH-US-Uniformed-Services-Active-Duty-NOAA.jpg,33750,"equal size (33750 bytes) — new uses preferred "" - "" format",
KEEP,13742,OH - US Uniformed Services Active Duty Usphs,oh-us-uniformed-services-active-duty-usphs-v1,oh-us-uniformed-services-active-duty-usphs.png,33071,"equal size (33071 bytes) — new uses preferred "" - "" format",oh-us-uniformed-services-active-duty-usphs
DEACTIVATE,6052,OH-US Uniformed Services Active Duty USPHS,oh-us-uniformed-services-active-duty-usphs,OH-US-Uniformed-Services-Active-Duty-USPHS.jpg,33071,"equal size (33071 bytes) — new uses preferred "" - "" format",
KEEP,13743,OH - Veteran Motorcycle,oh-veteran-motorcycle-v1,oh-veteran-motorcycle.png,23989,"equal size (23989 bytes) — new uses preferred "" - "" format",oh-veteran-motorcycle
DEACTIVATE,6053,OH-Veteran Motorcycle,oh-veteran-motorcycle,OH-Veteran-Motorcycle.jpg,23989,"equal size (23989 bytes) — new uses preferred "" - "" format",
KEEP,13744,OH - Vietnam Star Veteran,oh-vietnam-star-veteran-v1,oh-vietnam-star-veteran.png,31960,"equal size (31960 bytes) — new uses preferred "" - "" format",oh-vietnam-star-veteran
DEACTIVATE,6054,OH-Vietnam Star Veteran,oh-vietnam-star-veteran,OH-Vietnam-Star-Veteran.jpg,31960,"equal size (31960 bytes) — new uses preferred "" - "" format",
KEEP,13746,OH - Vietnam Veteran,oh-vietnam-veteran-v1,oh-vietnam-veteran.png,32076,"equal size (32076 bytes) — new uses preferred "" - "" format",oh-vietnam-veteran
DEACTIVATE,6055,OH-Vietnam Veteran,oh-vietnam-veteran,OH-Vietnam-Veteran.jpg,32076,"equal size (32076 bytes) — new uses preferred "" - "" format",
KEEP,13747,OH - Voiture 40 Et 8,oh-voiture-40-et-8-v1,oh-voiture-40-et-8.png,62963,"equal size (62963 bytes) — new uses preferred "" - "" format",oh-voiture-40-et-8
DEACTIVATE,6057,OH-Voiture 40 et 8,oh-voiture-40-et-8,OH-Voiture-40-et-8.jpg,62963,"equal size (62963 bytes) — new uses preferred "" - "" format",
KEEP,13642,OH - Volunteer Firefighter,oh-volunteer-firefighter-v1,oh-volunteer-firefighter.png,30861,"equal size (30861 bytes) — new uses preferred "" - "" format",oh-volunteer-firefighter
DEACTIVATE,6058,OH-Volunteer Firefighter,oh-volunteer-firefighter,OH-Volunteer-Firefighter.jpg,30861,"equal size (30861 bytes) — new uses preferred "" - "" format",
KEEP,13820,OH - Walsh Jesuit High School,oh-walsh-jesuit-high-school-v1,oh-walsh-jesuit-high-school.png,32652,"equal size (32652 bytes) — new uses preferred "" - "" format",oh-walsh-jesuit-high-school
DEACTIVATE,6059,OH-Walsh Jesuit High School,oh-walsh-jesuit-high-school,OH-Walsh-Jesuit-High-School.jpg,32652,"equal size (32652 bytes) — new uses preferred "" - "" format",
KEEP,13822,OH - Westech Alumni,oh-westech-alumni-v1,oh-westech-alumni.png,34609,"equal size (34609 bytes) — new uses preferred "" - "" format",oh-westech-alumni
DEACTIVATE,6061,OH-WesTech Alumni,oh-westech-alumni,OH-WesTech-Alumni.jpg,34609,"equal size (34609 bytes) — new uses preferred "" - "" format",
KEEP,13778,OH - Westerville Parks,oh-westerville-parks-v1,oh-westerville-parks.png,32966,"equal size (32966 bytes) — new uses preferred "" - "" format",oh-westerville-parks
DEACTIVATE,6062,OH-Westerville Parks,oh-westerville-parks,OH-Westerville-Parks.jpg,32966,"equal size (32966 bytes) — new uses preferred "" - "" format",
KEEP,13779,OH - Wildlife Northern Cardinal,oh-wildlife-northern-cardinal-v1,oh-wildlife-northern-cardinal.png,33950,"equal size (33950 bytes) — new uses preferred "" - "" format",oh-wildlife-northern-cardinal
DEACTIVATE,6063,OH-Wildlife Northern Cardinal,oh-wildlife-northern-cardinal,OH-Wildlife-Northern-Cardinal.jpg,33950,"equal size (33950 bytes) — new uses preferred "" - "" format",
KEEP,13823,OH - Wilmington College,oh-wilmington-college-v1,oh-wilmington-college.png,109252,"equal size (109252 bytes) — new uses preferred "" - "" format",oh-wilmington-college
DEACTIVATE,6064,OH-Wilmington College,oh-wilmington-college,OH-Wilmington-College.jpg,109252,"equal size (109252 bytes) — new uses preferred "" - "" format",
KEEP,13824,OH - Wittenberg College,oh-wittenberg-college-v1,oh-wittenberg-college.png,32791,"equal size (32791 bytes) — new uses preferred "" - "" format",oh-wittenberg-college
DEACTIVATE,6065,OH-Wittenberg College,oh-wittenberg-college,OH-Wittenberg-College.jpg,32791,"equal size (32791 bytes) — new uses preferred "" - "" format",
KEEP,13748,OH - Women Veterans US Armed Forces Retired Air Force,oh-women-veterans-us-armed-forces-retired-air-force-v1,oh-women-veterans-us-armed-forces-retired-air-force.png,36092,"equal size (36092 bytes) — new uses preferred "" - "" format",oh-women-veterans-us-armed-forces-retired-air-force
DEACTIVATE,6066,OH-Women Veterans US Armed Forces Retired Air Force,oh-women-veterans-us-armed-forces-retired-air-force,OH-Women-Veterans-US-Armed-Forces-Retired-Air-Force.jpg,36092,"equal size (36092 bytes) — new uses preferred "" - "" format",
KEEP,13749,OH - Women Veterans US Armed Forces Veteran Air Force,oh-women-veterans-us-armed-forces-veteran-air-force-v1,oh-women-veterans-us-armed-forces-veteran-air-force.png,36178,"equal size (36178 bytes) — new uses preferred "" - "" format",oh-women-veterans-us-armed-forces-veteran-air-force
DEACTIVATE,6067,OH-Women Veterans US Armed Forces Veteran Air Force,oh-women-veterans-us-armed-forces-veteran-air-force,OH-Women-Veterans-US-Armed-Forces-Veteran-Air-Force.jpg,36178,"equal size (36178 bytes) — new uses preferred "" - "" format",
KEEP,13750,OH - Women Veterans US Uniformed Services Veteran Noaa,oh-women-veterans-us-uniformed-services-veteran-noaa-v1,oh-women-veterans-us-uniformed services-veteran-noaa.png,62919,new image larger (62919 vs 0 bytes),oh-women-veterans-us-uniformed-services-veteran-noaa
DEACTIVATE,6068,OH-Women Veterans US Uniformed Services Veteran NOAA,oh-women-veterans-us-uniformed-services-veteran-noaa,OH-Women-Veterans-US-Uniformed%20Services-Veteran-NOAA.jpg,0,new image larger (62919 vs 0 bytes),
KEEP,13751,OH - Women Veterans US US Uniformed Services Usphs,oh-women-veterans-us-us-uniformed-services-usphs-v1,oh-women-veterans-us-us-uniformed-services-usphs.png,109501,"equal size (109501 bytes) — new uses preferred "" - "" format",oh-women-veterans-us-us-uniformed-services-usphs
DEACTIVATE,6069,OH-Women Veterans US US Uniformed Services USPHS,oh-women-veterans-us-us-uniformed-services-usphs,OH-Women-Veterans-US-US-Uniformed-Services-USPHS.jpg,109501,"equal size (109501 bytes) — new uses preferred "" - "" format",
KEEP,13752,OH - World War I Veteran,oh-world-war-i-veteran-v1,oh-world-war-i-veteran.png,33751,"equal size (33751 bytes) — new uses preferred "" - "" format",oh-world-war-i-veteran
DEACTIVATE,6070,OH-World War I Veteran,oh-world-war-i-veteran,OH-World-War-I-Veteran.jpg,33751,"equal size (33751 bytes) — new uses preferred "" - "" format",
KEEP,13753,OH - World War Ii Veteran,oh-world-war-ii-veteran-v1,oh-world-war-ii-veteran.png,33854,"equal size (33854 bytes) — new uses preferred "" - "" format",oh-world-war-ii-veteran
DEACTIVATE,6071,OH-World War II Veteran,oh-world-war-ii-veteran,OH-World-War-II-Veteran.jpg,33854,"equal size (33854 bytes) — new uses preferred "" - "" format",
KEEP,13825,OH - Wright State University,oh-wright-state-university-v1,oh-wright-state-university.png,31384,"equal size (31384 bytes) — new uses preferred "" - "" format",oh-wright-state-university
DEACTIVATE,6072,OH-Wright State University,oh-wright-state-university,OH-Wright-State-University.jpg,31384,"equal size (31384 bytes) — new uses preferred "" - "" format",
KEEP,13826,OH - Xavier University,oh-xavier-university-v1,oh-xavier-university.png,33544,"equal size (33544 bytes) — new uses preferred "" - "" format",oh-xavier-university
DEACTIVATE,6074,OH-Xavier University,oh-xavier-university,OH-Xavier-University.jpg,33544,"equal size (33544 bytes) — new uses preferred "" - "" format",
KEEP,13662,OH - Xeta Phi Beta,oh-xeta-phi-beta-v1,oh-xeta-phi-beta.png,33638,"equal size (33638 bytes) — new uses preferred "" - "" format",oh-xeta-phi-beta
DEACTIVATE,6075,OH-Xeta Phi Beta,oh-xeta-phi-beta,OH-Xeta-Phi-Beta.jpg,33638,"equal size (33638 bytes) — new uses preferred "" - "" format",
KEEP,13827,OH - Youngstown State University,oh-youngstown-state-university-v1,oh-youngstown-state-university.png,33618,"equal size (33618 bytes) — new uses preferred "" - "" format",oh-youngstown-state-university
DEACTIVATE,6076,OH-Youngstown State University,oh-youngstown-state-university,OH-Youngstown-State-University.jpg,33618,"equal size (33618 bytes) — new uses preferred "" - "" format",
KEEP,13895,OH - Zero Prostate Cancer,oh-zero-prostate-cancer-v1,oh-zero-prostate-cancer.png,32122,"equal size (32122 bytes) — new uses preferred "" - "" format",oh-zero-prostate-cancer
DEACTIVATE,6077,OH-Zero Prostate Cancer,oh-zero-prostate-cancer,OH-Zero-Prostate-Cancer.jpg,32122,"equal size (32122 bytes) — new uses preferred "" - "" format",
KEEP,13916,OK - Bison,ok-bison-v1,ok-bison.png,154995,"equal size (154995 bytes) — new uses preferred "" - "" format",ok-bison
DEACTIVATE,6262,OK-Bison,ok-bison,ok-bison-license-plate.png,154995,"equal size (154995 bytes) — new uses preferred "" - "" format",
KEEP,13930,OK - Naacp,ok-naacp-v1,ok-naacp.png,46793,"equal size (46793 bytes) — new uses preferred "" - "" format",ok-naacp
DEACTIVATE,6301,OK-NAACP,ok-naacp,ok-naacp.jpg,46793,"equal size (46793 bytes) — new uses preferred "" - "" format",
KEEP,13974,OK - Nascar,ok-nascar-v1,ok-nascar.png,56414,"equal size (56414 bytes) — new uses preferred "" - "" format",ok-nascar
DEACTIVATE,6319,OK-NASCAR,ok-nascar,ok-nascar-plate.jpg,56414,"equal size (56414 bytes) — new uses preferred "" - "" format",
KEEP,13956,OK - Nascar Dale Earnhardt Hall Of Fame,ok-nascar-dale-earnhardt-hall-of-fame-v1,ok-nascar-dale-earnhardt-hall-of-fame.png,48814,"equal size (48814 bytes) — new uses preferred "" - "" format",ok-nascar-dale-earnhardt-hall-of-fame
DEACTIVATE,6320,OK-NASCAR - Dale Earnhardt Hall of Fame,ok-nascar-dale-earnhardt-hall-of-fame,ok-nascar-dale-earnhardt-hall-of-fame-plate.jpg,48814,"equal size (48814 bytes) — new uses preferred "" - "" format",
KEEP,13931,OK - National Rifle Association,ok-national-rifle-association-v1,ok-national-rifle-association.png,61779,"equal size (61779 bytes) — new uses preferred "" - "" format",ok-national-rifle-association
DEACTIVATE,6322,OK-National Rifle Association,ok-national-rifle-association,ok-national-rifle-association.jpg,61779,"equal size (61779 bytes) — new uses preferred "" - "" format",
KEEP,13932,OK - National Weather Center,ok-national-weather-center-v1,ok-national-weather-center.png,71276,"equal size (71276 bytes) — new uses preferred "" - "" format",ok-national-weather-center
DEACTIVATE,6323,OK-National Weather Center,ok-national-weather-center,ok-national-weather-center.jpg,71276,"equal size (71276 bytes) — new uses preferred "" - "" format",
KEEP,13933,OK - Ninety Nines,ok-ninety-nines-v1,ok-ninety-nines.png,39074,"equal size (39074 bytes) — new uses preferred "" - "" format",ok-ninety-nines
DEACTIVATE,6324,OK-Ninety-Nines,ok-ninety-nines,ok-ninety-nines.jpg,39074,"equal size (39074 bytes) — new uses preferred "" - "" format",
KEEP,13934,OK - Oklahoma Association Of Realtors,ok-oklahoma-association-of-realtors-v1,ok-oklahoma-association-of-realtors.png,63080,"equal size (63080 bytes) — new uses preferred "" - "" format",ok-oklahoma-association-of-realtors
DEACTIVATE,6330,OK-Oklahoma Association of Realtors,ok-oklahoma-association-of-realtors,ok-oklahoma-association-of-realtors.jpg,63080,"equal size (63080 bytes) — new uses preferred "" - "" format",
KEEP,13935,OK - Oklahoma Aviation,ok-oklahoma-aviation-v1,ok-oklahoma-aviation.png,61437,"equal size (61437 bytes) — new uses preferred "" - "" format",ok-oklahoma-aviation
DEACTIVATE,6325,OK-Oklahoma Aviation,ok-oklahoma-aviation,ok-oklahoma-aviation.jpg,61437,"equal size (61437 bytes) — new uses preferred "" - "" format",
KEEP,13936,OK - Oklahoma Blood Institute,ok-oklahoma-blood-institute-v1,ok-oklahoma-blood-institute.png,45627,"equal size (45627 bytes) — new uses preferred "" - "" format",ok-oklahoma-blood-institute
DEACTIVATE,6326,OK-Oklahoma Blood Institute,ok-oklahoma-blood-institute,ok-oklahoma-blood-institute.jpg,45627,"equal size (45627 bytes) — new uses preferred "" - "" format",
KEEP,13937,OK - Oklahoma City Bombing Victims And Survivors,ok-oklahoma-city-bombing-victims-and-survivors-v1,ok-oklahoma-city-bombing-victims-and-survivors.png,72985,"equal size (72985 bytes) — new uses preferred "" - "" format",ok-oklahoma-city-bombing-victims-and-survivors
DEACTIVATE,6327,OK-Oklahoma City Bombing Victims and Survivors,ok-oklahoma-city-bombing-victims-and-survivors,ok-oklahoma-city-bombing-victims-and-survivors.jpg,72985,"equal size (72985 bytes) — new uses preferred "" - "" format",
KEEP,13975,OK - Oklahoma City Thunder,ok-oklahoma-city-thunder-v1,ok-oklahoma-city-thunder.png,62532,"equal size (62532 bytes) — new uses preferred "" - "" format",ok-oklahoma-city-thunder
DEACTIVATE,6328,OK-Oklahoma City Thunder,ok-oklahoma-city-thunder,ok-oklahoma-city-thunder.jpg,62532,"equal size (62532 bytes) — new uses preferred "" - "" format",
KEEP,13938,OK - Oklahoma History,ok-oklahoma-history-v1,ok-oklahoma-history.png,55748,"equal size (55748 bytes) — new uses preferred "" - "" format",ok-oklahoma-history
DEACTIVATE,6329,OK-Oklahoma History,ok-oklahoma-history,ok-oklahoma-history.jpg,55748,"equal size (55748 bytes) — new uses preferred "" - "" format",
KEEP,13939,OK - Oklahoma License To Educate,ok-oklahoma-license-to-educate-v1,ok-oklahoma-license-to-educate.png,66916,"equal size (66916 bytes) — new uses preferred "" - "" format",ok-oklahoma-license-to-educate
DEACTIVATE,6331,OK-Oklahoma License to Educate,ok-oklahoma-license-to-educate,ok-oklahoma-license-to-educate.jpg,66916,"equal size (66916 bytes) — new uses preferred "" - "" format",
KEEP,13940,OK - Oklahoma Quarter Horse,ok-oklahoma-quarter-horse-v1,ok-oklahoma-quarter-horse.png,49293,"equal size (49293 bytes) — new uses preferred "" - "" format",ok-oklahoma-quarter-horse
DEACTIVATE,6332,OK-Oklahoma Quarter Horse,ok-oklahoma-quarter-horse,ok-oklahoma-quarter-horse.jpg,49293,"equal size (49293 bytes) — new uses preferred "" - "" format",
KEEP,13941,OK - Oklahoma Safe Kids Coalition,ok-oklahoma-safe-kids-coalition-v1,ok-oklahoma-safe-kids-coalition.png,53257,"equal size (53257 bytes) — new uses preferred "" - "" format",ok-oklahoma-safe-kids-coalition
DEACTIVATE,6333,OK-Oklahoma Safe Kids Coalition,ok-oklahoma-safe-kids-coalition,ok-oklahoma-safe-kids-coalition.jpg,53257,"equal size (53257 bytes) — new uses preferred "" - "" format",
KEEP,13942,OK - Oklahoma Statehood Centennial,ok-oklahoma-statehood-centennial-v1,ok-oklahoma-statehood-centennial.png,57330,"equal size (57330 bytes) — new uses preferred "" - "" format",ok-oklahoma-statehood-centennial
DEACTIVATE,6334,OK-Oklahoma Statehood Centennial,ok-oklahoma-statehood-centennial,ok-oklahoma-statehood-centennial.jpg,57330,"equal size (57330 bytes) — new uses preferred "" - "" format",
KEEP,13976,OK - Oklahoma Tennis Foundation,ok-oklahoma-tennis-foundation-v1,ok-oklahoma-tennis-foundation.png,68659,"equal size (68659 bytes) — new uses preferred "" - "" format",ok-oklahoma-tennis-foundation
DEACTIVATE,6335,OK-Oklahoma Tennis Foundation,ok-oklahoma-tennis-foundation,ok-oklahoma-tennis-foundation.jpg,68659,"equal size (68659 bytes) — new uses preferred "" - "" format",
KEEP,13910,OK - Oklahoma Womens Veteran,ok-oklahoma-womens-veteran-v1,ok-oklahoma-womens-veteran.png,71687,"equal size (71687 bytes) — new uses preferred "" - "" format",ok-oklahoma-womens-veteran
DEACTIVATE,6336,OK-Oklahoma Women's Veteran,ok-oklahoma-womens-veteran,ok-oklahoma-women-s-veteran.jpg,71687,"equal size (71687 bytes) — new uses preferred "" - "" format",
KEEP,13943,OK - Organ Eye And Tissue Donor,ok-organ-eye-and-tissue-donor-v1,ok-organ-eye-and-tissue-donor.png,41479,"equal size (41479 bytes) — new uses preferred "" - "" format",ok-organ-eye-and-tissue-donor
DEACTIVATE,6337,OK-Organ Eye and Tissue Donor,ok-organ-eye-and-tissue-donor,ok-organ-eye-and-tissue-donor.jpg,41479,"equal size (41479 bytes) — new uses preferred "" - "" format",
KEEP,13944,OK - Pancreatic Cancer Research,ok-pancreatic-cancer-research-v1,ok-pancreatic-cancer-research.png,60113,"equal size (60113 bytes) — new uses preferred "" - "" format",ok-pancreatic-cancer-research
DEACTIVATE,6339,OK-Pancreatic Cancer Research,ok-pancreatic-cancer-research,ok-pancreatic-cancer-research.jpg,60113,"equal size (60113 bytes) — new uses preferred "" - "" format",
KEEP,13945,OK - Patriot,ok-patriot-v1,ok-patriot.png,77309,"equal size (77309 bytes) — new uses preferred "" - "" format",ok-patriot
DEACTIVATE,6340,OK-Patriot,ok-patriot,ok-patriot.jpg,77309,"equal size (77309 bytes) — new uses preferred "" - "" format",
KEEP,13979,OK - Personalized Blue,ok-personalized-blue-v1,ok-personalized-blue.png,95881,"equal size (95881 bytes) — new uses preferred "" - "" format",ok-personalized-blue
DEACTIVATE,6372,OK-Personalized -Blue,ok-personalized-blue,ok-personalized-plates-blue.png,95881,"equal size (95881 bytes) — new uses preferred "" - "" format",
KEEP,13980,OK - Personalized Gray,ok-personalized-gray-v1,ok-personalized-gray.png,30158,"equal size (30158 bytes) — new uses preferred "" - "" format",ok-personalized-gray
DEACTIVATE,6369,OK-Personalized-Gray,ok-personalized-gray,ok-personalized-plates-gray.png,30158,"equal size (30158 bytes) — new uses preferred "" - "" format",
KEEP,13981,OK - Personalized Motorcycle,ok-personalized-motorcycle-v1,ok-personalized-motorcycle.png,44219,new image larger (44219 vs 31949 bytes),ok-personalized-motorcycle
DEACTIVATE,6375,OK-Personalized -Motorcycle,ok-personalized-motorcycle,ok-personalized-plates-motorcycle.png,31949,new image larger (44219 vs 31949 bytes),
KEEP,13982,OK - Personalized Pink,ok-personalized-pink-v1,ok-personalized-pink.png,97782,"equal size (97782 bytes) — new uses preferred "" - "" format",ok-personalized-pink
DEACTIVATE,6374,OK-Personalized -Pink,ok-personalized-pink,ok-personalized-plates-pink.png,97782,"equal size (97782 bytes) — new uses preferred "" - "" format",
KEEP,13983,OK - Personalized Tan,ok-personalized-tan-v1,ok-personalized-tan.png,96729,"equal size (96729 bytes) — new uses preferred "" - "" format",ok-personalized-tan
DEACTIVATE,6373,OK-Personalized -Tan,ok-personalized-tan,ok-personalized-plates-tan.png,96729,"equal size (96729 bytes) — new uses preferred "" - "" format",
KEEP,13984,OK - Personalized White,ok-personalized-white-v1,ok-personalized-white.png,43586,new image larger (43586 vs 26828 bytes),ok-personalized-white
DEACTIVATE,6371,OK-Personalized -White,ok-personalized-white,ok-personalized-plates-white.png,26828,new image larger (43586 vs 26828 bytes),
KEEP,13985,OK - Personalized Yellow,ok-personalized-yellow-v1,ok-personalized-yellow.png,99731,"equal size (99731 bytes) — new uses preferred "" - "" format",ok-personalized-yellow
DEACTIVATE,6370,OK-Personalized -Yellow,ok-personalized-yellow,ok-personalized-plates-yellow.png,99731,"equal size (99731 bytes) — new uses preferred "" - "" format",
KEEP,13986,OK - Physically Disabled Back,ok-physically-disabled-back-v1,ok-physically-disabled-back.png,46895,"equal size (46895 bytes) — new uses preferred "" - "" format",ok-physically-disabled-back
DEACTIVATE,6341,OK-Physically Disabled-Back,ok-physically-disabled-back,ok-physically-disabled-back.jpg,46895,"equal size (46895 bytes) — new uses preferred "" - "" format",
KEEP,13987,OK - Physically Disabled Front,ok-physically-disabled-front-v1,ok-physically-disabled-front.png,52457,"equal size (52457 bytes) — new uses preferred "" - "" format",ok-physically-disabled-front
DEACTIVATE,6342,OK-Physically Disabled-Front,ok-physically-disabled-front,ok-physically-disabled-front.jpg,52457,"equal size (52457 bytes) — new uses preferred "" - "" format",
KEEP,13988,OK - Physically Disabled Motorcycle,ok-physically-disabled-motorcycle-v1,ok-physically-disabled-motorcycle.png,50424,"equal size (50424 bytes) — new uses preferred "" - "" format",ok-physically-disabled-motorcycle
DEACTIVATE,6343,OK-Physically Disabled-Motorcycle,ok-physically-disabled-motorcycle,ok-physically-disabled-motorcycle.jpg,50424,"equal size (50424 bytes) — new uses preferred "" - "" format",
KEEP,13946,OK - Red Cross Volunteer,ok-red-cross-volunteer-v1,ok-red-cross-volunteer.png,52458,"equal size (52458 bytes) — new uses preferred "" - "" format",ok-red-cross-volunteer
DEACTIVATE,6344,OK-Red Cross Volunteer,ok-red-cross-volunteer,ok-red-cross-volunteer.jpg,52458,"equal size (52458 bytes) — new uses preferred "" - "" format",
KEEP,13947,OK - Red Dirt Jeeps,ok-red-dirt-jeeps-v1,ok-red-dirt-jeeps.png,65763,"equal size (65763 bytes) — new uses preferred "" - "" format",ok-red-dirt-jeeps
DEACTIVATE,6345,OK-Red Dirt Jeeps,ok-red-dirt-jeeps,ok-red-dirt-jeeps.jpg,65763,"equal size (65763 bytes) — new uses preferred "" - "" format",
KEEP,13908,OK - Rotarian,ok-rotarian-v1,ok-rotarian.png,59858,"equal size (59858 bytes) — new uses preferred "" - "" format",ok-rotarian
DEACTIVATE,6346,OK-Rotarian,ok-rotarian,ok-rotarian.jpg,59858,"equal size (59858 bytes) — new uses preferred "" - "" format",
KEEP,13909,OK - Shriners Hospital For Children,ok-shriners-hospital-for-children-v1,ok-shriners-hospital-for-children.png,56436,"equal size (56436 bytes) — new uses preferred "" - "" format",ok-shriners-hospital-for-children
DEACTIVATE,6347,OK-Shriners Hospital for Children,ok-shriners-hospital-for-children,ok-shriners-hospital-for-children.jpg,56436,"equal size (56436 bytes) — new uses preferred "" - "" format",
KEEP,13949,OK - Sons Of The American Revolution,ok-sons-of-the-american-revolution-v1,ok-sons-of-the-american-revolution.png,61609,"equal size (61609 bytes) — new uses preferred "" - "" format",ok-sons-of-the-american-revolution
DEACTIVATE,6348,OK-Sons of the American Revolution,ok-sons-of-the-american-revolution,ok-sons-of-the-american-revolution.jpg,61609,"equal size (61609 bytes) — new uses preferred "" - "" format",
KEEP,13948,OK - Sons Of The American Revolution Motorcycle,ok-sons-of-the-american-revolution-motorcycle-v1,ok-sons-of-the-american-revolution-motorcycle.png,46689,"equal size (46689 bytes) — new uses preferred "" - "" format",ok-sons-of-the-american-revolution-motorcycle
DEACTIVATE,6349,OK-Sons of the American Revolution-Motorcycle,ok-sons-of-the-american-revolution-motorcycle,ok-sons-of-the-american-revolution-motorcycle.jpg,46689,"equal size (46689 bytes) — new uses preferred "" - "" format",
KEEP,13950,OK - Square And Round Dance,ok-square-and-round-dance-v1,ok-square-and-round-dance.png,54552,"equal size (54552 bytes) — new uses preferred "" - "" format",ok-square-and-round-dance
DEACTIVATE,6353,OK-Square and Round Dance,ok-square-and-round-dance,ok-square-and-round-dance.jpg,54552,"equal size (54552 bytes) — new uses preferred "" - "" format",
KEEP,13977,OK - State Parks Supporter Golf,ok-state-parks-supporter-golf-v1,ok-state-parks-supporter-golf.png,67533,"equal size (67533 bytes) — new uses preferred "" - "" format",ok-state-parks-supporter-golf
DEACTIVATE,6350,OK-State Parks Supporter-Golf,ok-state-parks-supporter-golf,ok-state-parks-supporter-golf.jpg,67533,"equal size (67533 bytes) — new uses preferred "" - "" format",
KEEP,13917,OK - State Parks Supporter Pavilion,ok-state-parks-supporter-pavilion-v1,ok-state-parks-supporter-pavilion.png,63784,"equal size (63784 bytes) — new uses preferred "" - "" format",ok-state-parks-supporter-pavilion
DEACTIVATE,6351,OK-State Parks Supporter-Pavilion,ok-state-parks-supporter-pavilion,ok-state-parks-supporter-pavilion.jpg,63784,"equal size (63784 bytes) — new uses preferred "" - "" format",
KEEP,13918,OK - State Parks Supporter RV,ok-state-parks-supporter-rv-v1,ok-state-parks-supporter-rv.png,55317,"equal size (55317 bytes) — new uses preferred "" - "" format",ok-state-parks-supporter-rv
DEACTIVATE,6352,OK-State Parks Supporter-RV,ok-state-parks-supporter-rv,ok-state-parks-supporter-rv.jpg,55317,"equal size (55317 bytes) — new uses preferred "" - "" format",
KEEP,13951,OK - Support Education,ok-support-education-v1,ok-support-education.png,41119,"equal size (41119 bytes) — new uses preferred "" - "" format",ok-support-education
DEACTIVATE,6354,OK-Support Education,ok-support-education,ok-support-education.jpg,41119,"equal size (41119 bytes) — new uses preferred "" - "" format",
KEEP,13952,OK - Support Our Troops,ok-support-our-troops-v1,ok-support-our-troops.png,60628,"equal size (60628 bytes) — new uses preferred "" - "" format",ok-support-our-troops
DEACTIVATE,6355,OK-Support Our Troops,ok-support-our-troops,ok-support-our-troops.jpg,60628,"equal size (60628 bytes) — new uses preferred "" - "" format",
KEEP,13953,OK - Tulsa Flag,ok-tulsa-flag-v1,ok-tulsa-flag.png,55430,"equal size (55430 bytes) — new uses preferred "" - "" format",ok-tulsa-flag
DEACTIVATE,6356,OK-Tulsa Flag,ok-tulsa-flag,ok-tulsa-flag.jpg,55430,"equal size (55430 bytes) — new uses preferred "" - "" format",
KEEP,13954,OK - Tulsa Zoo,ok-tulsa-zoo-v1,ok-tulsa-zoo.png,52342,"equal size (52342 bytes) — new uses preferred "" - "" format",ok-tulsa-zoo
DEACTIVATE,6357,OK-Tulsa Zoo,ok-tulsa-zoo,ok-tulsa-zoo.jpg,52342,"equal size (52342 bytes) — new uses preferred "" - "" format",
KEEP,13919,OK - Urban Forestry And Beautification,ok-urban-forestry-and-beautification-v1,ok-urban-forestry-and-beautification.png,74894,"equal size (74894 bytes) — new uses preferred "" - "" format",ok-urban-forestry-and-beautification
DEACTIVATE,6359,OK-Urban Forestry and Beautification,ok-urban-forestry-and-beautification,ok-urban-forestry-and-beautification.jpg,74894,"equal size (74894 bytes) — new uses preferred "" - "" format",
KEEP,13920,OK - Wildlife Conservation Bass,ok-wildlife-conservation-bass-v1,ok-wildlife-conservation-bass.png,66969,"equal size (66969 bytes) — new uses preferred "" - "" format",ok-wildlife-conservation-bass
DEACTIVATE,6360,OK-Wildlife Conservation-Bass,ok-wildlife-conservation-bass,ok-wildlife-conservation-bass.jpg,66969,"equal size (66969 bytes) — new uses preferred "" - "" format",
KEEP,13921,OK - Wildlife Conservation Deer,ok-wildlife-conservation-deer-v1,ok-wildlife-conservation-deer.png,63807,"equal size (63807 bytes) — new uses preferred "" - "" format",ok-wildlife-conservation-deer
DEACTIVATE,6361,OK-Wildlife Conservation-Deer,ok-wildlife-conservation-deer,ok-wildlife-conservation-deer.jpg,63807,"equal size (63807 bytes) — new uses preferred "" - "" format",
KEEP,13922,OK - Wildlife Conservation Mallard,ok-wildlife-conservation-mallard-v1,ok-wildlife-conservation-mallard.png,62297,"equal size (62297 bytes) — new uses preferred "" - "" format",ok-wildlife-conservation-mallard
DEACTIVATE,6362,OK-Wildlife Conservation-Mallard,ok-wildlife-conservation-mallard,ok-wildlife-conservation-mallard.jpg,62297,"equal size (62297 bytes) — new uses preferred "" - "" format",
KEEP,13923,OK - Wildlife Conservation Quail,ok-wildlife-conservation-quail-v1,ok-wildlife-conservation-quail.png,59700,"equal size (59700 bytes) — new uses preferred "" - "" format",ok-wildlife-conservation-quail
DEACTIVATE,6363,OK-Wildlife Conservation-Quail,ok-wildlife-conservation-quail,ok-wildlife-conservation-quail.jpg,59700,"equal size (59700 bytes) — new uses preferred "" - "" format",
KEEP,13924,OK - Wildlife Conservation Scissor Tail,ok-wildlife-conservation-scissor-tail-v1,ok-wildlife-conservation-scissor-tail.png,61320,"equal size (61320 bytes) — new uses preferred "" - "" format",ok-wildlife-conservation-scissor-tail
DEACTIVATE,6364,OK-Wildlife Conservation-Scissor Tail,ok-wildlife-conservation-scissor-tail,ok-wildlife-conservation-scissor-tail.jpg,61320,"equal size (61320 bytes) — new uses preferred "" - "" format",
KEEP,13925,OK - Wildlife Conservation Striper,ok-wildlife-conservation-striper-v1,ok-wildlife-conservation-striper.png,71279,"equal size (71279 bytes) — new uses preferred "" - "" format",ok-wildlife-conservation-striper
DEACTIVATE,6365,OK-Wildlife Conservation-Striper,ok-wildlife-conservation-striper,ok-wildlife-conservation-striper.jpg,71279,"equal size (71279 bytes) — new uses preferred "" - "" format",
KEEP,13926,OK - Wildlife Conservation Texas Horned Lizard,ok-wildlife-conservation-texas-horned-lizard-v1,ok-wildlife-conservation-texas-horned-lizard.png,67473,"equal size (67473 bytes) — new uses preferred "" - "" format",ok-wildlife-conservation-texas-horned-lizard
DEACTIVATE,6366,OK-Wildlife Conservation-Texas Horned Lizard,ok-wildlife-conservation-texas-horned-lizard,ok-wildlife-conservation-texas-horned-lizard.jpg,67473,"equal size (67473 bytes) — new uses preferred "" - "" format",
KEEP,13927,OK - Wildlife Conservation Trout,ok-wildlife-conservation-trout-v1,ok-wildlife-conservation-trout.png,67386,"equal size (67386 bytes) — new uses preferred "" - "" format",ok-wildlife-conservation-trout
DEACTIVATE,6367,OK-Wildlife Conservation-Trout,ok-wildlife-conservation-trout,ok-wildlife-conservation-trout.jpg,67386,"equal size (67386 bytes) — new uses preferred "" - "" format",
KEEP,13928,OK - Wildlife Conservation Turkey,ok-wildlife-conservation-turkey-v1,ok-wildlife-conservation-turkey.png,51579,"equal size (51579 bytes) — new uses preferred "" - "" format",ok-wildlife-conservation-turkey
DEACTIVATE,6368,OK-Wildlife Conservation-Turkey,ok-wildlife-conservation-turkey,ok-wildlife-conservation-turkey.jpg,51579,"equal size (51579 bytes) — new uses preferred "" - "" format",
KEEP,14174,OR - Bus,or-bus-v1,or-bus.jpg,29944,new image larger (29944 vs 20098 bytes),or-bus
DEACTIVATE,25,OR-Bus,or-bus,plate_25_1772248852.jpg,20098,new image larger (29944 vs 20098 bytes),
KEEP,14175,OR - Camper,or-camper-v1,or-camper.jpg,50156,new image larger (50156 vs 19191 bytes),or-camper
DEACTIVATE,26,OR-Camper,or-camper,plate_26_1772248813.jpg,19191,new image larger (50156 vs 19191 bytes),
KEEP,14179,OR - Disabled Veteran Motorcycle,or-disabled-veteran-motorcycle-v1,or-disabled-veteran-motorcycle.png,17023,new image larger (17023 vs 16187 bytes),or-disabled-veteran-motorcycle
DEACTIVATE,14166,OR - Disabled Veteran Motorcycle,or-disabled-veteran-motorcycle,OR-Disabled_Veteran_motorcycle.jpg,16187,new image larger (17023 vs 16187 bytes),
KEEP,6382,OR-Heavy Trailer,or-heavy-trailer,or-heavy-trailer.jpg,32598,old image larger (32598 vs 15327 bytes),
DEACTIVATE,14169,OR - Heavy Trailer,or-heavy-trailer-v1,OR-Heavy_Trailer.jpg,15327,old image larger (32598 vs 15327 bytes),
KEEP,14182,PA - Afghanistan And Iraq Veteran,pa-afghanistan-and-iraq-veteran-v1,pa-afghanistan-and-iraq-veteran.png,59599,"equal size (59599 bytes) — new uses preferred "" - "" format",pa-afghanistan-and-iraq-veteran
DEACTIVATE,6434,PA-Afghanistan and Iraq Veteran,pa-afghanistan-and-iraq-veteran,pa-afghanistan-and-iraq-veteran-registration-plate.png,59599,"equal size (59599 bytes) — new uses preferred "" - "" format",
KEEP,14183,PA - Air Medal,pa-air-medal-v1,pa-air-medal.png,51330,"equal size (51330 bytes) — new uses preferred "" - "" format",pa-air-medal
DEACTIVATE,6439,PA-Air Medal,pa-air-medal,pa-air-medal-registration-plate.png,51330,"equal size (51330 bytes) — new uses preferred "" - "" format",
KEEP,14185,PA - Blue Star Family,pa-blue-star-family-v1,pa-blue-star-family.png,44417,"equal size (44417 bytes) — new uses preferred "" - "" format",pa-blue-star-family
DEACTIVATE,6472,PA-Blue Star Family,pa-blue-star-family,pa-blue-star-family-registration-plate.png,44417,"equal size (44417 bytes) — new uses preferred "" - "" format",
KEEP,14248,PA - Korean Defense Service,pa-korean-defense-service-v1,pa-korean-defense-service.png,187473,new image larger (187473 vs 79382 bytes),pa-korean-defense-service
DEACTIVATE,6594,PA-Korean Defense Service,pa-korean-defense-service,pa-korean-defense-service.jpg,79382,new image larger (187473 vs 79382 bytes),
KEEP,6595,PA-Korean War Veteran,pa-korean-war-veteran,pa-korean-war-veteran.gif,39620,old image larger (39620 vs 16596 bytes),
DEACTIVATE,14249,PA - Korean War Veteran,pa-korean-war-veteran-v1,pa-korean-war-veteran.png,16596,old image larger (39620 vs 16596 bytes),
KEEP,6631,PA-Medal of Honor,pa-medal-of-honor,pa-medal-of-honor.jpg,43542,old image larger (43542 vs 20346 bytes),
DEACTIVATE,14257,PA - Medal Of Honor,pa-medal-of-honor-v1,pa-medal-of-honor.png,20346,old image larger (43542 vs 20346 bytes),
KEEP,14264,PA - Operation Enduring Freedom,pa-operation-enduring-freedom-v1,pa-operation-enduring-freedom.png,177879,new image larger (177879 vs 65088 bytes),pa-operation-enduring-freedom
DEACTIVATE,6670,PA-Operation Enduring Freedom,pa-operation-enduring-freedom,pa-operation-enduring-freedom.gif,65088,new image larger (177879 vs 65088 bytes),
KEEP,6676,PA-Pearl Harbor Survivor,pa-pearl-harbor-survivor,pa-pearl-harbor-survivor.gif,40273,old image larger (40273 vs 7636 bytes),
DEACTIVATE,14267,PA - Pearl Harbor Survivor,pa-pearl-harbor-survivor-v1,pa-pearl-harbor-survivor.png,7636,old image larger (40273 vs 7636 bytes),
KEEP,14187,PA - Pollinator Habitat,pa-pollinator-habitat-v1,pa-pollinator-habitat.png,65547,"equal size (65547 bytes) — new uses preferred "" - "" format",pa-pollinator-habitat
DEACTIVATE,6723,PA-Pollinator Habitat,pa-pollinator-habitat,pa-pollinator-habitat-registration-plate.png,65547,"equal size (65547 bytes) — new uses preferred "" - "" format",
KEEP,14188,PA - US Air Force Veteran Revised,pa-us-air-force-veteran-revised-v1,pa-us-air-force-veteran-revised.jpg,25087,"equal size (25087 bytes) — new uses preferred "" - "" format",pa-us-air-force-veteran-revised
DEACTIVATE,6790,PA-US Air Force Veteran Revised,pa-us-air-force-veteran-revised,pa-u-s-air-force-veteran-revised.jpg,25087,"equal size (25087 bytes) — new uses preferred "" - "" format",
KEEP,14189,PA - US Army Veteran,pa-us-army-veteran-v1,pa-us-army-veteran.jpg,23628,"equal size (23628 bytes) — new uses preferred "" - "" format",pa-us-army-veteran
DEACTIVATE,6791,PA-US Army Veteran,pa-us-army-veteran,pa-u-s-army-veteran.jpg,23628,"equal size (23628 bytes) — new uses preferred "" - "" format",
REVIEW,6792,PA-US Coast Guard Auxiliary,pa-us-coast-guard-auxiliary,pa-u-s-coast-guard-auxiliary.jpg,28053,2 variants found — manual review needed,
REVIEW,14190,PA - US Coast Guard Auxiliary,pa-us-coast-guard-auxiliary-v1,pa-us-coast-guard-auxiliary.jpg,28053,2 variants found — manual review needed,
REVIEW,14293,PA - US Coast Guard Auxiliary,pa-us-coast-guard-auxiliary-v2,pa-us-coast-guard_auxiliary.png,204545,2 variants found — manual review needed,
KEEP,14191,PA - US Coast Guard Veteran,pa-us-coast-guard-veteran-v1,pa-us-coast-guard-veteran.jpg,24435,"equal size (24435 bytes) — new uses preferred "" - "" format",pa-us-coast-guard-veteran
DEACTIVATE,6793,PA-US Coast Guard Veteran,pa-us-coast-guard-veteran,pa-u-s-coast-guard-veteran.jpg,24435,"equal size (24435 bytes) — new uses preferred "" - "" format",
KEEP,14192,PA - US Marine Corps Veteran,pa-us-marine-corps-veteran-v1,pa-us-marine-corps-veteran.jpg,25725,"equal size (25725 bytes) — new uses preferred "" - "" format",pa-us-marine-corps-veteran
DEACTIVATE,6794,PA-US Marine Corps Veteran,pa-us-marine-corps-veteran,pa-u-s-marine-corps-veteran.jpg,25725,"equal size (25725 bytes) — new uses preferred "" - "" format",
KEEP,14193,PA - US Navy Veteran,pa-us-navy-veteran-v1,pa-us-navy-veteran.jpg,24587,"equal size (24587 bytes) — new uses preferred "" - "" format",pa-us-navy-veteran
DEACTIVATE,6789,PA-US  Navy Veteran,pa-us-navy-veteran,pa-u-s-navy-veteran.jpg,24587,"equal size (24587 bytes) — new uses preferred "" - "" format",
KEEP,14335,PE - Alt Motorcycle Personalized Plain French v2,pe-alt-motorcycle-personalized-plain-french-v2,pe-alt-motorcycle-personalized-plain-french-v2.png,54692,new image larger (54692 vs 51387 bytes),pe-alt-motorcycle-personalized-plain-french
DEACTIVATE,14336,PE - Alt Motorcycle Personalized Plain French,pe-alt-motorcycle-personalized-plain-french,pe-alt-motorcycle-personalized-plain-french.png,51387,new image larger (54692 vs 51387 bytes),
KEEP,14407,RI - Antique,ri-antique-v1,ri-antique.png,127902,"equal size (127902 bytes) — new uses preferred "" - "" format",ri-antique
DEACTIVATE,8348,RI-Antique,ri-antique,ri-antique-plates.png,127902,"equal size (127902 bytes) — new uses preferred "" - "" format",
KEEP,14392,RI - Autism Awareness,ri-autism-awareness-v1,ri-autism-awareness.png,16060,"equal size (16060 bytes) — new uses preferred "" - "" format",ri-autism-awareness
DEACTIVATE,8336,RI-Autism Awareness,ri-autism-awareness,ri-autism-awareness.jpg,16060,"equal size (16060 bytes) — new uses preferred "" - "" format",
KEEP,14383,RI - Beavertail Lighthouse,ri-beavertail-lighthouse-v1,ri-beavertail-lighthouse.png,206752,"equal size (206752 bytes) — new uses preferred "" - "" format",ri-beavertail-lighthouse
DEACTIVATE,8337,RI-Beavertail Lighthouse,ri-beavertail-lighthouse,ri-beavertail-lighthouse.jpg,206752,"equal size (206752 bytes) — new uses preferred "" - "" format",
KEEP,14400,RI - Boston Bruins Foundation,ri-boston-bruins-foundation-v1,ri-boston-bruins-foundation.png,16975,"equal size (16975 bytes) — new uses preferred "" - "" format",ri-boston-bruins-foundation
DEACTIVATE,8325,RI-Boston Bruins Foundation,ri-boston-bruins-foundation,ri-boston-bruins-foundation.jpg,16975,"equal size (16975 bytes) — new uses preferred "" - "" format",
KEEP,14393,RI - Boy Scouts Of America,ri-boy-scouts-of-america-v1,ri-boy-scouts-of-america.png,16540,"equal size (16540 bytes) — new uses preferred "" - "" format",ri-boy-scouts-of-america
DEACTIVATE,8338,RI-Boy Scouts of America,ri-boy-scouts-of-america,ri-boy-scouts-of-america.jpg,16540,"equal size (16540 bytes) — new uses preferred "" - "" format",
KEEP,14394,RI - Bristol Fourth Of July,ri-bristol-fourth-of-july-v1,ri-bristol-fourth-of-july.png,130180,new image larger (130180 vs 28731 bytes),ri-bristol-fourth-of-july
DEACTIVATE,8326,RI-Bristol-Fourth of July,ri-bristol-fourth-of-july,ri-bristol-fourth-of-july.jpg,28731,new image larger (130180 vs 28731 bytes),
KEEP,14370,RI - Bronze Star Medal,ri-bronze-star-medal-v1,ri-bronze-star-medal.png,49419,new image larger (49419 vs 14591 bytes),ri-bronze-star-medal
DEACTIVATE,8363,RI-Bronze Star Medal,ri-bronze-star-medal,ri-bronze-star-medal.jpg,14591,new image larger (49419 vs 14591 bytes),
KEEP,14408,RI - Camper,ri-camper-v1,ri-camper.png,44003,new image larger (44003 vs 13983 bytes),ri-camper
DEACTIVATE,8350,RI-Camper,ri-camper,ri-camper-plates.jpg,13983,new image larger (44003 vs 13983 bytes),
KEEP,14376,RI - Combination,ri-combination-v1,ri-combination.png,48050,new image larger (48050 vs 15067 bytes),ri-combination
DEACTIVATE,8345,RI-Combination,ri-combination,ri-combination-plates.jpg,15067,new image larger (48050 vs 15067 bytes),
KEEP,14377,RI - Commercial,ri-commercial-v1,ri-commercial.png,47806,new image larger (47806 vs 15039 bytes),ri-commercial
DEACTIVATE,8344,RI-Commercial,ri-commercial,ri-commercial-plates.jpg,15039,new image larger (47806 vs 15039 bytes),
KEEP,14385,RI - Conservation Through Education,ri-conservation-through-education-v1,ri-conservation-through-education.png,108139,new image larger (108139 vs 22938 bytes),ri-conservation-through-education
DEACTIVATE,8327,RI-Conservation Through Education,ri-conservation-through-education,ri-conservation-through-education.jpg,22938,new image larger (108139 vs 22938 bytes),
KEEP,14409,RI - Custom Vehicle,ri-custom-vehicle-v1,ri-custom-vehicle.png,74195,new image larger (74195 vs 16486 bytes),ri-custom-vehicle
DEACTIVATE,8355,RI-Custom Vehicle,ri-custom-vehicle,ri-custom-vehicle.jpg,16486,new image larger (74195 vs 16486 bytes),
KEEP,14396,RI - Day Of Portugal,ri-day-of-portugal-v1,ri-day-of-portugal.png,128913,new image larger (128913 vs 14708 bytes),ri-day-of-portugal
DEACTIVATE,8342,RI-Day of Portugal,ri-day-of-portugal,ri-ri-day-of-portugal.jpg,14708,new image larger (128913 vs 14708 bytes),
KEEP,14380,RI - Farm,ri-farm-v1,ri-farm.png,42104,new image larger (42104 vs 13315 bytes),ri-farm
DEACTIVATE,8353,RI-Farm,ri-farm,ri-farm.jpg,13315,new image larger (42104 vs 13315 bytes),
KEEP,14397,RI - Gaspee Days Committee,ri-gaspee-days-committee-v1,ri-gaspee-days-committee.png,226674,new image larger (226674 vs 31062 bytes),ri-gaspee-days-committee
DEACTIVATE,8340,RI-Gaspee Days Committee,ri-gaspee-days-committee,ri-gaspee-days-committee.jpg,31062,new image larger (226674 vs 31062 bytes),
KEEP,14398,RI - Gloria Gemma Breast Cancer Resource Foundation,ri-gloria-gemma-breast-cancer-resource-foundation-v1,ri-gloria-gemma-breast-cancer-resource-foundation.png,86668,new image larger (86668 vs 17964 bytes),ri-gloria-gemma-breast-cancer-resource-foundation
DEACTIVATE,8328,RI-Gloria Gemma Breast Cancer Resource Foundation,ri-gloria-gemma-breast-cancer-resource-foundation,ri-gloria-gemma-breast-cancer-resource-foundation.jpg,17964,new image larger (86668 vs 17964 bytes),
KEEP,14371,RI - Gold Star Family,ri-gold-star-family-v1,ri-gold-star-family.png,61107,new image larger (61107 vs 18011 bytes),ri-gold-star-family
DEACTIVATE,8362,RI-Gold Star Family,ri-gold-star-family,ri-gold-star-family.jpg,18011,new image larger (61107 vs 18011 bytes),
KEEP,14411,RI - Motorcycle,ri-motorcycle-v1,ri-motorcycle.png,48514,new image larger (48514 vs 15454 bytes),ri-motorcycle
DEACTIVATE,8347,RI-Motorcycle,ri-motorcycle,ri-motorcycle-plates.jpg,15454,new image larger (48514 vs 15454 bytes),
KEEP,14386,RI - Plum Beach Lighthouse,ri-plum-beach-lighthouse-v1,ri-plum-beach-lighthouse.png,112818,new image larger (112818 vs 24200 bytes),ri-plum-beach-lighthouse
DEACTIVATE,8330,RI-Plum Beach Lighthouse,ri-plum-beach-lighthouse,ri-plum-beach-lighthouse.jpg,24200,new image larger (112818 vs 24200 bytes),
KEEP,14391,RI - Providence College,ri-providence-college-v1,ri-providence-college.png,105374,new image larger (105374 vs 20295 bytes),ri-providence-college
DEACTIVATE,8341,RI-Providence College,ri-providence-college,ri-providence-college.jpg,20295,new image larger (105374 vs 20295 bytes),
KEEP,14412,RI - Radio Operator,ri-radio-operator-v1,ri-radio-operator.png,47677,new image larger (47677 vs 15040 bytes),ri-radio-operator
DEACTIVATE,8352,RI-Radio Operator,ri-radio-operator,ri-radio-operator.jpg,15040,new image larger (47677 vs 15040 bytes),
KEEP,14401,RI - Red Sox Foundation,ri-red-sox-foundation-v1,ri-red-sox-foundation.png,144683,new image larger (144683 vs 18257 bytes),ri-red-sox-foundation
DEACTIVATE,8332,RI-Red Sox Foundation,ri-red-sox-foundation,ri-red-sox-foundation.jpg,18257,new image larger (144683 vs 18257 bytes),
KEEP,14388,RI - Rocky Point Foundation,ri-rocky-point-foundation-v1,ri-rocky-point-foundation.png,17320,"equal size (17320 bytes) — new uses preferred "" - "" format",ri-rocky-point-foundation
DEACTIVATE,8333,RI-Rocky Point Foundation,ri-rocky-point-foundation,ri-rocky-point-foundation.jpg,17320,"equal size (17320 bytes) — new uses preferred "" - "" format",
KEEP,14414,RI - Street Rod,ri-street-rod-v1,ri-street-rod.png,81405,new image larger (81405 vs 14867 bytes),ri-street-rod
DEACTIVATE,8354,RI-Street Rod,ri-street-rod,ri-street-rod.jpg,14867,new image larger (81405 vs 14867 bytes),
KEEP,14415,RI - Suburban,ri-suburban-v1,ri-suburban.png,45899,new image larger (45899 vs 14666 bytes),ri-suburban
DEACTIVATE,8351,RI-Suburban,ri-suburban,ri-suburban-plates.jpg,14666,new image larger (45899 vs 14666 bytes),
KEEP,14382,RI - Trailer,ri-trailer-v1,ri-trailer.png,43242,new image larger (43242 vs 13792 bytes),ri-trailer
DEACTIVATE,8346,RI-Trailer,ri-trailer,ri-trailer-plates.jpg,13792,new image larger (43242 vs 13792 bytes),
KEEP,14372,RI - Veteran Motorcycle,ri-veteran-motorcycle-v1,ri-veteran-motorcycle.png,763778,new image larger (763778 vs 177060 bytes),ri-veteran-motorcycle
DEACTIVATE,8357,RI-Veteran-Motorcycle,ri-veteran-motorcycle,ri-motorcycle-veteran.png,177060,new image larger (763778 vs 177060 bytes),
KEEP,14390,RI - Wildlife Rehabilitators,ri-wildlife-rehabilitators-v1,ri-wildlife-rehabilitators.png,132382,new image larger (132382 vs 27223 bytes),ri-wildlife-rehabilitators
DEACTIVATE,8334,RI-Wildlife Rehabilitators,ri-wildlife-rehabilitators,ri-wildlife-rehabilitators.jpg,27223,new image larger (132382 vs 27223 bytes),
REVIEW,8366,SC-Air Force-Distinguished Service Cross,sc-air-force-distinguished-service-cross,sc-air-force-distinguished-service-cross.png,46086,2 variants found — manual review needed,
REVIEW,14425,SC - Air Force Distinguished Service Cross v1,sc-air-force-distinguished-service-cross-v1,sc-air-force-distinguished-service-cross-v1.png,46086,2 variants found — manual review needed,
REVIEW,14426,SC - Air Force Distinguished Service Cross v2,sc-air-force-distinguished-service-cross-v2,sc-air-force-distinguished-service-cross-v2.png,101488,2 variants found — manual review needed,
REVIEW,8367,SC-Air Force-Distinguished Service Medal,sc-air-force-distinguished-service-medal,sc-air-force-distinguished-service-medal.png,14984,2 variants found — manual review needed,
REVIEW,14427,SC - Air Force Distinguished Service Medal v1,sc-air-force-distinguished-service-medal-v1,sc-air-force-distinguished-service-medal-v1.png,14984,2 variants found — manual review needed,
REVIEW,14428,SC - Air Force Distinguished Service Medal v2,sc-air-force-distinguished-service-medal-v2,sc-air-force-distinguished-service-medal-v2.png,112688,2 variants found — manual review needed,
REVIEW,8368,SC-Air Medal,sc-air-medal,sc-air-medal.png,83792,2 variants found — manual review needed,
REVIEW,14429,SC - Air Medal v1,sc-air-medal-v1,sc-air-medal-v1.png,83792,2 variants found — manual review needed,
REVIEW,14430,SC - Air Medal v2,sc-air-medal-v2,sc-air-medal-v2.png,85912,2 variants found — manual review needed,
REVIEW,8379,SC-Army,sc-army,sc-army.png,93265,2 variants found — manual review needed,
REVIEW,14434,SC - Army v1,sc-army-v1,sc-army-v1.png,93265,2 variants found — manual review needed,
REVIEW,14435,SC - Army v2,sc-army-v2,sc-army-v2.png,56530,2 variants found — manual review needed,
KEEP,14432,SC - Army Distinguished Service Cross,sc-army-distinguished-service-cross-v1,sc-army-distinguished-service-cross.png,97291,new image larger (97291 vs 58984 bytes),sc-army-distinguished-service-cross
DEACTIVATE,8380,SC-Army-Distinguished Service Cross,sc-army-distinguished-service-cross,sc-distinguished-service-cross-army.png,58984,new image larger (97291 vs 58984 bytes),
KEEP,14433,SC - Army Distinguished Service Medal,sc-army-distinguished-service-medal-v1,sc-army-distinguished-service-medal.png,72512,"equal size (72512 bytes) — new uses preferred "" - "" format",sc-army-distinguished-service-medal
DEACTIVATE,8381,SC-Army-Distinguished Service Medal,sc-army-distinguished-service-medal,sc-army-distinguished-service-medal-plate.png,72512,"equal size (72512 bytes) — new uses preferred "" - "" format",
KEEP,14416,SC - Back The Badge,sc-back-the-badge-v1,sc-back-the-badge.png,22667,"equal size (22667 bytes) — new uses preferred "" - "" format",sc-back-the-badge
DEACTIVATE,10183,SC-Back The Badge,sc-back-the-badge,plate_10183_1774758381.png,22667,"equal size (22667 bytes) — new uses preferred "" - "" format",
REVIEW,8386,SC-Benedict College,sc-benedict-college,sc-benedict-college.png,19876,2 variants found — manual review needed,
REVIEW,14505,SC - Benedict College v1,sc-benedict-college-v1,sc-benedict-college-v1.png,19876,2 variants found — manual review needed,
REVIEW,14506,SC - Benedict College v2,sc-benedict-college-v2,sc-benedict-college-v2.png,91024,2 variants found — manual review needed,
REVIEW,8391,SC-Bronze Star,sc-bronze-star,sc-bronze-star.png,70970,2 variants found — manual review needed,
REVIEW,14436,SC - Bronze Star v1,sc-bronze-star-v1,sc-bronze-star-v1.png,70970,2 variants found — manual review needed,
REVIEW,14437,SC - Bronze Star v2,sc-bronze-star-v2,sc-bronze-star-v2.png,83693,2 variants found — manual review needed,
KEEP,14555,SC - Catawba Nation,sc-catawba-nation-v1,sc-catawba-nation.png,98459,"equal size (98459 bytes) — new uses preferred "" - "" format",sc-catawba-nation
DEACTIVATE,10185,SC-Catawba Nation,sc-catawba-nation,plate_10185_1774759298.png,98459,"equal size (98459 bytes) — new uses preferred "" - "" format",
KEEP,14557,SC - Childrens Hospital Of Greenville Health System,sc-childrens-hospital-of-greenville-health-system-v1,sc-childrens-hospital-of-greenville-health-system.png,19726,"equal size (19726 bytes) — new uses preferred "" - "" format",sc-childrens-hospital-of-greenville-health-system
DEACTIVATE,8398,SC-Children's Hospital of Greenville Health System,sc-childrens-hospital-of-greenville-health-system,sc-children-s-hospital-of-greenville-health-system.png,19726,"equal size (19726 bytes) — new uses preferred "" - "" format",
REVIEW,8406,SC-Coast Guard,sc-coast-guard,sc-coast-guard.png,94812,2 variants found — manual review needed,
REVIEW,14440,SC - Coast Guard v1,sc-coast-guard-v1,sc-coast-guard-v1.png,94812,2 variants found — manual review needed,
REVIEW,14441,SC - Coast Guard v2,sc-coast-guard-v2,sc-coast-guard-v2.png,95156,2 variants found — manual review needed,
REVIEW,8407,SC-Coast Guard-Distinguished Service Medal,sc-coast-guard-distinguished-service-medal,sc-coast-guard-distinguished-service-medal.png,16286,2 variants found — manual review needed,
REVIEW,14438,SC - Coast Guard Distinguished Service Medal v1,sc-coast-guard-distinguished-service-medal-v1,sc-coast-guard-distinguished-service-medal-v1.png,16286,2 variants found — manual review needed,
REVIEW,14439,SC - Coast Guard Distinguished Service Medal v2,sc-coast-guard-distinguished-service-medal-v2,sc-coast-guard-distinguished-service-medal-v2.png,117535,2 variants found — manual review needed,
REVIEW,8409,SC-College of Charleston,sc-college-of-charleston,sc-college-of-charleston.png,15972,2 variants found — manual review needed,
REVIEW,14515,SC - College Of Charleston v1,sc-college-of-charleston-v1,sc-college-of-charleston-v1.png,15972,2 variants found — manual review needed,
REVIEW,14516,SC - College Of Charleston v2,sc-college-of-charleston-v2,sc-college-of-charleston-v2.png,67046,2 variants found — manual review needed,
REVIEW,8410,SC-Columbia College,sc-columbia-college,sc-columbia-college.png,15256,2 variants found — manual review needed,
REVIEW,14517,SC - Columbia College v1,sc-columbia-college-v1,sc-columbia-college-v1.png,15256,2 variants found — manual review needed,
REVIEW,14518,SC - Columbia College v2,sc-columbia-college-v2,sc-columbia-college-v2.png,71670,2 variants found — manual review needed,
REVIEW,8411,SC-Combat Related Disabled Veteran,sc-combat-related-disabled-veteran,sc-combat-related-disabled-veteran.png,61490,2 variants found — manual review needed,
REVIEW,14442,SC - Combat Related Disabled Veteran v1,sc-combat-related-disabled-veteran-v1,sc-combat-related-disabled-veteran-v1.png,61490,2 variants found — manual review needed,
REVIEW,14443,SC - Combat Related Disabled Veteran v2,sc-combat-related-disabled-veteran-v2,sc-combat-related-disabled-veteran-v2.png,59893,2 variants found — manual review needed,
KEEP,14559,SC - Connie Maxwell Childrens Ministry,sc-connie-maxwell-childrens-ministry-v1,sc-connie-maxwell-childrens-ministry.png,91240,"equal size (91240 bytes) — new uses preferred "" - "" format",sc-connie-maxwell-childrens-ministry
DEACTIVATE,8412,SC-Connie Maxwell Children's Ministry,sc-connie-maxwell-childrens-ministry,sc-connie-maxwell-children-s-ministry.png,91240,"equal size (91240 bytes) — new uses preferred "" - "" format",
REVIEW,8415,SC-Darlington Raceway,sc-darlington-raceway,sc-darlington-raceway.png,87244,2 variants found — manual review needed,
REVIEW,14569,SC - Darlington Raceway v1,sc-darlington-raceway-v1,sc-darlington-raceway-v1.png,87244,2 variants found — manual review needed,
REVIEW,14570,SC - Darlington Raceway v2,sc-darlington-raceway-v2,sc-darlington-raceway-v2.png,132549,2 variants found — manual review needed,
REVIEW,8419,SC-Disabled,sc-disabled,sc-disabled-plates.png,82546,2 variants found — manual review needed,
REVIEW,14580,SC - Disabled v1,sc-disabled-v1,sc-disabled-v1.png,82546,2 variants found — manual review needed,
REVIEW,14581,SC - Disabled v2,sc-disabled-v2,sc-disabled-v2.png,60061,2 variants found — manual review needed,
REVIEW,8422,SC-Distinguished Flying Cross,sc-distinguished-flying-cross,sc-distinguished-flying-cross.png,87327,2 variants found — manual review needed,
REVIEW,14444,SC - Distinguished Flying Cross v1,sc-distinguished-flying-cross-v1,sc-distinguished-flying-cross-v1.png,87327,2 variants found — manual review needed,
REVIEW,14445,SC - Distinguished Flying Cross v2,sc-distinguished-flying-cross-v2,sc-distinguished-flying-cross-v2.png,97011,2 variants found — manual review needed,
KEEP,14560,SC - Drivers For A Cure,sc-drivers-for-a-cure-v1,sc-drivers-for-a-cure.png,89902,"equal size (89902 bytes) — new uses preferred "" - "" format",sc-drivers-for-a-cure
DEACTIVATE,8426,SC-Driver's For a Cure,sc-drivers-for-a-cure,sc-driver-s-for-a-cure.png,89902,"equal size (89902 bytes) — new uses preferred "" - "" format",
REVIEW,8434,SC-Farm Vehicle,sc-farm-vehicle,sc-farm-vehicle.png,108721,2 variants found — manual review needed,
REVIEW,14491,SC - Farm Vehicle v1,sc-farm-vehicle-v1,sc-farm-vehicle-v1.png,108721,2 variants found — manual review needed,
REVIEW,14492,SC - Farm Vehicle v2,sc-farm-vehicle-v2,sc-farm-vehicle-v2.png,44812,2 variants found — manual review needed,
REVIEW,8461,SC-Marine Corps,sc-marine-corps,sc-marine-corps.png,94334,2 variants found — manual review needed,
REVIEW,14448,SC - Marine Corps v1,sc-marine-corps-v1,sc-marine-corps-v1.png,94334,2 variants found — manual review needed,
REVIEW,14449,SC - Marine Corps v2,sc-marine-corps-v2,sc-marine-corps-v2.png,119791,2 variants found — manual review needed,
REVIEW,8462,SC-Marine Corps Distinguished Service Medal,sc-marine-corps-distinguished-service-medal,sc-marine-corps-distinguished-service-medal.png,19581,2 variants found — manual review needed,
REVIEW,14446,SC - Marine Corps Distinguished Service Medal v1,sc-marine-corps-distinguished-service-medal-v1,sc-marine-corps-distinguished-service-medal-v1.png,19581,2 variants found — manual review needed,
REVIEW,14447,SC - Marine Corps Distinguished Service Medal v2,sc-marine-corps-distinguished-service-medal-v2,sc-marine-corps-distinguished-service-medal-v2.png,117117,2 variants found — manual review needed,
REVIEW,8464,SC-Medal of Honor Air Force,sc-medal-of-honor-air-force,sc-medal-of-honor-air-force.png,73498,2 variants found — manual review needed,
REVIEW,14450,SC - Medal Of Honor Air Force v1,sc-medal-of-honor-air-force-v1,sc-medal-of-honor-air-force-v1.png,73498,2 variants found — manual review needed,
REVIEW,14451,SC - Medal Of Honor Air Force v2,sc-medal-of-honor-air-force-v2,sc-medal-of-honor-air-force-v2.png,102314,2 variants found — manual review needed,
REVIEW,8465,SC-Medal of Honor Army,sc-medal-of-honor-army,sc-medal-of-honor-army.png,73322,2 variants found — manual review needed,
REVIEW,14452,SC - Medal Of Honor Army v1,sc-medal-of-honor-army-v1,sc-medal-of-honor-army-v1.png,73322,2 variants found — manual review needed,
REVIEW,14453,SC - Medal Of Honor Army v2,sc-medal-of-honor-army-v2,sc-medal-of-honor-army-v2.png,95028,2 variants found — manual review needed,
REVIEW,8466,SC-Medal of Honor Navy,sc-medal-of-honor-navy,sc-medal-of-honor-navy.png,73838,2 variants found — manual review needed,
REVIEW,14454,SC - Medal Of Honor Navy v1,sc-medal-of-honor-navy-v1,sc-medal-of-honor-navy-v1.png,73838,2 variants found — manual review needed,
REVIEW,14455,SC - Medal Of Honor Navy v2,sc-medal-of-honor-navy-v2,sc-medal-of-honor-navy-v2.png,98572,2 variants found — manual review needed,
REVIEW,8471,SC-Morris College,sc-morris-college,sc-morris-college.png,22186,2 variants found — manual review needed,
REVIEW,14529,SC - Morris College v1,sc-morris-college-v1,sc-morris-college-v1.png,22186,2 variants found — manual review needed,
REVIEW,14530,SC - Morris College v2,sc-morris-college-v2,sc-morris-college-v2.png,103585,2 variants found — manual review needed,
KEEP,14562,SC - Musc Childrens Hospital,sc-musc-childrens-hospital-v1,sc-musc-childrens-hospital.png,82228,"equal size (82228 bytes) — new uses preferred "" - "" format",sc-musc-childrens-hospital
DEACTIVATE,8477,SC-MUSC Children's Hospital,sc-musc-childrens-hospital,sc-musc-children-s-hospital.png,82228,"equal size (82228 bytes) — new uses preferred "" - "" format",
REVIEW,8480,SC-Navy Distinguished Service Cross,sc-navy-distinguished-service-cross,sc-navy-distinguished-service-cross.png,14492,2 variants found — manual review needed,
REVIEW,14457,SC - Navy Distinguished Service Cross v1,sc-navy-distinguished-service-cross-v1,sc-navy-distinguished-service-cross-v1.png,14492,2 variants found — manual review needed,
REVIEW,14458,SC - Navy Distinguished Service Cross v2,sc-navy-distinguished-service-cross-v2,sc-navy-distinguished-service-cross-v2.png,100622,2 variants found — manual review needed,
REVIEW,8481,SC-Navy Distinguished Service Medal,sc-navy-distinguished-service-medal,sc-navy-distinguished-service-medal.png,16457,2 variants found — manual review needed,
REVIEW,14459,SC - Navy Distinguished Service Medal v1,sc-navy-distinguished-service-medal-v1,sc-navy-distinguished-service-medal-v1.png,16457,2 variants found — manual review needed,
REVIEW,14460,SC - Navy Distinguished Service Medal v2,sc-navy-distinguished-service-medal-v2,sc-navy-distinguished-service-medal-v2.png,113087,2 variants found — manual review needed,
REVIEW,8482,SC-Newberry College,sc-newberry-college,sc-newberry-college.png,15587,2 variants found — manual review needed,
REVIEW,14531,SC - Newberry College v1,sc-newberry-college-v1,sc-newberry-college-v1.png,15587,2 variants found — manual review needed,
REVIEW,14532,SC - Newberry College v2,sc-newberry-college-v2,sc-newberry-college-v2.png,61453,2 variants found — manual review needed,
REVIEW,8484,SC-Normandy Invasion Survivor,sc-normandy-invasion-survivor,sc-normandy-invasion-survivor.png,84278,2 variants found — manual review needed,
REVIEW,14461,SC - Normandy Invasion Survivor v1,sc-normandy-invasion-survivor-v1,sc-normandy-invasion-survivor-v1.png,84278,2 variants found — manual review needed,
REVIEW,14462,SC - Normandy Invasion Survivor v2,sc-normandy-invasion-survivor-v2,sc-normandy-invasion-survivor-v2.png,92160,2 variants found — manual review needed,
REVIEW,8491,SC-Operating Enduring Freedom,sc-operating-enduring-freedom,sc-operating-enduring-freedom.png,89975,2 variants found — manual review needed,
REVIEW,14463,SC - Operating Enduring Freedom v1,sc-operating-enduring-freedom-v1,sc-operating-enduring-freedom-v1.png,89975,2 variants found — manual review needed,
REVIEW,14464,SC - Operating Enduring Freedom v2,sc-operating-enduring-freedom-v2,sc-operating-enduring-freedom-v2.png,89312,2 variants found — manual review needed,
REVIEW,8490,SC-Operation Desert Shield-Desert Storm,sc-operation-desert-shield-desert-storm,sc-operation-desert-shield-desert-storm.png,93866,2 variants found — manual review needed,
REVIEW,14465,SC - Operation Desert Shield Desert Storm v1,sc-operation-desert-shield-desert-storm-v1,sc-operation-desert-shield-desert-storm-v1.png,93866,2 variants found — manual review needed,
REVIEW,14466,SC - Operation Desert Shield Desert Storm v2,sc-operation-desert-shield-desert-storm-v2,sc-operation-desert-shield-desert-storm-v2.png,95337,2 variants found — manual review needed,
REVIEW,8492,SC-Operation Iraqi Freedom,sc-operation-iraqi-freedom,sc-operation-iraqi-freedom.png,82709,2 variants found — manual review needed,
REVIEW,14467,SC - Operation Iraqi Freedom v1,sc-operation-iraqi-freedom-v1,sc-operation-iraqi-freedom-v1.png,82709,2 variants found — manual review needed,
REVIEW,14468,SC - Operation Iraqi Freedom v2,sc-operation-iraqi-freedom-v2,sc-operation-iraqi-freedom-v2.png,84363,2 variants found — manual review needed,
REVIEW,8494,SC-Palmetto Cross,sc-palmetto-cross,sc-palmetto-cross.png,65400,2 variants found — manual review needed,
REVIEW,14469,SC - Palmetto Cross v1,sc-palmetto-cross-v1,sc-palmetto-cross-v1.png,65400,2 variants found — manual review needed,
REVIEW,14470,SC - Palmetto Cross v2,sc-palmetto-cross-v2,sc-palmetto-cross-v2.png,105712,2 variants found — manual review needed,
KEEP,14564,SC - Palmetto Health Childrens Hospital,sc-palmetto-health-childrens-hospital-v1,sc-palmetto-health-childrens-hospital.png,93087,"equal size (93087 bytes) — new uses preferred "" - "" format",sc-palmetto-health-childrens-hospital
DEACTIVATE,8495,SC-Palmetto Health Children's Hospital,sc-palmetto-health-childrens-hospital,sc-palmetto-health-children-s-hospital.png,93087,"equal size (93087 bytes) — new uses preferred "" - "" format",
REVIEW,8497,SC-Pearl Harbor,sc-pearl-harbor,sc-pearl-harbor.png,58111,2 variants found — manual review needed,
REVIEW,14471,SC - Pearl Harbor v1,sc-pearl-harbor-v1,sc-pearl-harbor-v1.png,58111,2 variants found — manual review needed,
REVIEW,14472,SC - Pearl Harbor v2,sc-pearl-harbor-v2,sc-pearl-harbor-v2.png,68187,2 variants found — manual review needed,
REVIEW,8504,SC-Presbyterian College,sc-presbyterian-college,sc-presbyterian-college.png,15112,2 variants found — manual review needed,
REVIEW,14536,SC - Presbyterian College v1,sc-presbyterian-college-v1,sc-presbyterian-college-v1.png,15112,2 variants found — manual review needed,
REVIEW,14537,SC - Presbyterian College v2,sc-presbyterian-college-v2,sc-presbyterian-college-v2.png,64654,2 variants found — manual review needed,
REVIEW,8507,SC-Prisoner of War,sc-prisoner-of-war,sc-prisoner-of-war.png,80058,2 variants found — manual review needed,
REVIEW,14473,SC - Prisoner Of War v1,sc-prisoner-of-war-v1,sc-prisoner-of-war-v1.png,80058,2 variants found — manual review needed,
REVIEW,14474,SC - Prisoner Of War v2,sc-prisoner-of-war-v2,sc-prisoner-of-war-v2.png,92983,2 variants found — manual review needed,
REVIEW,8511,SC-Purple Heart,sc-purple-heart,sc-purple-heart.png,57477,2 variants found — manual review needed,
REVIEW,14475,SC - Purple Heart v1,sc-purple-heart-v1,sc-purple-heart-v1.png,57477,2 variants found — manual review needed,
REVIEW,14476,SC - Purple Heart v2,sc-purple-heart-v2,sc-purple-heart-v2.png,72186,2 variants found — manual review needed,
REVIEW,8535,SC-Silver Star,sc-silver-star,sc-silver-star.png,63538,2 variants found — manual review needed,
REVIEW,14477,SC - Silver Star v1,sc-silver-star-v1,sc-silver-star-v1.png,63538,2 variants found — manual review needed,
REVIEW,14478,SC - Silver Star v2,sc-silver-star-v2,sc-silver-star-v2.png,84530,2 variants found — manual review needed,
REVIEW,8537,SC-Soldier's Medal,sc-soldiers-medal,sc-soldier-s-medal.png,89549,2 variants found — manual review needed,
REVIEW,14479,SC - Soldiers Medal v1,sc-soldiers-medal-v1,sc-soldiers-medal-v1.png,89549,2 variants found — manual review needed,
REVIEW,14480,SC - Soldiers Medal v2,sc-soldiers-medal-v2,sc-soldiers-medal-v2.png,97718,2 variants found — manual review needed,
REVIEW,8536,SC-Space Force,sc-space-force,sc-space-force.png,98864,2 variants found — manual review needed,
REVIEW,14481,SC - Space Force v1,sc-space-force-v1,sc-space-force-v1.png,98864,2 variants found — manual review needed,
REVIEW,14482,SC - Space Force v2,sc-space-force-v2,sc-space-force-v2.png,68350,2 variants found — manual review needed,
REVIEW,8543,SC-Support Our Troops,sc-support-our-troops,sc-support-our-troops.png,16237,2 variants found — manual review needed,
REVIEW,14483,SC - Support Our Troops v1,sc-support-our-troops-v1,sc-support-our-troops-v1.png,16237,2 variants found — manual review needed,
REVIEW,14484,SC - Support Our Troops v2,sc-support-our-troops-v2,sc-support-our-troops-v2.png,79892,2 variants found — manual review needed,
KEEP,14575,SC - Usc 2017 2022 Womens Basketball National Champions,sc-usc-2017-2022-womens-basketball-national-champions-v1,sc-usc-2017-2022-womens-basketball-national-champions.png,86477,"equal size (86477 bytes) — new uses preferred "" - "" format",sc-usc-2017-2022-womens-basketball-national-champions
DEACTIVATE,8570,SC-USC 2017 & 2022 Women's Basketball National Champions,sc-usc-2017-2022-womens-basketball-national-champions,sc-usc-2017-2022-women-s-basketball-national-champions.png,86477,"equal size (86477 bytes) — new uses preferred "" - "" format",
REVIEW,8571,SC-Veteran,sc-veteran,sc-veteran.png,19369,2 variants found — manual review needed,
REVIEW,14486,SC - Veteran v1,sc-veteran-v1,sc-veteran-v1.png,19369,2 variants found — manual review needed,
REVIEW,14487,SC - Veteran v2,sc-veteran-v2,sc-veteran-v2.png,138728,2 variants found — manual review needed,
REVIEW,8572,SC-Vietnam Veteran,sc-vietnam-veteran,sc-vietnam-veteran.png,17892,2 variants found — manual review needed,
REVIEW,14488,SC - Vietnam Veteran v1,sc-vietnam-veteran-v1,sc-vietnam-veteran-v1.png,17892,2 variants found — manual review needed,
REVIEW,14489,SC - Vietnam Veteran v2,sc-vietnam-veteran-v2,sc-vietnam-veteran-v2.png,94268,2 variants found — manual review needed,
KEEP,14610,SD - Air Force,sd-air-force-v1,sd-air-force.png,155146,"equal size (155146 bytes) — new uses preferred "" - "" format",sd-air-force
DEACTIVATE,8627,SD-Air Force,sd-air-force,sd-air-force-plates.jpg,155146,"equal size (155146 bytes) — new uses preferred "" - "" format",
KEEP,14605,SD - Air Force Cross,sd-air-force-cross-v1,sd-air-force-cross.png,129427,"equal size (129427 bytes) — new uses preferred "" - "" format",sd-air-force-cross
DEACTIVATE,8602,SD-Air Force Cross,sd-air-force-cross,sd-air-force-cross-plates.jpg,129427,"equal size (129427 bytes) — new uses preferred "" - "" format",
KEEP,14604,SD - Air Force Cross Motorcycle,sd-air-force-cross-motorcycle-v1,sd-air-force-cross-motorcycle.png,116253,"equal size (116253 bytes) — new uses preferred "" - "" format",sd-air-force-cross-motorcycle
DEACTIVATE,8603,SD-Air Force Cross-Motorcycle,sd-air-force-cross-motorcycle,sd-air-force-cross-plates-motorcycle.jpg,116253,"equal size (116253 bytes) — new uses preferred "" - "" format",
KEEP,14607,SD - Air Force Motorcycle,sd-air-force-motorcycle-v1,sd-air-force-motorcycle.png,142463,"equal size (142463 bytes) — new uses preferred "" - "" format",sd-air-force-motorcycle
DEACTIVATE,8629,SD-Air Force-Motorcycle,sd-air-force-motorcycle,sd-air-force-motorcycle.jpg,142463,"equal size (142463 bytes) — new uses preferred "" - "" format",
KEEP,14606,SD - Air Force Motorcycle Active Duty,sd-air-force-motorcycle-active-duty-v1,sd-air-force-motorcycle-active-duty.png,143755,"equal size (143755 bytes) — new uses preferred "" - "" format",sd-air-force-motorcycle-active-duty
DEACTIVATE,8656,SD-Air Force Motorcycle-Active Duty,sd-air-force-motorcycle-active-duty,sd-air-force-motorcycle-plate-active-duty.jpg,143755,"equal size (143755 bytes) — new uses preferred "" - "" format",
KEEP,14664,SD - Amateur Radio,sd-amateur-radio-v1,sd-amateur-radio.png,195954,"equal size (195954 bytes) — new uses preferred "" - "" format",sd-amateur-radio
DEACTIVATE,8589,SD-Amateur Radio,sd-amateur-radio,sd-amateur-radio-license-plate.png,195954,"equal size (195954 bytes) — new uses preferred "" - "" format",
KEEP,14615,SD - Army,sd-army-v1,sd-army.png,158391,"equal size (158391 bytes) — new uses preferred "" - "" format",sd-army
DEACTIVATE,8630,SD-Army,sd-army,sd-army-plates.jpg,158391,"equal size (158391 bytes) — new uses preferred "" - "" format",
KEEP,14612,SD - Army Motorcycle,sd-army-motorcycle-v1,sd-army-motorcycle.png,143148,"equal size (143148 bytes) — new uses preferred "" - "" format",sd-army-motorcycle
DEACTIVATE,8632,SD-Army-Motorcycle,sd-army-motorcycle,sd-army-plates-motorcycle-plate.jpg,143148,"equal size (143148 bytes) — new uses preferred "" - "" format",
KEEP,14611,SD - Army Motorcycle Active Duty,sd-army-motorcycle-active-duty-v1,sd-army-motorcycle-active-duty.png,159995,"equal size (159995 bytes) — new uses preferred "" - "" format",sd-army-motorcycle-active-duty
DEACTIVATE,8657,SD-Army Motorcycle-Active Duty,sd-army-motorcycle-active-duty,sd-army-motorcycle-plate-active-duty.jpg,159995,"equal size (159995 bytes) — new uses preferred "" - "" format",
KEEP,14619,SD - Bronze Star,sd-bronze-star-v1,sd-bronze-star.png,128609,"equal size (128609 bytes) — new uses preferred "" - "" format",sd-bronze-star
DEACTIVATE,8604,SD-Bronze Star,sd-bronze-star,sd-bronze-star-plates.jpg,128609,"equal size (128609 bytes) — new uses preferred "" - "" format",
KEEP,14616,SD - Bronze Star Motorcycle,sd-bronze-star-motorcycle-v1,sd-bronze-star-motorcycle.png,107496,"equal size (107496 bytes) — new uses preferred "" - "" format",sd-bronze-star-motorcycle
DEACTIVATE,8605,SD-Bronze Star-Motorcycle,sd-bronze-star-motorcycle,sd-bronze-star-plates-motorcycle.jpg,107496,"equal size (107496 bytes) — new uses preferred "" - "" format",
KEEP,14618,SD - Bronze Star With Valor,sd-bronze-star-with-valor-v1,sd-bronze-star-with-valor.png,135015,"equal size (135015 bytes) — new uses preferred "" - "" format",sd-bronze-star-with-valor
DEACTIVATE,8606,SD-Bronze Star with Valor,sd-bronze-star-with-valor,sd-bronze-star-with-valor-plates.jpg,135015,"equal size (135015 bytes) — new uses preferred "" - "" format",
KEEP,14617,SD - Bronze Star With Valor Motorcycle,sd-bronze-star-with-valor-motorcycle-v1,sd-bronze-star-with-valor-motorcycle.png,111764,"equal size (111764 bytes) — new uses preferred "" - "" format",sd-bronze-star-with-valor-motorcycle
DEACTIVATE,8607,SD-Bronze Star with Valor-Motorcycle,sd-bronze-star-with-valor-motorcycle,sd-bronze-star-with-valor-plates-motorcycle.jpg,111764,"equal size (111764 bytes) — new uses preferred "" - "" format",
KEEP,14624,SD - Coast Guard,sd-coast-guard-v1,sd-coast-guard.png,155366,"equal size (155366 bytes) — new uses preferred "" - "" format",sd-coast-guard
DEACTIVATE,8633,SD-Coast Guard,sd-coast-guard,sd-coast-guard-plates.jpg,155366,"equal size (155366 bytes) — new uses preferred "" - "" format",
KEEP,14621,SD - Coast Guard Motorcycle,sd-coast-guard-motorcycle-v1,sd-coast-guard-motorcycle.png,144929,"equal size (144929 bytes) — new uses preferred "" - "" format",sd-coast-guard-motorcycle
DEACTIVATE,8635,SD-Coast Guard-Motorcycle,sd-coast-guard-motorcycle,sd-coast-guard-plates-motorcycle.jpg,144929,"equal size (144929 bytes) — new uses preferred "" - "" format",
KEEP,14620,SD - Coast Guard Motorcycle Active Duty,sd-coast-guard-motorcycle-active-duty-v1,sd-coast-guard-motorcycle-active-duty.png,144631,"equal size (144631 bytes) — new uses preferred "" - "" format",sd-coast-guard-motorcycle-active-duty
DEACTIVATE,8658,SD-Coast Guard Motorcycle-Active Duty,sd-coast-guard-motorcycle-active-duty,sd-coast-guard-motorcycle-plate-active-duty.jpg,144631,"equal size (144631 bytes) — new uses preferred "" - "" format",
KEEP,14589,SD - Crow Creek Sioux Tribe,sd-crow-creek-sioux-tribe-v1,sd-crow-creek-sioux-tribe.png,154383,"equal size (154383 bytes) — new uses preferred "" - "" format",sd-crow-creek-sioux-tribe
DEACTIVATE,8594,SD-Crow Creek Sioux Tribe,sd-crow-creek-sioux-tribe,sd-crow-creek-sioux-tribe.jpg,154383,"equal size (154383 bytes) — new uses preferred "" - "" format",
KEEP,14590,SD - Dignity Sculpture,sd-dignity-sculpture-v1,sd-dignity-sculpture.png,133632,"equal size (133632 bytes) — new uses preferred "" - "" format",sd-dignity-sculpture
DEACTIVATE,8587,SD-Dignity Sculpture,sd-dignity-sculpture,sd-dignity-sculpture-plate.png,133632,"equal size (133632 bytes) — new uses preferred "" - "" format",
KEEP,14627,SD - Disabled Veteran,sd-disabled-veteran-v1,sd-disabled-veteran.png,136232,"equal size (136232 bytes) — new uses preferred "" - "" format",sd-disabled-veteran
DEACTIVATE,8612,SD-Disabled Veteran,sd-disabled-veteran,sd-disabled-veteran-plates.jpg,136232,"equal size (136232 bytes) — new uses preferred "" - "" format",
REVIEW,8613,SD-Disabled Veteran-Motorcycle,sd-disabled-veteran-motorcycle,sd-disabled-veteran-plates-motorcycle.jpg,135422,2 variants found — manual review needed,
REVIEW,14626,SD - Disabled Veteran Motorcycle,sd-disabled-veteran-motorcycle-v1,sd-disabled-veteran-motorcycle.png,135422,2 variants found — manual review needed,
REVIEW,14625,SD - Disabled Veteran Motorcycle v2,sd-disabled-veteran-motorcycle-v2,sd-disabled-veteran-motorcycle-v2.png,82601,2 variants found — manual review needed,
KEEP,14629,SD - Distinguished Flying Cross,sd-distinguished-flying-cross-v1,sd-distinguished-flying-cross.png,138321,"equal size (138321 bytes) — new uses preferred "" - "" format",sd-distinguished-flying-cross
DEACTIVATE,8608,SD-Distinguished Flying Cross,sd-distinguished-flying-cross,sd-distinguished-flying-cross-plates.jpg,138321,"equal size (138321 bytes) — new uses preferred "" - "" format",
KEEP,14628,SD - Distinguished Flying Cross Motorcycle,sd-distinguished-flying-cross-motorcycle-v1,sd-distinguished-flying-cross-motorcycle.png,116891,"equal size (116891 bytes) — new uses preferred "" - "" format",sd-distinguished-flying-cross-motorcycle
DEACTIVATE,8609,SD-Distinguished Flying Cross-Motorcycle,sd-distinguished-flying-cross-motorcycle,sd-distinguished-flying-cross-plates-motorcycle.jpg,116891,"equal size (116891 bytes) — new uses preferred "" - "" format",
KEEP,14631,SD - Distinguished Service Cross,sd-distinguished-service-cross-v1,sd-distinguished-service-cross.png,135061,"equal size (135061 bytes) — new uses preferred "" - "" format",sd-distinguished-service-cross
DEACTIVATE,8610,SD-Distinguished Service Cross,sd-distinguished-service-cross,sd-distinguished-service-cross-plates.jpg,135061,"equal size (135061 bytes) — new uses preferred "" - "" format",
KEEP,14630,SD - Distinguished Service Cross Motorcycle,sd-distinguished-service-cross-motorcycle-v1,sd-distinguished-service-cross-motorcycle.png,122934,"equal size (122934 bytes) — new uses preferred "" - "" format",sd-distinguished-service-cross-motorcycle
DEACTIVATE,8611,SD-Distinguished Service Cross-Motorcycle,sd-distinguished-service-cross-motorcycle,sd-distinguished-service-cross-plates-motorcycle.jpg,122934,"equal size (122934 bytes) — new uses preferred "" - "" format",
KEEP,14603,SD - Firefighter,sd-firefighter-v1,sd-firefighter.png,183403,"equal size (183403 bytes) — new uses preferred "" - "" format",sd-firefighter
DEACTIVATE,8590,SD-Firefighter,sd-firefighter,sd-firefighter-license-plate.png,183403,"equal size (183403 bytes) — new uses preferred "" - "" format",
KEEP,14591,SD - Flandreau Santee Sioux Tribe,sd-flandreau-santee-sioux-tribe-v1,sd-flandreau-santee-sioux-tribe.png,162488,"equal size (162488 bytes) — new uses preferred "" - "" format",sd-flandreau-santee-sioux-tribe
DEACTIVATE,8596,SD-Flandreau Santee Sioux Tribe,sd-flandreau-santee-sioux-tribe,sd-flandreau-santee-sioux-tribe.jpg,162488,"equal size (162488 bytes) — new uses preferred "" - "" format",
KEEP,14633,SD - Gold Star,sd-gold-star-v1,sd-gold-star.png,154013,"equal size (154013 bytes) — new uses preferred "" - "" format",sd-gold-star
DEACTIVATE,8625,SD-Gold Star,sd-gold-star,sd-gold-star-plates.jpg,154013,"equal size (154013 bytes) — new uses preferred "" - "" format",
KEEP,14632,SD - Gold Star Motorcycle,sd-gold-star-motorcycle-v1,sd-gold-star-motorcycle.png,145777,"equal size (145777 bytes) — new uses preferred "" - "" format",sd-gold-star-motorcycle
DEACTIVATE,8626,SD-Gold Star-Motorcycle,sd-gold-star-motorcycle,sd-gold-star-plates-motorcycle.jpg,145777,"equal size (145777 bytes) — new uses preferred "" - "" format",
KEEP,14592,SD - Lower Brule Sioux Tribe,sd-lower-brule-sioux-tribe-v1,sd-lower-brule-sioux-tribe.png,149812,"equal size (149812 bytes) — new uses preferred "" - "" format",sd-lower-brule-sioux-tribe
DEACTIVATE,8595,SD-Lower Brule Sioux Tribe,sd-lower-brule-sioux-tribe,sd-lower-brule-sioux-tribe.jpg,149812,"equal size (149812 bytes) — new uses preferred "" - "" format",
KEEP,14638,SD - Marine,sd-marine-v1,sd-marine.png,157809,"equal size (157809 bytes) — new uses preferred "" - "" format",sd-marine
DEACTIVATE,8636,SD-Marine,sd-marine,sd-marine-plates.jpg,157809,"equal size (157809 bytes) — new uses preferred "" - "" format",
KEEP,14635,SD - Marine Motorcycle,sd-marine-motorcycle-v1,sd-marine-motorcycle.png,143461,"equal size (143461 bytes) — new uses preferred "" - "" format",sd-marine-motorcycle
DEACTIVATE,8638,SD-Marine-Motorcycle,sd-marine-motorcycle,sd-marine-plates-motorcycle.jpg,143461,"equal size (143461 bytes) — new uses preferred "" - "" format",
KEEP,14634,SD - Marine Motorcycle Active Duty,sd-marine-motorcycle-active-duty-v1,sd-marine-motorcycle-active-duty.png,159127,"equal size (159127 bytes) — new uses preferred "" - "" format",sd-marine-motorcycle-active-duty
DEACTIVATE,8659,SD-Marine Motorcycle-Active Duty,sd-marine-motorcycle-active-duty,sd-marine-motorcycle-plate-active-duty.jpg,159127,"equal size (159127 bytes) — new uses preferred "" - "" format",
KEEP,14639,SD - Medal Of Honor,sd-medal-of-honor-v1,sd-medal-of-honor.png,22322,"equal size (22322 bytes) — new uses preferred "" - "" format",sd-medal-of-honor
DEACTIVATE,8614,SD-Medal of Honor,sd-medal-of-honor,sd-medal-of-honor-plates.jpg,22322,"equal size (22322 bytes) — new uses preferred "" - "" format",
KEEP,14640,SD - National Guard,sd-national-guard-v1,sd-national-guard.png,159840,"equal size (159840 bytes) — new uses preferred "" - "" format",sd-national-guard
DEACTIVATE,8615,SD-National Guard,sd-national-guard,sd-national-guard-plates.jpg,159840,"equal size (159840 bytes) — new uses preferred "" - "" format",
KEEP,14647,SD - Navy,sd-navy-v1,sd-navy.png,155117,"equal size (155117 bytes) — new uses preferred "" - "" format",sd-navy
DEACTIVATE,8639,SD-Navy,sd-navy,sd-navy-plates.jpg,155117,"equal size (155117 bytes) — new uses preferred "" - "" format",
KEEP,14642,SD - Navy Cross,sd-navy-cross-v1,sd-navy-cross.png,123819,"equal size (123819 bytes) — new uses preferred "" - "" format",sd-navy-cross
DEACTIVATE,8616,SD-Navy Cross,sd-navy-cross,sd-navy-cross-plates.jpg,123819,"equal size (123819 bytes) — new uses preferred "" - "" format",
KEEP,14641,SD - Navy Cross Motorcyle,sd-navy-cross-motorcyle-v1,sd-navy-cross-motorcyle.png,104106,"equal size (104106 bytes) — new uses preferred "" - "" format",sd-navy-cross-motorcyle
DEACTIVATE,8617,SD-Navy Cross-Motorcyle,sd-navy-cross-motorcyle,sd-navy-cross-plates-motorcyle.jpg,104106,"equal size (104106 bytes) — new uses preferred "" - "" format",
KEEP,14644,SD - Navy Motorcycle,sd-navy-motorcycle-v1,sd-navy-motorcycle.png,147000,"equal size (147000 bytes) — new uses preferred "" - "" format",sd-navy-motorcycle
DEACTIVATE,8641,SD-Navy-Motorcycle,sd-navy-motorcycle,sd-navy-plates-motorcycle.jpg,147000,"equal size (147000 bytes) — new uses preferred "" - "" format",
KEEP,14643,SD - Navy Motorcycle Active Duty,sd-navy-motorcycle-active-duty-v1,sd-navy-motorcycle-active-duty.png,140590,"equal size (140590 bytes) — new uses preferred "" - "" format",sd-navy-motorcycle-active-duty
DEACTIVATE,8660,SD-Navy Motorcycle-Active Duty,sd-navy-motorcycle-active-duty,sd-navy-motorcycle-plate-active-duty.jpg,140590,"equal size (140590 bytes) — new uses preferred "" - "" format",
KEEP,14594,SD - Oglala Lakota Sioux Tribe,sd-oglala-lakota-sioux-tribe-v1,sd-oglala-lakota-sioux-tribe.png,102484,"equal size (102484 bytes) — new uses preferred "" - "" format",sd-oglala-lakota-sioux-tribe
DEACTIVATE,8597,SD-Oglala Lakota Sioux Tribe,sd-oglala-lakota-sioux-tribe,sd-oglala-lakota-sioux-tribe.jpg,102484,"equal size (102484 bytes) — new uses preferred "" - "" format",
KEEP,14593,SD - Oglala Lakota Sioux Tribe Veteran,sd-oglala-lakota-sioux-tribe-veteran-v1,sd-oglala-lakota-sioux-tribe-veteran.png,113205,"equal size (113205 bytes) — new uses preferred "" - "" format",sd-oglala-lakota-sioux-tribe-veteran
DEACTIVATE,8646,SD-Oglala Lakota Sioux Tribe-Veteran,sd-oglala-lakota-sioux-tribe-veteran,sd-oglala-lakota-sioux-tribe-veteran.jpg,113205,"equal size (113205 bytes) — new uses preferred "" - "" format",
KEEP,14648,SD - Pearl Harbor Survivor,sd-pearl-harbor-survivor-v1,sd-pearl-harbor-survivor.png,160558,"equal size (160558 bytes) — new uses preferred "" - "" format",sd-pearl-harbor-survivor
DEACTIVATE,8618,SD-Pearl Harbor Survivor,sd-pearl-harbor-survivor,sd-pearl-harbor-survivor-plates.jpg,160558,"equal size (160558 bytes) — new uses preferred "" - "" format",
KEEP,14666,SD - Permanently Disabled Person,sd-permanently-disabled-person-v1,sd-permanently-disabled-person.png,26339,"equal size (26339 bytes) — new uses preferred "" - "" format",sd-permanently-disabled-person
DEACTIVATE,8661,SD-Permanently Disabled Person,sd-permanently-disabled-person,sd-permanently-disabled-person-plates.jpg,26339,"equal size (26339 bytes) — new uses preferred "" - "" format",
KEEP,14665,SD - Permanently Disabled Person Motorcycle,sd-permanently-disabled-person-motorcycle-v1,sd-permanently-disabled-person-motorcycle.png,86966,"equal size (86966 bytes) — new uses preferred "" - "" format",sd-permanently-disabled-person-motorcycle
DEACTIVATE,8662,SD-Permanently Disabled Person-Motorcycle,sd-permanently-disabled-person-motorcycle,sd-permanently-disabled-person-motorcycle-plate.png,86966,"equal size (86966 bytes) — new uses preferred "" - "" format",
KEEP,14650,SD - POW,sd-pow-v1,sd-pow.png,142357,"equal size (142357 bytes) — new uses preferred "" - "" format",sd-pow
DEACTIVATE,8619,SD-POW,sd-pow,sd-pow-plates.jpg,142357,"equal size (142357 bytes) — new uses preferred "" - "" format",
KEEP,14649,SD - POW Motorcycle,sd-pow-motorcycle-v1,sd-pow-motorcycle.png,127864,"equal size (127864 bytes) — new uses preferred "" - "" format",sd-pow-motorcycle
DEACTIVATE,8620,SD-POW-Motorcycle,sd-pow-motorcycle,sd-pow-plates-motorcycle.jpg,127864,"equal size (127864 bytes) — new uses preferred "" - "" format",
KEEP,14652,SD - Purple Heart,sd-purple-heart-v1,sd-purple-heart.png,112928,"equal size (112928 bytes) — new uses preferred "" - "" format",sd-purple-heart
DEACTIVATE,8621,SD-Purple Heart,sd-purple-heart,sd-purple-heart-plates.jpg,112928,"equal size (112928 bytes) — new uses preferred "" - "" format",
KEEP,14651,SD - Purple Heart Motorcycle,sd-purple-heart-motorcycle-v1,sd-purple-heart-motorcycle.png,111300,"equal size (111300 bytes) — new uses preferred "" - "" format",sd-purple-heart-motorcycle
DEACTIVATE,8622,SD-Purple Heart-Motorcycle,sd-purple-heart-motorcycle,sd-purple-heart-plates-motorcycle.jpg,111300,"equal size (111300 bytes) — new uses preferred "" - "" format",
KEEP,14596,SD - Rosebud Sioux Tribe,sd-rosebud-sioux-tribe-v1,sd-rosebud-sioux-tribe.png,165338,"equal size (165338 bytes) — new uses preferred "" - "" format",sd-rosebud-sioux-tribe
DEACTIVATE,8598,SD-Rosebud Sioux Tribe,sd-rosebud-sioux-tribe,sd-rosebud-sioux-tribe.jpg,165338,"equal size (165338 bytes) — new uses preferred "" - "" format",
KEEP,14654,SD - Silver Star,sd-silver-star-v1,sd-silver-star.png,123694,"equal size (123694 bytes) — new uses preferred "" - "" format",sd-silver-star
DEACTIVATE,8623,SD-Silver Star,sd-silver-star,sd-silver-star-plates.jpg,123694,"equal size (123694 bytes) — new uses preferred "" - "" format",
KEEP,14653,SD - Silver Star Motorcycle,sd-silver-star-motorcycle-v1,sd-silver-star-motorcycle.png,108316,"equal size (108316 bytes) — new uses preferred "" - "" format",sd-silver-star-motorcycle
DEACTIVATE,8624,SD-Silver Star-Motorcycle,sd-silver-star-motorcycle,sd-silver-star-plates-motorcycle.jpg,108316,"equal size (108316 bytes) — new uses preferred "" - "" format",
KEEP,14597,SD - Sisseton Wahpeton Sioux Tribe,sd-sisseton-wahpeton-sioux-tribe-v1,sd-sisseton-wahpeton-sioux-tribe.png,146737,"equal size (146737 bytes) — new uses preferred "" - "" format",sd-sisseton-wahpeton-sioux-tribe
DEACTIVATE,8599,SD-Sisseton-Wahpeton Sioux Tribe,sd-sisseton-wahpeton-sioux-tribe,sd-sisseton-wahpeton-sioux-tribe.jpg,146737,"equal size (146737 bytes) — new uses preferred "" - "" format",
KEEP,14598,SD - Standing Rock Sioux Tribe,sd-standing-rock-sioux-tribe-v1,sd-standing-rock-sioux-tribe.png,158430,"equal size (158430 bytes) — new uses preferred "" - "" format",sd-standing-rock-sioux-tribe
DEACTIVATE,8600,SD-Standing Rock Sioux Tribe,sd-standing-rock-sioux-tribe,sd-standing-rock-sioux-tribe.jpg,158430,"equal size (158430 bytes) — new uses preferred "" - "" format",
KEEP,14599,SD - Yankton Sioux Tribe,sd-yankton-sioux-tribe-v1,sd-yankton-sioux-tribe.png,155897,"equal size (155897 bytes) — new uses preferred "" - "" format",sd-yankton-sioux-tribe
DEACTIVATE,8601,SD-Yankton Sioux Tribe,sd-yankton-sioux-tribe,sd-yankton-sioux-tribe.jpg,155897,"equal size (155897 bytes) — new uses preferred "" - "" format",
KEEP,14690,TN - Equity Alliance,tn-equity-alliance-v1,tn-equity-alliance.png,60893,new image larger (60893 vs 45596 bytes),tn-equity-alliance
DEACTIVATE,8717,TN-Equity Alliance,tn-equity-alliance,tn-equity-alliance-clubs-organizations.jpg,45596,new image larger (60893 vs 45596 bytes),
KEEP,8718,TN-Explore TN,tn-explore-tn,tn-explore-tn-clubs-organizations.jpg,64026,old image larger (64026 vs 63528 bytes),
DEACTIVATE,14691,TN - Explore TN,tn-explore-tn-v1,tn-explore-tn.jpg,63528,old image larger (64026 vs 63528 bytes),
KEEP,8753,TN-Maryville College,tn-maryville-college,tn-maryville-college-collegiate.jpg,101348,old image larger (101348 vs 11166 bytes),
DEACTIVATE,14699,TN - Maryville College v2,tn-maryville-college-v2,tn-maryville-college-v2.jpg,11166,old image larger (101348 vs 11166 bytes),
KEEP,14701,TN - Motorcycle,tn-motorcycle-v1,tn-motorcycle.jpg,87965,"equal size (87965 bytes) — new uses preferred "" - "" format",tn-motorcycle
DEACTIVATE,8765,TN-Motorcycle,tn-motorcycle,tn-motorcycle-automobile-motorcycle.jpg,87965,"equal size (87965 bytes) — new uses preferred "" - "" format",
KEEP,14758,TX - Airmans Medal,tx-airmans-medal-v1,tx-airmans-medal.png,475969,new image larger (475969 vs 137957 bytes),tx-airmans-medal
DEACTIVATE,9127,TX-Airman's Medal,tx-airmans-medal,tx-airman-s-medal.png,137957,new image larger (475969 vs 137957 bytes),
REVIEW,9000,TX-Animal Friendly,tx-animal-friendly,tx-animal-friendly.png,149708,2 variants found — manual review needed,
REVIEW,14960,TX - Animal Friendly v1,tx-animal-friendly-v1,tx-animal-friendly-v1.png,490947,2 variants found — manual review needed,
REVIEW,14961,TX - Animal Friendly v2,tx-animal-friendly-v2,tx-animal-friendly-v2.png,481381,2 variants found — manual review needed,
REVIEW,9090,TX-Austin College,tx-austin-college,tx-austin-college.png,133723,2 variants found — manual review needed,
REVIEW,14907,TX - Austin College v1,tx-austin-college-v1,tx-austin-college-v1.png,133723,2 variants found — manual review needed,
REVIEW,14908,TX - Austin College v2,tx-austin-college-v2,tx-austin-college-v2.png,476660,2 variants found — manual review needed,
REVIEW,9004,TX-Big Brothers Big Sisters,tx-big-brothers-big-sisters,tx-big-brothers-big-sisters.png,134120,2 variants found — manual review needed,
REVIEW,14962,TX - Big Brothers Big Sisters v1,tx-big-brothers-big-sisters-v1,tx-big-brothers-big-sisters-v1.png,134120,2 variants found — manual review needed,
REVIEW,14963,TX - Big Brothers Big Sisters v2,tx-big-brothers-big-sisters-v2,tx-big-brothers-big-sisters-v2.png,510249,2 variants found — manual review needed,
KEEP,14725,TX - Carbon Fiber v2,tx-carbon-fiber-v2,tx-carbon-fiber-v2.png,405410,new image larger (405410 vs 169182 bytes),tx-carbon-fiber
DEACTIVATE,8877,TX-Carbon Fiber,tx-carbon-fiber,tx-carbon-fiber.png,169182,new image larger (405410 vs 169182 bytes),
KEEP,14912,TX - Clemson University,tx-clemson-university-v1,tx-clemson-university.png,478040,new image larger (478040 vs 131791 bytes),tx-clemson-university
DEACTIVATE,8913,TX-Clemson University,tx-clemson-university,tx-clemson-university-pre-order.png,131791,new image larger (478040 vs 131791 bytes),
KEEP,14965,TX - Dont Tread On ME Flag,tx-dont-tread-on-me-flag-v1,tx-dont-tread-on-me-flag.png,472869,new image larger (472869 vs 125787 bytes),tx-dont-tread-on-me-flag
DEACTIVATE,8880,TX-Don't Tread on Me Flag,tx-dont-tread-on-me-flag,tx-don-t-tread-on-me-flag.png,125787,new image larger (472869 vs 125787 bytes),
KEEP,14812,TX - Honorably Discharged US Coast Guard,tx-honorably-discharged-us-coast-guard-v1,tx-honorably-discharged-us-coast-guard.png,526157,new image larger (526157 vs 148287 bytes),tx-honorably-discharged-us-coast-guard
DEACTIVATE,9260,TX-Honorably Discharged US Coast Guard,tx-honorably-discharged-us-coast-guard,tx-honorably-discharged-u-s-coast-guard.png,148287,new image larger (526157 vs 148287 bytes),
KEEP,14813,TX - Honorably Discharged US Marine Corps,tx-honorably-discharged-us-marine-corps-v1,tx-honorably-discharged-us-marine-corps.png,539697,new image larger (539697 vs 150871 bytes),tx-honorably-discharged-us-marine-corps
DEACTIVATE,9261,TX-Honorably Discharged US Marine Corps,tx-honorably-discharged-us-marine-corps,tx-honorably-discharged-u-s-marine-corps.png,150871,new image larger (539697 vs 150871 bytes),
KEEP,14814,TX - Honorably Discharged US Navy,tx-honorably-discharged-us-navy-v1,tx-honorably-discharged-us-navy.png,533106,new image larger (533106 vs 146216 bytes),tx-honorably-discharged-us-navy
DEACTIVATE,9262,TX-Honorably Discharged US Navy,tx-honorably-discharged-us-navy,tx-honorably-discharged-u-s-navy.png,146216,new image larger (533106 vs 146216 bytes),
REVIEW,8978,TX-Houston Texans,tx-houston-texans,tx-houston-texans.png,110017,2 variants found — manual review needed,
REVIEW,14982,TX - Houston Texans v1,tx-houston-texans-v1,tx-houston-texans-v1.png,285817,2 variants found — manual review needed,
REVIEW,14983,TX - Houston Texans v2,tx-houston-texans-v2,tx-houston-texans-v2.png,491129,2 variants found — manual review needed,
KEEP,14735,TX - Peace Officers Memorial Foundation,tx-peace-officers-memorial-foundation-v1,tx-peace-officers-memorial-foundation.png,497452,new image larger (497452 vs 144328 bytes),tx-peace-officers-memorial-foundation
DEACTIVATE,8986,TX-Peace Officer's Memorial Foundation,tx-peace-officers-memorial-foundation,tx-peace-officer-s-memorial-foundation.png,144328,new image larger (497452 vs 144328 bytes),
REVIEW,8929,TX-Sam Houston State University,tx-sam-houston-state-university,tx-sam-houston-state-university-pre-order.png,88224,3 variants found — manual review needed,
REVIEW,14929,TX - Sam Houston State University v1,tx-sam-houston-state-university-v1,tx-sam-houston-state-university-v1.png,126997,3 variants found — manual review needed,
REVIEW,14930,TX - Sam Houston State University v2,tx-sam-houston-state-university-v2,tx-sam-houston-state-university-v2.png,232138,3 variants found — manual review needed,
REVIEW,14931,TX - Sam Houston State University v3,tx-sam-houston-state-university-v3,tx-sam-houston-state-university-v3.png,167972,3 variants found — manual review needed,
KEEP,14862,TX - Soldiers Medal,tx-soldiers-medal-v1,tx-soldiers-medal.png,516531,new image larger (516531 vs 134547 bytes),tx-soldiers-medal
DEACTIVATE,9291,TX-Soldier's Medal,tx-soldiers-medal,tx-soldier-s-medal.png,134547,new image larger (516531 vs 134547 bytes),
REVIEW,8930,TX-Southern Methodist University,tx-southern-methodist-university,tx-southern-methodist-university.png,120097,2 variants found — manual review needed,
REVIEW,14932,TX - Southern Methodist University v1,tx-southern-methodist-university-v1,tx-southern-methodist-university-v1.png,229171,2 variants found — manual review needed,
REVIEW,14933,TX - Southern Methodist University v2,tx-southern-methodist-university-v2,tx-southern-methodist-university-v2.png,443810,2 variants found — manual review needed,
KEEP,14934,TX - St Marys University,tx-st-marys-university-v1,tx-st-marys-university.png,492541,new image larger (492541 vs 150763 bytes),tx-st-marys-university
DEACTIVATE,9096,TX-St. Mary's University,tx-st-marys-university,tx-st-mary-s-university.png,150763,new image larger (492541 vs 150763 bytes),
KEEP,14745,TX - Texas Elks,tx-texas-elks-v1,tx-texas-elks.png,475258,new image larger (475258 vs 132348 bytes),tx-texas-elks
DEACTIVATE,8989,TX-Texas Elks,tx-texas-elks,tx-texas-elks-pre-order.png,132348,new image larger (475258 vs 132348 bytes),
KEEP,14729,TX - Texas Its Like A Whole Other Country,tx-texas-its-like-a-whole-other-country-v1,tx-texas-its-like-a-whole-other-country.png,518456,new image larger (518456 vs 143334 bytes),tx-texas-its-like-a-whole-other-country
DEACTIVATE,9064,TX-Texas It's Like a Whole Other Country,tx-texas-its-like-a-whole-other-country,tx-texas-it-s-like-a-whole-other-country.png,143334,new image larger (518456 vs 143334 bytes),
REVIEW,8940,TX-Texas Tech University,tx-texas-tech-university,tx-texas-tech-university.png,89755,2 variants found — manual review needed,
REVIEW,14938,TX - Texas Tech University v1,tx-texas-tech-university-v1,tx-texas-tech-university-v1.png,89755,2 variants found — manual review needed,
REVIEW,14939,TX - Texas Tech University v2,tx-texas-tech-university-v2,tx-texas-tech-university-v2.png,479985,2 variants found — manual review needed,
REVIEW,8948,TX-University of Houston,tx-university-of-houston,tx-university-of-houston.png,125325,2 variants found — manual review needed,
REVIEW,14943,TX - University Of Houston v1,tx-university-of-houston-v1,tx-university-of-houston-v1.png,494441,2 variants found — manual review needed,
REVIEW,14944,TX - University Of Houston v2,tx-university-of-houston-v2,tx-university-of-houston-v2.png,484455,2 variants found — manual review needed,
KEEP,14877,TX - US Air Force,tx-us-air-force-v1,tx-us-air-force.png,522513,new image larger (522513 vs 137736 bytes),tx-us-air-force
DEACTIVATE,9295,TX-US Air Force,tx-us-air-force,tx-u-s-air-force.png,137736,new image larger (522513 vs 137736 bytes),
KEEP,14875,TX - US Air Force Academy,tx-us-air-force-academy-v1,tx-us-air-force-academy.png,517384,new image larger (517384 vs 139702 bytes),tx-us-air-force-academy
DEACTIVATE,9297,TX-US Air Force Academy,tx-us-air-force-academy,tx-u-s-air-force-academy.png,139702,new image larger (517384 vs 139702 bytes),
KEEP,14876,TX - US Air Force Retired,tx-us-air-force-retired-v1,tx-us-air-force-retired.png,523940,new image larger (523940 vs 140356 bytes),tx-us-air-force-retired
DEACTIVATE,9296,TX-US Air Force-Retired,tx-us-air-force-retired,tx-u-s-air-force-retired.png,140356,new image larger (523940 vs 140356 bytes),
KEEP,14879,TX - US Army,tx-us-army-v1,tx-us-army.png,506866,new image larger (506866 vs 133119 bytes),tx-us-army
DEACTIVATE,9298,TX-US Army,tx-us-army,tx-u-s-army.png,133119,new image larger (506866 vs 133119 bytes),
KEEP,14878,TX - US Army Retired,tx-us-army-retired-v1,tx-us-army-retired.png,502216,new image larger (502216 vs 135782 bytes),tx-us-army-retired
DEACTIVATE,9299,TX-US Army-Retired,tx-us-army-retired,tx-u-s-army-retired.png,135782,new image larger (502216 vs 135782 bytes),
KEEP,14881,TX - US Coast Guard,tx-us-coast-guard-v1,tx-us-coast-guard.png,523290,new image larger (523290 vs 145259 bytes),tx-us-coast-guard
DEACTIVATE,9300,TX-US Coast Guard,tx-us-coast-guard,tx-u-s-coast-guard.png,145259,new image larger (523290 vs 145259 bytes),
KEEP,14880,TX - US Coast Guard Retired,tx-us-coast-guard-retired-v1,tx-us-coast-guard-retired.png,526353,new image larger (526353 vs 148382 bytes),tx-us-coast-guard-retired
DEACTIVATE,9301,TX-US Coast Guard-Retired,tx-us-coast-guard-retired,tx-u-s-coast-guard-retired.png,148382,new image larger (526353 vs 148382 bytes),
KEEP,14883,TX - US Marine Corps,tx-us-marine-corps-v1,tx-us-marine-corps.png,536249,new image larger (536249 vs 147682 bytes),tx-us-marine-corps
DEACTIVATE,9302,TX-US Marine Corps,tx-us-marine-corps,tx-u-s-marine-corps.png,147682,new image larger (536249 vs 147682 bytes),
KEEP,14882,TX - US Marine Corps Retired,tx-us-marine-corps-retired-v1,tx-us-marine-corps-retired.png,537985,new image larger (537985 vs 150078 bytes),tx-us-marine-corps-retired
DEACTIVATE,9303,TX-US Marine Corps-Retired,tx-us-marine-corps-retired,tx-u-s-marine-corps-retired.png,150078,new image larger (537985 vs 150078 bytes),
KEEP,14885,TX - US Naval Academy,tx-us-naval-academy-v1,tx-us-naval-academy.png,539235,new image larger (539235 vs 147138 bytes),tx-us-naval-academy
DEACTIVATE,9305,TX-US Naval Academy,tx-us-naval-academy,tx-u-s-naval-academy.png,147138,new image larger (539235 vs 147138 bytes),
KEEP,14887,TX - US Navy,tx-us-navy-v1,tx-us-navy.png,528857,new image larger (528857 vs 143101 bytes),tx-us-navy
DEACTIVATE,9306,TX-US Navy,tx-us-navy,tx-u-s-navy.png,143101,new image larger (528857 vs 143101 bytes),
KEEP,14886,TX - US Navy Retired,tx-us-navy-retired-v1,tx-us-navy-retired.png,531190,new image larger (531190 vs 145553 bytes),tx-us-navy-retired
DEACTIVATE,9307,TX-US Navy-Retired,tx-us-navy-retired,tx-u-s-navy-retired.png,145553,new image larger (531190 vs 145553 bytes),
KEEP,14888,TX - US Paratrooper,tx-us-paratrooper-v1,tx-us-paratrooper.png,525685,new image larger (525685 vs 147598 bytes),tx-us-paratrooper
DEACTIVATE,9308,TX-US Paratrooper,tx-us-paratrooper,tx-u-s-paratrooper.png,147598,new image larger (525685 vs 147598 bytes),
KEEP,15004,UT - Air Force Combat Action Medal,ut-air-force-combat-action-medal-v1,ut-air-force-combat-action-medal.png,117171,"equal size (117171 bytes) — new uses preferred "" - "" format",ut-air-force-combat-action-medal
DEACTIVATE,9396,UT-Air Force Combat Action Medal,ut-air-force-combat-action-medal,ut-veteran-combat-theater-air-force-combat-action-medal.png,117171,"equal size (117171 bytes) — new uses preferred "" - "" format",
KEEP,15007,UT - Army Combat Action Badge,ut-army-combat-action-badge-v1,ut-army-combat-action-badge.png,113968,"equal size (113968 bytes) — new uses preferred "" - "" format",ut-army-combat-action-badge
DEACTIVATE,9397,UT-Army Combat Action Badge,ut-army-combat-action-badge,ut-veteran-combat-theater-army-combat-action-badge.png,113968,"equal size (113968 bytes) — new uses preferred "" - "" format",
KEEP,15008,UT - Army Combat Infantry Badge,ut-army-combat-infantry-badge-v1,ut-army-combat-infantry-badge.png,110913,"equal size (110913 bytes) — new uses preferred "" - "" format",ut-army-combat-infantry-badge
DEACTIVATE,9398,UT-Army Combat Infantry Badge,ut-army-combat-infantry-badge,ut-veteran-combat-theater-army-combat-infantry-badge.png,110913,"equal size (110913 bytes) — new uses preferred "" - "" format",
KEEP,15014,UT - Brigham Young University,ut-brigham-young-university-v1,ut-brigham-young-university.png,116174,"equal size (116174 bytes) — new uses preferred "" - "" format",ut-brigham-young-university
DEACTIVATE,9346,UT-Brigham Young University,ut-brigham-young-university,ut-collegiate-brigham-young-university.png,116174,"equal size (116174 bytes) — new uses preferred "" - "" format",
KEEP,15029,UT - Childrens Issues,ut-childrens-issues-v1,ut-childrens-issues.png,114261,"equal size (114261 bytes) — new uses preferred "" - "" format",ut-childrens-issues
DEACTIVATE,9343,UT-Children's Issues,ut-childrens-issues,ut-children-s-issues.png,114261,"equal size (114261 bytes) — new uses preferred "" - "" format",
KEEP,15015,UT - College Of Eastern Utah,ut-college-of-eastern-utah-v1,ut-college-of-eastern-utah.png,121088,"equal size (121088 bytes) — new uses preferred "" - "" format",ut-college-of-eastern-utah
DEACTIVATE,9347,UT-College of Eastern Utah,ut-college-of-eastern-utah,ut-collegiate-college-of-eastern-utah.png,121088,"equal size (121088 bytes) — new uses preferred "" - "" format",
KEEP,15016,UT - Ensign College,ut-ensign-college-v1,ut-ensign-college.png,106320,"equal size (106320 bytes) — new uses preferred "" - "" format",ut-ensign-college
DEACTIVATE,9348,UT-Ensign College,ut-ensign-college,ut-collegiate-ensign-college.png,106320,"equal size (106320 bytes) — new uses preferred "" - "" format",
KEEP,15011,UT - Marine Navy Combat Action Ribbon,ut-marine-navy-combat-action-ribbon-v1,ut-marine-navy-combat-action-ribbon.png,105206,"equal size (105206 bytes) — new uses preferred "" - "" format",ut-marine-navy-combat-action-ribbon
DEACTIVATE,9399,UT-Marine & Navy Combat Action Ribbon,ut-marine-navy-combat-action-ribbon,ut-veteran-combat-theater-marine-navy-combat-action-ribbon.png,105206,"equal size (105206 bytes) — new uses preferred "" - "" format",
KEEP,15035,UT - Real Salt Lake,ut-real-salt-lake-v1,ut-real-salt-lake.png,114956,"equal size (114956 bytes) — new uses preferred "" - "" format",ut-real-salt-lake
DEACTIVATE,9375,UT-Real Salt Lake,ut-real-salt-lake,ut-national-men-s-soccer-real-salt-lake.png,114956,"equal size (114956 bytes) — new uses preferred "" - "" format",
KEEP,15017,UT - Salt Lake Community College,ut-salt-lake-community-college-v1,ut-salt-lake-community-college.png,122160,"equal size (122160 bytes) — new uses preferred "" - "" format",ut-salt-lake-community-college
DEACTIVATE,9349,UT-Salt Lake Community College,ut-salt-lake-community-college,ut-collegiate-salt-lake-community-college.png,122160,"equal size (122160 bytes) — new uses preferred "" - "" format",
KEEP,15018,UT - Snow College,ut-snow-college-v1,ut-snow-college.png,102939,"equal size (102939 bytes) — new uses preferred "" - "" format",ut-snow-college
DEACTIVATE,9350,UT-Snow College,ut-snow-college,ut-collegiate-snow-college.png,102939,"equal size (102939 bytes) — new uses preferred "" - "" format",
KEEP,15019,UT - Southern Utah University,ut-southern-utah-university-v1,ut-southern-utah-university.png,117046,"equal size (117046 bytes) — new uses preferred "" - "" format",ut-southern-utah-university
DEACTIVATE,9351,UT-Southern Utah University,ut-southern-utah-university,ut-collegiate-southern-utah-university.png,117046,"equal size (117046 bytes) — new uses preferred "" - "" format",
REVIEW,9352,UT-University of Utah,ut-university-of-utah,ut-collegiate-university-of-utah-2-options-available.png,101225,2 variants found — manual review needed,
REVIEW,15020,UT - University Of Utah v1,ut-university-of-utah-v1,ut-university-of-utah-v1.png,1147230,2 variants found — manual review needed,
REVIEW,15021,UT - University Of Utah v2,ut-university-of-utah-v2,ut-university-of-utah-v2.png,101225,2 variants found — manual review needed,
KEEP,15036,UT - Utah Jazz,ut-utah-jazz-v1,ut-utah-jazz.png,104032,"equal size (104032 bytes) — new uses preferred "" - "" format",ut-utah-jazz
DEACTIVATE,9373,UT-Utah Jazz,ut-utah-jazz,ut-national-basketball-association-nba-utah-jazz.png,104032,"equal size (104032 bytes) — new uses preferred "" - "" format",
KEEP,15022,UT - Utah State University,ut-utah-state-university-v1,ut-utah-state-university.png,119092,"equal size (119092 bytes) — new uses preferred "" - "" format",ut-utah-state-university
DEACTIVATE,9353,UT-Utah State University,ut-utah-state-university,ut-collegiate-utah-state-university.png,119092,"equal size (119092 bytes) — new uses preferred "" - "" format",
KEEP,15023,UT - Utah Tech University,ut-utah-tech-university-v1,ut-utah-tech-university.png,105684,"equal size (105684 bytes) — new uses preferred "" - "" format",ut-utah-tech-university
DEACTIVATE,9354,UT-Utah Tech University,ut-utah-tech-university,ut-collegiate-utah-tech-university.png,105684,"equal size (105684 bytes) — new uses preferred "" - "" format",
KEEP,15024,UT - Utah Valley University,ut-utah-valley-university-v1,ut-utah-valley-university.png,117942,"equal size (117942 bytes) — new uses preferred "" - "" format",ut-utah-valley-university
DEACTIVATE,9355,UT-Utah Valley University,ut-utah-valley-university,ut-collegiate-utah-valley-university.png,117942,"equal size (117942 bytes) — new uses preferred "" - "" format",
KEEP,15025,UT - Weber State University,ut-weber-state-university-v1,ut-weber-state-university.png,119404,"equal size (119404 bytes) — new uses preferred "" - "" format",ut-weber-state-university
DEACTIVATE,9356,UT-Weber State University,ut-weber-state-university,ut-collegiate-weber-state-university.png,119404,"equal size (119404 bytes) — new uses preferred "" - "" format",
KEEP,15026,UT - Western Governors University,ut-western-governors-university-v1,ut-western-governors-university.png,126423,"equal size (126423 bytes) — new uses preferred "" - "" format",ut-western-governors-university
DEACTIVATE,9357,UT-Western Governors University,ut-western-governors-university,ut-collegiate-western-governors-university.png,126423,"equal size (126423 bytes) — new uses preferred "" - "" format",
REVIEW,9358,UT-Westminster College,ut-westminster-college,ut-collegiate-westminster-college.png,111595,2 variants found — manual review needed,
REVIEW,15027,UT - Westminster College,ut-westminster-college-v1,ut-westminster-college.png,111595,2 variants found — manual review needed,
REVIEW,15028,UT - Westminster College.V2,ut-westminster-college-v2,ut-westminster-college.v2.png,41144,2 variants found — manual review needed,
KEEP,15034,UT - Womens Suffrage,ut-womens-suffrage-v1,ut-womens-suffrage.png,118780,"equal size (118780 bytes) — new uses preferred "" - "" format",ut-womens-suffrage
DEACTIVATE,9406,UT-Women's Suffrage,ut-womens-suffrage,ut-women-s-suffrage.png,118780,"equal size (118780 bytes) — new uses preferred "" - "" format",
KEEP,15070,VA - 173Rd Airborne,va-173rd-airborne-v1,va-173rd-airborne.png,17066,"equal size (17066 bytes) — new uses preferred "" - "" format",va-173rd-airborne
DEACTIVATE,9603,VA-173rd Airborne,va-173rd-airborne,va-173rd-airborne.jpg,17066,"equal size (17066 bytes) — new uses preferred "" - "" format",
KEEP,15304,VA - Afl Cio,va-afl-cio-v1,va-afl-cio.png,43125,"equal size (43125 bytes) — new uses preferred "" - "" format",va-afl-cio
DEACTIVATE,9666,VA-AFL-CIO,va-afl-cio,va-afl-cio.jpg,43125,"equal size (43125 bytes) — new uses preferred "" - "" format",
KEEP,15071,VA - Air Force Cross,va-air-force-cross-v1,va-air-force-cross.png,42887,"equal size (42887 bytes) — new uses preferred "" - "" format",va-air-force-cross
DEACTIVATE,9604,VA-Air Force Cross,va-air-force-cross,va-air-force-cross.jpg,42887,"equal size (42887 bytes) — new uses preferred "" - "" format",
KEEP,15072,VA - Air Force Reserve,va-air-force-reserve-v1,va-air-force-reserve.png,41021,"equal size (41021 bytes) — new uses preferred "" - "" format",va-air-force-reserve
DEACTIVATE,9605,VA-Air Force Reserve,va-air-force-reserve,va-air-force-reserve.jpg,41021,"equal size (41021 bytes) — new uses preferred "" - "" format",
KEEP,15074,VA - Air Medal,va-air-medal-v1,va-air-medal.png,79789,"equal size (79789 bytes) — new uses preferred "" - "" format",va-air-medal
DEACTIVATE,9606,VA-Air Medal,va-air-medal,va-air-medal.jpg,79789,"equal size (79789 bytes) — new uses preferred "" - "" format",
KEEP,15073,VA - Air Medal Motorcycle,va-air-medal-motorcycle-v1,va-air-medal-motorcycle.png,72517,"equal size (72517 bytes) — new uses preferred "" - "" format",va-air-medal-motorcycle
DEACTIVATE,9607,VA-Air Medal-Motorcycle,va-air-medal-motorcycle,va-air-medal-motorcycle.jpg,72517,"equal size (72517 bytes) — new uses preferred "" - "" format",
KEEP,15057,VA - Alpha Phi Alpha,va-alpha-phi-alpha-v1,va-alpha-phi-alpha.png,35175,"equal size (35175 bytes) — new uses preferred "" - "" format",va-alpha-phi-alpha
DEACTIVATE,9668,VA-Alpha Phi Alpha,va-alpha-phi-alpha,va-alpha-phi-alpha.jpg,35175,"equal size (35175 bytes) — new uses preferred "" - "" format",
KEEP,15306,VA - Alzheimers Association,va-alzheimers-association-v1,va-alzheimers-association.png,37367,"equal size (37367 bytes) — new uses preferred "" - "" format",va-alzheimers-association
DEACTIVATE,9669,VA-Alzheimer's Association,va-alzheimers-association,va-alzheimer-s-association.jpg,37367,"equal size (37367 bytes) — new uses preferred "" - "" format",
KEEP,15305,VA - Alzheimers Association Motorcycle,va-alzheimers-association-motorcycle-v1,va-alzheimers-association-motorcycle.png,26862,"equal size (26862 bytes) — new uses preferred "" - "" format",va-alzheimers-association-motorcycle
DEACTIVATE,9670,VA-Alzheimer's Association-Motorcycle,va-alzheimers-association-motorcycle,va-alzheimer-s-association-motorcycle.jpg,26862,"equal size (26862 bytes) — new uses preferred "" - "" format",
KEEP,15384,VA - Amateur Radio,va-amateur-radio-v1,va-amateur-radio.png,76096,"equal size (76096 bytes) — new uses preferred "" - "" format",va-amateur-radio
DEACTIVATE,9800,VA-Amateur Radio,va-amateur-radio,va-amateur-radio.jpg,76096,"equal size (76096 bytes) — new uses preferred "" - "" format",
KEEP,15200,VA - American National University,va-american-national-university-v1,va-american-national-university.png,56706,"equal size (56706 bytes) — new uses preferred "" - "" format",va-american-national-university
DEACTIVATE,9508,VA-American National University,va-american-national-university,va-american-national-university.jpg,56706,"equal size (56706 bytes) — new uses preferred "" - "" format",
KEEP,15307,VA - Animal Friendly,va-animal-friendly-v1,va-animal-friendly.png,40895,"equal size (40895 bytes) — new uses preferred "" - "" format",va-animal-friendly
DEACTIVATE,9671,VA-Animal Friendly,va-animal-friendly,va-animal-friendly.jpg,40895,"equal size (40895 bytes) — new uses preferred "" - "" format",
KEEP,15385,VA - Antique Veh Black Bkground,va-antique-veh-black-bkground-v1,va-antique-veh-black-bkground.png,16774,"equal size (16774 bytes) — new uses preferred "" - "" format",va-antique-veh-black-bkground
DEACTIVATE,9801,VA-Antique Veh-Black Bkground,va-antique-veh-black-bkground,va-antique-veh-black-bkground.jpg,16774,"equal size (16774 bytes) — new uses preferred "" - "" format",
KEEP,15386,VA - Antique Veh Yellow Bkground,va-antique-veh-yellow-bkground-v1,va-antique-veh-yellow-bkground.png,120634,"equal size (120634 bytes) — new uses preferred "" - "" format",va-antique-veh-yellow-bkground
DEACTIVATE,9802,VA-Antique Veh-Yellow Bkground,va-antique-veh-yellow-bkground,va-antique-veh-yellow-bkground.jpg,120634,"equal size (120634 bytes) — new uses preferred "" - "" format",
KEEP,15161,VA - Appalachian Trail,va-appalachian-trail-v1,va-appalachian-trail.png,77202,"equal size (77202 bytes) — new uses preferred "" - "" format",va-appalachian-trail
DEACTIVATE,9672,VA-Appalachian Trail,va-appalachian-trail,va-appalachian-trail.jpg,77202,"equal size (77202 bytes) — new uses preferred "" - "" format",
KEEP,15134,VA - Apportioned Irp,va-apportioned-irp-v1,va-apportioned-irp.png,69514,"equal size (69514 bytes) — new uses preferred "" - "" format",va-apportioned-irp
DEACTIVATE,9803,VA-Apportioned (IRP),va-apportioned-irp,va-apportioned-irp.jpg,69514,"equal size (69514 bytes) — new uses preferred "" - "" format",
KEEP,15135,VA - Apportioned Permanent Irp,va-apportioned-permanent-irp-v1,va-apportioned-permanent-irp.png,70549,"equal size (70549 bytes) — new uses preferred "" - "" format",va-apportioned-permanent-irp
DEACTIVATE,9804,VA-Apportioned Permanent (IRP),va-apportioned-permanent-irp,va-apportioned-permanent-irp.jpg,70549,"equal size (70549 bytes) — new uses preferred "" - "" format",
KEEP,15075,VA - Armed Forces Expeditionary Medal,va-armed-forces-expeditionary-medal-v1,va-armed-forces-expeditionary-medal.png,72879,"equal size (72879 bytes) — new uses preferred "" - "" format",va-armed-forces-expeditionary-medal
DEACTIVATE,9608,VA-Armed Forces Expeditionary Medal,va-armed-forces-expeditionary-medal,va-armed-forces-expeditionary-medal.jpg,72879,"equal size (72879 bytes) — new uses preferred "" - "" format",
KEEP,15078,VA - Army,va-army-v1,va-army.png,36514,"equal size (36514 bytes) — new uses preferred "" - "" format",va-army
DEACTIVATE,9609,VA-Army,va-army,va-army.jpg,36514,"equal size (36514 bytes) — new uses preferred "" - "" format",
KEEP,15076,VA - Army Motorcycle,va-army-motorcycle-v1,va-army-motorcycle.png,27448,"equal size (27448 bytes) — new uses preferred "" - "" format",va-army-motorcycle
DEACTIVATE,9610,VA-Army-Motorcycle,va-army-motorcycle,va-army-motorcycle.jpg,27448,"equal size (27448 bytes) — new uses preferred "" - "" format",
KEEP,15077,VA - Army Reserve,va-army-reserve-v1,va-army-reserve.png,81047,"equal size (81047 bytes) — new uses preferred "" - "" format",va-army-reserve
DEACTIVATE,9611,VA-Army Reserve,va-army-reserve,va-army-reserve.jpg,81047,"equal size (81047 bytes) — new uses preferred "" - "" format",
KEEP,15201,VA - Auburn University,va-auburn-university-v1,va-auburn-university.png,40675,"equal size (40675 bytes) — new uses preferred "" - "" format",va-auburn-university
DEACTIVATE,9509,VA-Auburn University,va-auburn-university,va-auburn-university.jpg,40675,"equal size (40675 bytes) — new uses preferred "" - "" format",
KEEP,15202,VA - Averett University,va-averett-university-v1,va-averett-university.png,56283,"equal size (56283 bytes) — new uses preferred "" - "" format",va-averett-university
DEACTIVATE,9510,VA-Averett University,va-averett-university,va-averett-university.jpg,56283,"equal size (56283 bytes) — new uses preferred "" - "" format",
KEEP,15308,VA - Aviation Enthusiasts,va-aviation-enthusiasts-v1,va-aviation-enthusiasts.png,68985,"equal size (68985 bytes) — new uses preferred "" - "" format",va-aviation-enthusiasts
DEACTIVATE,9673,VA-Aviation Enthusiasts,va-aviation-enthusiasts,va-aviation-enthusiasts.gif,68985,"equal size (68985 bytes) — new uses preferred "" - "" format",
KEEP,15162,VA - Bicycle Enthusiasts,va-bicycle-enthusiasts-v1,va-bicycle-enthusiasts.png,23409,"equal size (23409 bytes) — new uses preferred "" - "" format",va-bicycle-enthusiasts
DEACTIVATE,9674,VA-Bicycle Enthusiasts,va-bicycle-enthusiasts,va-bicycle-enthusiasts.jpg,23409,"equal size (23409 bytes) — new uses preferred "" - "" format",
KEEP,15203,VA - Blue Ridge Community College,va-blue-ridge-community-college-v1,va-blue-ridge-community-college.png,84493,"equal size (84493 bytes) — new uses preferred "" - "" format",va-blue-ridge-community-college
DEACTIVATE,9511,VA-Blue Ridge Community College,va-blue-ridge-community-college,va-blue-ridge-community-college.jpg,84493,"equal size (84493 bytes) — new uses preferred "" - "" format",
KEEP,15204,VA - Bluefield University,va-bluefield-university-v1,va-bluefield-university.png,84416,"equal size (84416 bytes) — new uses preferred "" - "" format",va-bluefield-university
DEACTIVATE,9512,VA-Bluefield University,va-bluefield-university,va-bluefield-university.jpg,84416,"equal size (84416 bytes) — new uses preferred "" - "" format",
KEEP,15165,VA - Boat US,va-boat-us-v1,va-boat-us.png,26462,"equal size (26462 bytes) — new uses preferred "" - "" format",va-boat-us
DEACTIVATE,9675,VA-Boat US,va-boat-us,va-boat-us.jpg,26462,"equal size (26462 bytes) — new uses preferred "" - "" format",
KEEP,15309,VA - Bowler,va-bowler-v1,va-bowler.png,36608,"equal size (36608 bytes) — new uses preferred "" - "" format",va-bowler
DEACTIVATE,9676,VA-Bowler,va-bowler,va-bowler.jpg,36608,"equal size (36608 bytes) — new uses preferred "" - "" format",
KEEP,15205,VA - Bridgewater College,va-bridgewater-college-v1,va-bridgewater-college.png,32778,"equal size (32778 bytes) — new uses preferred "" - "" format",va-bridgewater-college
DEACTIVATE,9513,VA-Bridgewater College,va-bridgewater-college,va-bridgewater-college.jpg,32778,"equal size (32778 bytes) — new uses preferred "" - "" format",
KEEP,15083,VA - Bronze Star,va-bronze-star-v1,va-bronze-star.png,73986,"equal size (73986 bytes) — new uses preferred "" - "" format",va-bronze-star
DEACTIVATE,9612,VA-Bronze Star,va-bronze-star,va-bronze-star.jpg,73986,"equal size (73986 bytes) — new uses preferred "" - "" format",
KEEP,15081,VA - Bronze Star Motorcycle,va-bronze-star-motorcycle-v1,va-bronze-star-motorcycle.png,43100,"equal size (43100 bytes) — new uses preferred "" - "" format",va-bronze-star-motorcycle
DEACTIVATE,9614,VA-Bronze Star-Motorcycle,va-bronze-star-motorcycle,va-bronze-star-motorcycle.jpg,43100,"equal size (43100 bytes) — new uses preferred "" - "" format",
KEEP,15082,VA - Bronze Star Valor,va-bronze-star-valor-v1,va-bronze-star-valor.png,83630,"equal size (83630 bytes) — new uses preferred "" - "" format",va-bronze-star-valor
DEACTIVATE,9616,VA-Bronze Star Valor,va-bronze-star-valor,va-bronze-star-valor.jpg,83630,"equal size (83630 bytes) — new uses preferred "" - "" format",
KEEP,15166,VA - Butterfly Heritage,va-butterfly-heritage-v1,va-butterfly-heritage.png,38512,"equal size (38512 bytes) — new uses preferred "" - "" format",va-butterfly-heritage
DEACTIVATE,9677,VA-Butterfly Heritage,va-butterfly-heritage,va-butterfly-heritage.jpg,38512,"equal size (38512 bytes) — new uses preferred "" - "" format",
KEEP,15167,VA - Chesapeake Bay,va-chesapeake-bay-v1,va-chesapeake-bay.png,85839,"equal size (85839 bytes) — new uses preferred "" - "" format",va-chesapeake-bay
DEACTIVATE,9678,VA-Chesapeake Bay,va-chesapeake-bay,va-chesapeake-bay.jpg,85839,"equal size (85839 bytes) — new uses preferred "" - "" format",
KEEP,15310,VA - Chesapeake City,va-chesapeake-city-v1,va-chesapeake-city.png,65838,"equal size (65838 bytes) — new uses preferred "" - "" format",va-chesapeake-city
DEACTIVATE,9679,VA-Chesapeake City,va-chesapeake-city,va-chesapeake-city.gif,65838,"equal size (65838 bytes) — new uses preferred "" - "" format",
KEEP,15311,VA - Choose Life,va-choose-life-v1,va-choose-life.png,89255,"equal size (89255 bytes) — new uses preferred "" - "" format",va-choose-life
DEACTIVATE,9680,VA-Choose Life,va-choose-life,va-choose-life.jpg,89255,"equal size (89255 bytes) — new uses preferred "" - "" format",
KEEP,15084,VA - Chosin Reservoir Survivor,va-chosin-reservoir-survivor-v1,va-chosin-reservoir-survivor.png,67735,"equal size (67735 bytes) — new uses preferred "" - "" format",va-chosin-reservoir-survivor
DEACTIVATE,9617,VA-Chosin Reservoir Survivor,va-chosin-reservoir-survivor,va-chosin-reservoir-survivor.jpg,67735,"equal size (67735 bytes) — new uses preferred "" - "" format",
KEEP,15206,VA - Christopher Newport University,va-christopher-newport-university-v1,va-christopher-newport-university.png,43524,"equal size (43524 bytes) — new uses preferred "" - "" format",va-christopher-newport-university
DEACTIVATE,9514,VA-Christopher Newport University,va-christopher-newport-university,va-christopher-newport-university.jpg,43524,"equal size (43524 bytes) — new uses preferred "" - "" format",
KEEP,15207,VA - Citadel University,va-citadel-university-v1,va-citadel-university.png,100756,"equal size (100756 bytes) — new uses preferred "" - "" format",va-citadel-university
DEACTIVATE,9515,VA-Citadel University,va-citadel-university,va-citadel-university.jpg,100756,"equal size (100756 bytes) — new uses preferred "" - "" format",
KEEP,15313,VA - Clean Special Fuel,va-clean-special-fuel-v1,va-clean-special-fuel.png,84172,"equal size (84172 bytes) — new uses preferred "" - "" format",va-clean-special-fuel
DEACTIVATE,9682,VA-Clean Special Fuel,va-clean-special-fuel,va-clean-special-fuel.jpg,84172,"equal size (84172 bytes) — new uses preferred "" - "" format",
KEEP,15136,VA - Clean Special Fuel For Hire,va-clean-special-fuel-for-hire-v1,va-clean-special-fuel-for-hire.png,79375,"equal size (79375 bytes) — new uses preferred "" - "" format",va-clean-special-fuel-for-hire
DEACTIVATE,9683,VA-Clean Special Fuel-For Hire,va-clean-special-fuel-for-hire,va-clean-special-fuel-for-hire.jpg,79375,"equal size (79375 bytes) — new uses preferred "" - "" format",
KEEP,15208,VA - Clemson University,va-clemson-university-v1,va-clemson-university.png,48189,"equal size (48189 bytes) — new uses preferred "" - "" format",va-clemson-university
DEACTIVATE,9516,VA-Clemson University,va-clemson-university,va-clemson-university.jpg,48189,"equal size (48189 bytes) — new uses preferred "" - "" format",
KEEP,15086,VA - Coast Guard,va-coast-guard-v1,va-coast-guard.png,36516,"equal size (36516 bytes) — new uses preferred "" - "" format",va-coast-guard
DEACTIVATE,9618,VA-Coast Guard,va-coast-guard,va-coast-guard.jpg,36516,"equal size (36516 bytes) — new uses preferred "" - "" format",
KEEP,15085,VA - Coast Guard Reserve,va-coast-guard-reserve-v1,va-coast-guard-reserve.png,71614,"equal size (71614 bytes) — new uses preferred "" - "" format",va-coast-guard-reserve
DEACTIVATE,9619,VA-Coast Guard Reserve,va-coast-guard-reserve,va-coast-guard-reserve.jpg,71614,"equal size (71614 bytes) — new uses preferred "" - "" format",
KEEP,15314,VA - Colonial Williamsburg,va-colonial-williamsburg-v1,va-colonial-williamsburg.png,51448,"equal size (51448 bytes) — new uses preferred "" - "" format",va-colonial-williamsburg
DEACTIVATE,9684,VA-Colonial Williamsburg,va-colonial-williamsburg,va-colonial-williamsburg.jpg,51448,"equal size (51448 bytes) — new uses preferred "" - "" format",
KEEP,15087,VA - Combat Infantryman,va-combat-infantryman-v1,va-combat-infantryman.png,25566,"equal size (25566 bytes) — new uses preferred "" - "" format",va-combat-infantryman
DEACTIVATE,9620,VA-Combat Infantryman,va-combat-infantryman,va-combat-infantryman.jpg,25566,"equal size (25566 bytes) — new uses preferred "" - "" format",
KEEP,15315,VA - Community Peacebuilding,va-community-peacebuilding-v1,va-community-peacebuilding.png,36015,"equal size (36015 bytes) — new uses preferred "" - "" format",va-community-peacebuilding
DEACTIVATE,9685,VA-Community Peacebuilding,va-community-peacebuilding,va-community-peacebuilding.jpg,36015,"equal size (36015 bytes) — new uses preferred "" - "" format",
KEEP,15317,VA - Cure Childhood Cancer,va-cure-childhood-cancer-v1,va-cure-childhood-cancer.png,80629,"equal size (80629 bytes) — new uses preferred "" - "" format",va-cure-childhood-cancer
DEACTIVATE,9686,VA-Cure Childhood Cancer,va-cure-childhood-cancer,va-cure-childhood-cancer.jpg,80629,"equal size (80629 bytes) — new uses preferred "" - "" format",
KEEP,15316,VA - Cure Childhood Cancer Motorcycle,va-cure-childhood-cancer-motorcycle-v1,va-cure-childhood-cancer-motorcycle.png,82188,"equal size (82188 bytes) — new uses preferred "" - "" format",va-cure-childhood-cancer-motorcycle
DEACTIVATE,9687,VA-Cure Childhood Cancer-Motorcycle,va-cure-childhood-cancer-motorcycle,va-cure-childhood-cancer-motorcycle.jpg,82188,"equal size (82188 bytes) — new uses preferred "" - "" format",
KEEP,15209,VA - Danville Community College,va-danville-community-college-v1,va-danville-community-college.png,66185,"equal size (66185 bytes) — new uses preferred "" - "" format",va-danville-community-college
DEACTIVATE,9517,VA-Danville Community College,va-danville-community-college,va-danville-community-college.jpg,66185,"equal size (66185 bytes) — new uses preferred "" - "" format",
KEEP,15318,VA - Diabetes,va-diabetes-v1,va-diabetes.png,31070,"equal size (31070 bytes) — new uses preferred "" - "" format",va-diabetes
DEACTIVATE,9689,VA-Diabetes,va-diabetes,va-diabetes.jpg,31070,"equal size (31070 bytes) — new uses preferred "" - "" format",
KEEP,15091,VA - Disabled Veteran,va-disabled-veteran-v1,va-disabled-veteran.png,75606,"equal size (75606 bytes) — new uses preferred "" - "" format",va-disabled-veteran
DEACTIVATE,9623,VA-Disabled Veteran,va-disabled-veteran,va-disabled-veteran.jpg,75606,"equal size (75606 bytes) — new uses preferred "" - "" format",
KEEP,15090,VA - Disabled Veteran Motorcycle,va-disabled-veteran-motorcycle-v1,va-disabled-veteran-motorcycle.png,47759,"equal size (47759 bytes) — new uses preferred "" - "" format",va-disabled-veteran-motorcycle
DEACTIVATE,9624,VA-Disabled Veteran-Motorcycle,va-disabled-veteran-motorcycle,va-disabled-veteran-motorcycle.jpg,47759,"equal size (47759 bytes) — new uses preferred "" - "" format",
KEEP,15092,VA - Distinguished Flying Cross,va-distinguished-flying-cross-v1,va-distinguished-flying-cross.png,39129,"equal size (39129 bytes) — new uses preferred "" - "" format",va-distinguished-flying-cross
DEACTIVATE,9625,VA-Distinguished Flying Cross,va-distinguished-flying-cross,va-distinguished-flying-cross.jpg,39129,"equal size (39129 bytes) — new uses preferred "" - "" format",
KEEP,15093,VA - Distinguished Service Cross,va-distinguished-service-cross-v1,va-distinguished-service-cross.png,40940,"equal size (40940 bytes) — new uses preferred "" - "" format",va-distinguished-service-cross
DEACTIVATE,9626,VA-Distinguished Service Cross,va-distinguished-service-cross,va-distinguished-service-cross.jpg,40940,"equal size (40940 bytes) — new uses preferred "" - "" format",
KEEP,15322,VA - Drive Smart,va-drive-smart-v1,va-drive-smart.png,79591,"equal size (79591 bytes) — new uses preferred "" - "" format",va-drive-smart
DEACTIVATE,9693,VA-Drive Smart,va-drive-smart,va-drive-smart.jpg,79591,"equal size (79591 bytes) — new uses preferred "" - "" format",
KEEP,15168,VA - Ducks Unlimited,va-ducks-unlimited-v1,va-ducks-unlimited.png,41489,"equal size (41489 bytes) — new uses preferred "" - "" format",va-ducks-unlimited
DEACTIVATE,9694,VA-Ducks Unlimited,va-ducks-unlimited,va-ducks-unlimited.jpg,41489,"equal size (41489 bytes) — new uses preferred "" - "" format",
KEEP,15210,VA - Duke University,va-duke-university-v1,va-duke-university.png,38381,"equal size (38381 bytes) — new uses preferred "" - "" format",va-duke-university
DEACTIVATE,9518,VA-Duke University,va-duke-university,va-duke-university.jpg,38381,"equal size (38381 bytes) — new uses preferred "" - "" format",
KEEP,15211,VA - East Carolina University,va-east-carolina-university-v1,va-east-carolina-university.png,80377,"equal size (80377 bytes) — new uses preferred "" - "" format",va-east-carolina-university
DEACTIVATE,9519,VA-East Carolina University,va-east-carolina-university,va-east-carolina-university.jpg,80377,"equal size (80377 bytes) — new uses preferred "" - "" format",
KEEP,15212,VA - Eastern Mennonite University,va-eastern-mennonite-university-v1,va-eastern-mennonite-university.png,53557,"equal size (53557 bytes) — new uses preferred "" - "" format",va-eastern-mennonite-university
DEACTIVATE,9520,VA-Eastern Mennonite University,va-eastern-mennonite-university,va-eastern-mennonite-university.gif,53557,"equal size (53557 bytes) — new uses preferred "" - "" format",
KEEP,15169,VA - Eastern Shore,va-eastern-shore-v1,va-eastern-shore.png,67603,"equal size (67603 bytes) — new uses preferred "" - "" format",va-eastern-shore
DEACTIVATE,9695,VA-Eastern Shore,va-eastern-shore,va-eastern-shore.gif,67603,"equal size (67603 bytes) — new uses preferred "" - "" format",
KEEP,15213,VA - Eastern Virginia Med School,va-eastern-virginia-med-school-v1,va-eastern-virginia-med-school.png,26813,"equal size (26813 bytes) — new uses preferred "" - "" format",va-eastern-virginia-med-school
DEACTIVATE,9521,VA-Eastern Virginia Med School,va-eastern-virginia-med-school,va-eastern-virginia-med-school.jpg,26813,"equal size (26813 bytes) — new uses preferred "" - "" format",
KEEP,15214,VA - Emory Henry College,va-emory-henry-college-v1,va-emory-henry-college.png,71488,"equal size (71488 bytes) — new uses preferred "" - "" format",va-emory-henry-college
DEACTIVATE,9522,VA-Emory & Henry College,va-emory-henry-college,va-emory-henry-college.jpg,71488,"equal size (71488 bytes) — new uses preferred "" - "" format",
KEEP,15094,VA - Enduring Freedom Veteran,va-enduring-freedom-veteran-v1,va-enduring-freedom-veteran.png,36879,"equal size (36879 bytes) — new uses preferred "" - "" format",va-enduring-freedom-veteran
DEACTIVATE,9627,VA-Enduring Freedom Veteran,va-enduring-freedom-veteran,va-enduring-freedom-veteran.jpg,36879,"equal size (36879 bytes) — new uses preferred "" - "" format",
KEEP,15137,VA - Equipment,va-equipment-v1,va-equipment.png,74315,"equal size (74315 bytes) — new uses preferred "" - "" format",va-equipment
DEACTIVATE,9805,VA-Equipment,va-equipment,va-equipment.jpg,74315,"equal size (74315 bytes) — new uses preferred "" - "" format",
KEEP,15323,VA - Eyes On The Road,va-eyes-on-the-road-v1,va-eyes-on-the-road.png,31085,"equal size (31085 bytes) — new uses preferred "" - "" format",va-eyes-on-the-road
DEACTIVATE,9806,VA-Eyes on the Road,va-eyes-on-the-road,va-eyes-on-the-road.jpg,31085,"equal size (31085 bytes) — new uses preferred "" - "" format",
KEEP,15324,VA - Fairfax City,va-fairfax-city-v1,va-fairfax-city.png,40316,"equal size (40316 bytes) — new uses preferred "" - "" format",va-fairfax-city
DEACTIVATE,9697,VA-Fairfax City,va-fairfax-city,va-fairfax-city.jpg,40316,"equal size (40316 bytes) — new uses preferred "" - "" format",
KEEP,15139,VA - Farm Vehicle,va-farm-vehicle-v1,va-farm-vehicle.png,73774,"equal size (73774 bytes) — new uses preferred "" - "" format",va-farm-vehicle
DEACTIVATE,9807,VA-Farm Vehicle,va-farm-vehicle,va-farm-vehicle.jpg,73774,"equal size (73774 bytes) — new uses preferred "" - "" format",
KEEP,15138,VA - Farm Vehicle Permanent,va-farm-vehicle-permanent-v1,va-farm-vehicle-permanent.png,75858,"equal size (75858 bytes) — new uses preferred "" - "" format",va-farm-vehicle-permanent
DEACTIVATE,9808,VA-Farm Vehicle Permanent,va-farm-vehicle-permanent,va-farm-vehicle-permanent.jpg,75858,"equal size (75858 bytes) — new uses preferred "" - "" format",
KEEP,15215,VA - Ferrum College,va-ferrum-college-v1,va-ferrum-college.png,87234,"equal size (87234 bytes) — new uses preferred "" - "" format",va-ferrum-college
DEACTIVATE,9523,VA-Ferrum College,va-ferrum-college,va-ferrum-college.jpg,87234,"equal size (87234 bytes) — new uses preferred "" - "" format",
KEEP,15329,VA - Ffa Future Farmers Of America,va-ffa-future-farmers-of-america-v1,va-ffa-future-farmers-of-america.png,35276,"equal size (35276 bytes) — new uses preferred "" - "" format",va-ffa-future-farmers-of-america
DEACTIVATE,9696,VA-FFA (Future Farmers of America),va-ffa-future-farmers-of-america,va-ffa-future-farmers-of-america.jpg,35276,"equal size (35276 bytes) — new uses preferred "" - "" format",
KEEP,15331,VA - Fight Terrorism,va-fight-terrorism-v1,va-fight-terrorism.png,71862,"equal size (71862 bytes) — new uses preferred "" - "" format",va-fight-terrorism
DEACTIVATE,9702,VA-Fight Terrorism,va-fight-terrorism,va-fight-terrorism.jpg,71862,"equal size (71862 bytes) — new uses preferred "" - "" format",
KEEP,15330,VA - Fight Terrorism Motorcycle,va-fight-terrorism-motorcycle-v1,va-fight-terrorism-motorcycle.png,21596,"equal size (21596 bytes) — new uses preferred "" - "" format",va-fight-terrorism-motorcycle
DEACTIVATE,9703,VA-Fight Terrorism-Motorcycle,va-fight-terrorism-motorcycle,va-fight-terrorism-motorcycle.jpg,21596,"equal size (21596 bytes) — new uses preferred "" - "" format",
KEEP,15216,VA - Florida State University,va-florida-state-university-v1,va-florida-state-university.png,79582,"equal size (79582 bytes) — new uses preferred "" - "" format",va-florida-state-university
DEACTIVATE,9524,VA-Florida State University,va-florida-state-university,va-florida-state-university.jpg,79582,"equal size (79582 bytes) — new uses preferred "" - "" format",
KEEP,15095,VA - Former Prisoner Of War,va-former-prisoner-of-war-v1,va-former-prisoner-of-war.png,31192,"equal size (31192 bytes) — new uses preferred "" - "" format",va-former-prisoner-of-war
DEACTIVATE,9628,VA-Former Prisoner of War,va-former-prisoner-of-war,va-former-prisoner-of-war.jpg,31192,"equal size (31192 bytes) — new uses preferred "" - "" format",
KEEP,15170,VA - Fox Hunting License Plate,va-fox-hunting-license-plate-v1,va-fox-hunting-license-plate.png,69878,"equal size (69878 bytes) — new uses preferred "" - "" format",va-fox-hunting-license-plate
DEACTIVATE,9706,VA-Fox Hunting License Plate,va-fox-hunting-license-plate,va-fox-hunting-license-plate.jpg,69878,"equal size (69878 bytes) — new uses preferred "" - "" format",
KEEP,15059,VA - Freemason,va-freemason-v1,va-freemason.png,68154,"equal size (68154 bytes) — new uses preferred "" - "" format",va-freemason
DEACTIVATE,9709,VA-Freemason,va-freemason,va-freemason.jpg,68154,"equal size (68154 bytes) — new uses preferred "" - "" format",
KEEP,15333,VA - Friends Of Coal,va-friends-of-coal-v1,va-friends-of-coal.png,55892,"equal size (55892 bytes) — new uses preferred "" - "" format",va-friends-of-coal
DEACTIVATE,9710,VA-Friends of Coal,va-friends-of-coal,va-friends-of-coal.jpg,55892,"equal size (55892 bytes) — new uses preferred "" - "" format",
KEEP,15332,VA - Friends Of Coal Motorcycle,va-friends-of-coal-motorcycle-v1,va-friends-of-coal-motorcycle.png,49764,"equal size (49764 bytes) — new uses preferred "" - "" format",va-friends-of-coal-motorcycle
DEACTIVATE,9711,VA-Friends of Coal-Motorcycle,va-friends-of-coal-motorcycle,va-friends-of-coal-motorcycle.jpg,49764,"equal size (49764 bytes) — new uses preferred "" - "" format",
KEEP,15171,VA - Friends Of The Blue Ridge,va-friends-of-the-blue-ridge-v1,va-friends-of-the-blue-ridge.png,87816,"equal size (87816 bytes) — new uses preferred "" - "" format",va-friends-of-the-blue-ridge
DEACTIVATE,9713,VA-Friends of the Blue Ridge,va-friends-of-the-blue-ridge,va-friends-of-the-blue-ridge.jpg,87816,"equal size (87816 bytes) — new uses preferred "" - "" format",
KEEP,15334,VA - Friends Of Tibet,va-friends-of-tibet-v1,va-friends-of-tibet.png,51553,"equal size (51553 bytes) — new uses preferred "" - "" format",va-friends-of-tibet
DEACTIVATE,9712,VA-Friends of Tibet,va-friends-of-tibet,va-friends-of-tibet.jpg,51553,"equal size (51553 bytes) — new uses preferred "" - "" format",
REVIEW,9526,VA-George Mason University,va-george-mason-university,va-george-mason-university.jpg,22758,2 variants found — manual review needed,
REVIEW,15220,VA - George Mason University,va-george-mason-university-v1,va-george-mason-university.png,22758,2 variants found — manual review needed,
REVIEW,15219,VA - George Mason University v2,va-george-mason-university-v2,va-george-mason-university-v2.png,10846,2 variants found — manual review needed,
REVIEW,9525,VA-George Mason University Patriots,va-george-mason-university-patriots,va-george-mason-univ-patriots.jpg,26148,2 variants found — manual review needed,
REVIEW,15218,VA - George Mason University Patriots,va-george-mason-university-patriots-v1,va-george-mason-university-patriots.png,26148,2 variants found — manual review needed,
REVIEW,15217,VA - George Mason University Patriots v2,va-george-mason-university-patriots-v2,va-george-mason-university-patriots-v2.png,10299,2 variants found — manual review needed,
KEEP,15221,VA - George Washington University,va-george-washington-university-v1,va-george-washington-university.png,84569,"equal size (84569 bytes) — new uses preferred "" - "" format",va-george-washington-university
DEACTIVATE,9527,VA-George Washington University,va-george-washington-university,va-george-washington-university.jpg,84569,"equal size (84569 bytes) — new uses preferred "" - "" format",
KEEP,15222,VA - Georgetown University,va-georgetown-university-v1,va-georgetown-university.png,66512,"equal size (66512 bytes) — new uses preferred "" - "" format",va-georgetown-university
DEACTIVATE,9528,VA-Georgetown University,va-georgetown-university,va-georgetown-university.gif,66512,"equal size (66512 bytes) — new uses preferred "" - "" format",
KEEP,15224,VA - Germanna Community College,va-germanna-community-college-v1,va-germanna-community-college.png,32819,"equal size (32819 bytes) — new uses preferred "" - "" format",va-germanna-community-college
DEACTIVATE,9530,VA-Germanna Community College,va-germanna-community-college,va-germanna-community-college.jpg,32819,"equal size (32819 bytes) — new uses preferred "" - "" format",
KEEP,15097,VA - Gold Star,va-gold-star-v1,va-gold-star.png,87215,"equal size (87215 bytes) — new uses preferred "" - "" format",va-gold-star
DEACTIVATE,9714,VA-Gold Star,va-gold-star,va-gold-star.jpg,87215,"equal size (87215 bytes) — new uses preferred "" - "" format",
KEEP,15388,VA - Great Seal,va-great-seal-v1,va-great-seal.png,99795,new image larger (99795 vs 60923 bytes),va-great-seal
DEACTIVATE,9809,VA-Great Seal,va-great-seal,va-great-seal.jpg,60923,new image larger (99795 vs 60923 bytes),
KEEP,15140,VA - Great Seal For Hire,va-great-seal-for-hire-v1,va-great-seal-for-hire.png,103032,new image larger (103032 vs 67465 bytes),va-great-seal-for-hire
DEACTIVATE,9810,VA-Great Seal For Hire,va-great-seal-for-hire,va-great-seal-for-hire.jpg,67465,new image larger (103032 vs 67465 bytes),
KEEP,15387,VA - Great Seal Motorcycle,va-great-seal-motorcycle-v1,va-great-seal-motorcycle.png,55724,"equal size (55724 bytes) — new uses preferred "" - "" format",va-great-seal-motorcycle
DEACTIVATE,9811,VA-Great Seal-Motorcycle,va-great-seal-motorcycle,va-great-seal-motorcycle.jpg,55724,"equal size (55724 bytes) — new uses preferred "" - "" format",
KEEP,15335,VA - Greyhound Adopt,va-greyhound-adopt-v1,va-greyhound-adopt.png,36269,"equal size (36269 bytes) — new uses preferred "" - "" format",va-greyhound-adopt
DEACTIVATE,9715,VA-Greyhound Adopt,va-greyhound-adopt,va-greyhound-adopt.jpg,36269,"equal size (36269 bytes) — new uses preferred "" - "" format",
KEEP,15225,VA - Hampden Sydney College,va-hampden-sydney-college-v1,va-hampden-sydney-college.png,68695,"equal size (68695 bytes) — new uses preferred "" - "" format",va-hampden-sydney-college
DEACTIVATE,9531,VA-Hampden-Sydney College,va-hampden-sydney-college,va-hampden-sydney-college.gif,68695,"equal size (68695 bytes) — new uses preferred "" - "" format",
KEEP,15226,VA - Hampton University,va-hampton-university-v1,va-hampton-university.png,40037,"equal size (40037 bytes) — new uses preferred "" - "" format",va-hampton-university
DEACTIVATE,9532,VA-Hampton University,va-hampton-university,va-hampton-university.jpg,40037,"equal size (40037 bytes) — new uses preferred "" - "" format",
KEEP,15336,VA - Harley Davidson Owners Group,va-harley-davidson-owners-group-v1,va-harley-davidson-owners-group.png,61199,"equal size (61199 bytes) — new uses preferred "" - "" format",va-harley-davidson-owners-group
DEACTIVATE,9716,VA-Harley Davidson Owners Group,va-harley-davidson-owners-group,va-harley-davidson-owners-group.jpg,61199,"equal size (61199 bytes) — new uses preferred "" - "" format",
KEEP,15337,VA - Harley Owners Group Motorcycle,va-harley-owners-group-motorcycle-v1,va-harley-owners-group-motorcycle.png,21074,"equal size (21074 bytes) — new uses preferred "" - "" format",va-harley-owners-group-motorcycle
DEACTIVATE,9717,VA-Harley Owners Group-Motorcycle,va-harley-owners-group-motorcycle,va-harley-owners-group-motorcycle.jpg,21074,"equal size (21074 bytes) — new uses preferred "" - "" format",
KEEP,15173,VA - Heritage State Bird,va-heritage-state-bird-v1,va-heritage-state-bird.png,75025,"equal size (75025 bytes) — new uses preferred "" - "" format",va-heritage-state-bird
DEACTIVATE,9812,VA-Heritage-State Bird,va-heritage-state-bird,va-heritage-state-bird.jpg,75025,"equal size (75025 bytes) — new uses preferred "" - "" format",
KEEP,15172,VA - Heritage State Bird Motorcycle,va-heritage-state-bird-motorcycle-v1,va-heritage-state-bird-motorcycle.png,63573,"equal size (63573 bytes) — new uses preferred "" - "" format",va-heritage-state-bird-motorcycle
DEACTIVATE,9813,VA-Heritage-State Bird-Motorcycle,va-heritage-state-bird-motorcycle,va-heritage-state-bird-motorcycle.jpg,63573,"equal size (63573 bytes) — new uses preferred "" - "" format",
KEEP,15227,VA - Hollins University,va-hollins-university-v1,va-hollins-university.png,53756,"equal size (53756 bytes) — new uses preferred "" - "" format",va-hollins-university
DEACTIVATE,9533,VA-Hollins University,va-hollins-university,va-hollins-university.gif,53756,"equal size (53756 bytes) — new uses preferred "" - "" format",
KEEP,15338,VA - Home Education,va-home-education-v1,va-home-education.png,49941,"equal size (49941 bytes) — new uses preferred "" - "" format",va-home-education
DEACTIVATE,9718,VA-Home Education,va-home-education,va-home-education.jpg,49941,"equal size (49941 bytes) — new uses preferred "" - "" format",
KEEP,15175,VA - Horse Enthusiasts,va-horse-enthusiasts-v1,va-horse-enthusiasts.png,35540,"equal size (35540 bytes) — new uses preferred "" - "" format",va-horse-enthusiasts
DEACTIVATE,9719,VA-Horse Enthusiasts,va-horse-enthusiasts,va-horse-enthusiasts.jpg,35540,"equal size (35540 bytes) — new uses preferred "" - "" format",
KEEP,15174,VA - Horse Enthusiasts Motorcycle,va-horse-enthusiasts-motorcycle-v1,va-horse-enthusiasts-motorcycle.png,26139,"equal size (26139 bytes) — new uses preferred "" - "" format",va-horse-enthusiasts-motorcycle
DEACTIVATE,9720,VA-Horse Enthusiasts-Motorcycle,va-horse-enthusiasts-motorcycle,va-horse-enthusiasts-motorcycle.jpg,26139,"equal size (26139 bytes) — new uses preferred "" - "" format",
KEEP,15340,VA - IN God We Trust,va-in-god-we-trust-v1,va-in-god-we-trust.png,69845,"equal size (69845 bytes) — new uses preferred "" - "" format",va-in-god-we-trust
DEACTIVATE,9721,VA-In God We Trust,va-in-god-we-trust,va-in-god-we-trust.jpg,69845,"equal size (69845 bytes) — new uses preferred "" - "" format",
KEEP,15339,VA - IN God We Trust Motorcycle,va-in-god-we-trust-motorcycle-v1,va-in-god-we-trust-motorcycle.png,76915,"equal size (76915 bytes) — new uses preferred "" - "" format",va-in-god-we-trust-motorcycle
DEACTIVATE,9722,VA-In God We Trust-Motorcycle,va-in-god-we-trust-motorcycle,va-in-god-we-trust-motorcycle.jpg,76915,"equal size (76915 bytes) — new uses preferred "" - "" format",
KEEP,15341,VA - Internet Capital,va-internet-capital-v1,va-internet-capital.png,29193,"equal size (29193 bytes) — new uses preferred "" - "" format",va-internet-capital
DEACTIVATE,9723,VA-Internet Capital,va-internet-capital,va-internet-capital.gif,29193,"equal size (29193 bytes) — new uses preferred "" - "" format",
KEEP,15099,VA - Iraqi Freedom Veteran,va-iraqi-freedom-veteran-v1,va-iraqi-freedom-veteran.png,53821,"equal size (53821 bytes) — new uses preferred "" - "" format",va-iraqi-freedom-veteran
DEACTIVATE,9629,VA-Iraqi Freedom Veteran,va-iraqi-freedom-veteran,va-iraqi-freedom-veteran.jpg,53821,"equal size (53821 bytes) — new uses preferred "" - "" format",
KEEP,15098,VA - Iraqi Freedom Veteran Motorcycle,va-iraqi-freedom-veteran-motorcycle-v1,va-iraqi-freedom-veteran-motorcycle.png,28605,"equal size (28605 bytes) — new uses preferred "" - "" format",va-iraqi-freedom-veteran-motorcycle
DEACTIVATE,9630,VA-Iraqi Freedom Veteran-Motorcycle,va-iraqi-freedom-veteran-motorcycle,va-iraqi-freedom-veteran-motorcycle.jpg,28605,"equal size (28605 bytes) — new uses preferred "" - "" format",
KEEP,15228,VA - J Sargeant Reynolds Community,va-j-sargeant-reynolds-community-v1,va-j-sargeant-reynolds-community.png,15189,"equal size (15189 bytes) — new uses preferred "" - "" format",va-j-sargeant-reynolds-community
DEACTIVATE,9534,VA-J. Sargeant Reynolds Community,va-j-sargeant-reynolds-community,va-j-sargeant-reynolds-community.jpg,15189,"equal size (15189 bytes) — new uses preferred "" - "" format",
KEEP,15229,VA - James Madison University Athletic,va-james-madison-university-athletic-v1,va-james-madison-university-athletic.png,35657,"equal size (35657 bytes) — new uses preferred "" - "" format",va-james-madison-university-athletic
DEACTIVATE,9535,VA-James Madison University-Athletic,va-james-madison-university-athletic,va-james-madison-univ-athletic.jpg,35657,"equal size (35657 bytes) — new uses preferred "" - "" format",
KEEP,15230,VA - James Madison University Seal,va-james-madison-university-seal-v1,va-james-madison-university-seal.png,27787,"equal size (27787 bytes) — new uses preferred "" - "" format",va-james-madison-university-seal
DEACTIVATE,9536,VA-James Madison University-Seal,va-james-madison-university-seal,va-james-madison-university-seal.jpg,27787,"equal size (27787 bytes) — new uses preferred "" - "" format",
KEEP,15177,VA - James River Park System,va-james-river-park-system-v1,va-james-river-park-system.png,74234,"equal size (74234 bytes) — new uses preferred "" - "" format",va-james-river-park-system
DEACTIVATE,9724,VA-James River Park System,va-james-river-park-system,va-james-river-park-system.jpg,74234,"equal size (74234 bytes) — new uses preferred "" - "" format",
KEEP,15176,VA - James River Park System Motorcycle,va-james-river-park-system-motorcycle-v1,va-james-river-park-system-motorcycle.png,76755,"equal size (76755 bytes) — new uses preferred "" - "" format",va-james-river-park-system-motorcycle
DEACTIVATE,9725,VA-James River Park System-Motorcycle,va-james-river-park-system-motorcycle,va-james-river-park-system-motorcycle.jpg,76755,"equal size (76755 bytes) — new uses preferred "" - "" format",
KEEP,15060,VA - Kappa Alpha Psi,va-kappa-alpha-psi-v1,va-kappa-alpha-psi.png,24326,"equal size (24326 bytes) — new uses preferred "" - "" format",va-kappa-alpha-psi
DEACTIVATE,9726,VA-Kappa Alpha Psi,va-kappa-alpha-psi,va-kappa-alpha-psi.jpg,24326,"equal size (24326 bytes) — new uses preferred "" - "" format",
KEEP,15343,VA - Keeping The Lights On,va-keeping-the-lights-on-v1,va-keeping-the-lights-on.png,34538,"equal size (34538 bytes) — new uses preferred "" - "" format",va-keeping-the-lights-on
DEACTIVATE,9727,VA-Keeping The Lights On,va-keeping-the-lights-on,va-keeping-the-lights-on.jpg,34538,"equal size (34538 bytes) — new uses preferred "" - "" format",
KEEP,15342,VA - Keeping The Lights On Motorcycle,va-keeping-the-lights-on-motorcycle-v1,va-keeping-the-lights-on-motorcycle.png,28981,"equal size (28981 bytes) — new uses preferred "" - "" format",va-keeping-the-lights-on-motorcycle
DEACTIVATE,9728,VA-Keeping the Lights On-Motorcycle,va-keeping-the-lights-on-motorcycle,va-keeping-the-lights-on-motorcycle.jpg,28981,"equal size (28981 bytes) — new uses preferred "" - "" format",
KEEP,15061,VA - Knights Of Columbus,va-knights-of-columbus-v1,va-knights-of-columbus.png,67250,"equal size (67250 bytes) — new uses preferred "" - "" format",va-knights-of-columbus
DEACTIVATE,9729,VA-Knights of Columbus,va-knights-of-columbus,va-knights-of-columbus.jpg,67250,"equal size (67250 bytes) — new uses preferred "" - "" format",
KEEP,15100,VA - Korean War Veteran,va-korean-war-veteran-v1,va-korean-war-veteran.png,73553,"equal size (73553 bytes) — new uses preferred "" - "" format",va-korean-war-veteran
DEACTIVATE,9631,VA-Korean War Veteran,va-korean-war-veteran,va-korean-war-veteran.jpg,73553,"equal size (73553 bytes) — new uses preferred "" - "" format",
REVIEW,9731,VA-Law Officers Memorial,va-law-officers-memorial,va-law-officers-memorial.jpg,43783,2 variants found — manual review needed,
REVIEW,15049,VA - Law Officers Memorial v1,va-law-officers-memorial-v1,va-law-officers-memorial-v1.png,43783,2 variants found — manual review needed,
REVIEW,15050,VA - Law Officers Memorial v2,va-law-officers-memorial-v2,va-law-officers-memorial-v2.png,10158,2 variants found — manual review needed,
KEEP,15102,VA - Legion Of Merit,va-legion-of-merit-v1,va-legion-of-merit.png,75817,"equal size (75817 bytes) — new uses preferred "" - "" format",va-legion-of-merit
DEACTIVATE,9632,VA-Legion of Merit,va-legion-of-merit,va-legion-of-merit.jpg,75817,"equal size (75817 bytes) — new uses preferred "" - "" format",
KEEP,15103,VA - Legion Of Valor Of The USA,va-legion-of-valor-of-the-usa-v1,va-legion-of-valor-of-the-usa.png,71625,"equal size (71625 bytes) — new uses preferred "" - "" format",va-legion-of-valor-of-the-usa
DEACTIVATE,9634,VA-Legion of Valor of the USA,va-legion-of-valor-of-the-usa,va-legion-of-valor-of-the-usa.jpg,71625,"equal size (71625 bytes) — new uses preferred "" - "" format",
KEEP,15232,VA - Liberty University,va-liberty-university-v1,va-liberty-university.png,89069,"equal size (89069 bytes) — new uses preferred "" - "" format",va-liberty-university
DEACTIVATE,9538,VA-Liberty University,va-liberty-university,va-liberty-university.jpg,89069,"equal size (89069 bytes) — new uses preferred "" - "" format",
KEEP,15178,VA - Lighthouses Virginia,va-lighthouses-virginia-v1,va-lighthouses-virginia.png,61366,"equal size (61366 bytes) — new uses preferred "" - "" format",va-lighthouses-virginia
DEACTIVATE,9732,VA-Lighthouses-Virginia,va-lighthouses-virginia,va-lighthouses-virginia.gif,61366,"equal size (61366 bytes) — new uses preferred "" - "" format",
KEEP,15062,VA - Lions Of Virginia,va-lions-of-virginia-v1,va-lions-of-virginia.png,72649,"equal size (72649 bytes) — new uses preferred "" - "" format",va-lions-of-virginia
DEACTIVATE,9733,VA-Lions of Virginia,va-lions-of-virginia,va-lions-of-virginia.jpg,72649,"equal size (72649 bytes) — new uses preferred "" - "" format",
KEEP,15233,VA - Longwood University,va-longwood-university-v1,va-longwood-university.png,26947,"equal size (26947 bytes) — new uses preferred "" - "" format",va-longwood-university
DEACTIVATE,9539,VA-Longwood University,va-longwood-university,va-longwood-university.jpg,26947,"equal size (26947 bytes) — new uses preferred "" - "" format",
KEEP,9814,VA-Low Speed Standard Plate,va-low-speed-standard-plate,va-low-speed-standard-plate.jpg,70978,old image larger (70978 vs 59061 bytes),
DEACTIVATE,15141,VA - Low Speed Standard Plate,va-low-speed-standard-plate-v1,va-low-speed-standard-plate.png,59061,old image larger (70978 vs 59061 bytes),
KEEP,15234,VA - Lynchburg College,va-lynchburg-college-v1,va-lynchburg-college.png,26286,"equal size (26286 bytes) — new uses preferred "" - "" format",va-lynchburg-college
DEACTIVATE,9540,VA-Lynchburg College,va-lynchburg-college,va-lynchburg-college.jpg,26286,"equal size (26286 bytes) — new uses preferred "" - "" format",
KEEP,15104,VA - Marine Corps League,va-marine-corps-league-v1,va-marine-corps-league.png,76168,"equal size (76168 bytes) — new uses preferred "" - "" format",va-marine-corps-league
DEACTIVATE,9636,VA-Marine Corps League,va-marine-corps-league,va-marine-corps-league.jpg,76168,"equal size (76168 bytes) — new uses preferred "" - "" format",
KEEP,15105,VA - Marine Corps Motorcycle,va-marine-corps-motorcycle-v1,va-marine-corps-motorcycle.png,59015,"equal size (59015 bytes) — new uses preferred "" - "" format",va-marine-corps-motorcycle
DEACTIVATE,9637,VA-Marine Corps-Motorcycle,va-marine-corps-motorcycle,va-marine-corps-motorcycle.jpg,59015,"equal size (59015 bytes) — new uses preferred "" - "" format",
KEEP,15106,VA - Marine Corps Reserve,va-marine-corps-reserve-v1,va-marine-corps-reserve.png,67705,"equal size (67705 bytes) — new uses preferred "" - "" format",va-marine-corps-reserve
DEACTIVATE,9638,VA-Marine Corps Reserve,va-marine-corps-reserve,va-marine-corps-reserve.jpg,67705,"equal size (67705 bytes) — new uses preferred "" - "" format",
KEEP,15107,VA - Marine Corps Semper Fidelis,va-marine-corps-semper-fidelis-v1,va-marine-corps-semper-fidelis.png,54837,"equal size (54837 bytes) — new uses preferred "" - "" format",va-marine-corps-semper-fidelis
DEACTIVATE,9635,VA-Marine Corps-Semper Fidelis,va-marine-corps-semper-fidelis,va-marine-corps-semper-fidelis.gif,54837,"equal size (54837 bytes) — new uses preferred "" - "" format",
KEEP,15235,VA - Marshall University,va-marshall-university-v1,va-marshall-university.png,73081,"equal size (73081 bytes) — new uses preferred "" - "" format",va-marshall-university
DEACTIVATE,9541,VA-Marshall University,va-marshall-university,va-marshall-university.jpg,73081,"equal size (73081 bytes) — new uses preferred "" - "" format",
KEEP,15236,VA - Mary Baldwin University,va-mary-baldwin-university-v1,va-mary-baldwin-university.png,69669,"equal size (69669 bytes) — new uses preferred "" - "" format",va-mary-baldwin-university
DEACTIVATE,9542,VA-Mary Baldwin University,va-mary-baldwin-university,va-mary-baldwin-university.jpg,69669,"equal size (69669 bytes) — new uses preferred "" - "" format",
KEEP,15237,VA - Marymount University,va-marymount-university-v1,va-marymount-university.png,82222,"equal size (82222 bytes) — new uses preferred "" - "" format",va-marymount-university
DEACTIVATE,9543,VA-Marymount University,va-marymount-university,va-marymount-university.jpg,82222,"equal size (82222 bytes) — new uses preferred "" - "" format",
KEEP,15344,VA - Megs Miles,va-megs-miles-v1,va-megs-miles.png,80096,"equal size (80096 bytes) — new uses preferred "" - "" format",va-megs-miles
DEACTIVATE,9734,VA-Meg's Miles,va-megs-miles,va-meg-s-miles.jpg,80096,"equal size (80096 bytes) — new uses preferred "" - "" format",
KEEP,15142,VA - Military Surplus Vehicle,va-military-surplus-vehicle-v1,va-military-surplus-vehicle.png,57212,new image larger (57212 vs 27827 bytes),va-military-surplus-vehicle
DEACTIVATE,9815,VA-Military Surplus Vehicle,va-military-surplus-vehicle,va-military-surplus-vehicle.jpg,27827,new image larger (57212 vs 27827 bytes),
KEEP,15389,VA - Moped,va-moped-v1,va-moped.png,21875,"equal size (21875 bytes) — new uses preferred "" - "" format",va-moped
DEACTIVATE,9816,VA-Moped,va-moped,va-moped.jpg,21875,"equal size (21875 bytes) — new uses preferred "" - "" format",
KEEP,15392,VA - Motorcycle,va-motorcycle-v1,va-motorcycle.png,56765,"equal size (56765 bytes) — new uses preferred "" - "" format",va-motorcycle
DEACTIVATE,9817,VA-Motorcycle,va-motorcycle,va-motorcycle.jpg,56765,"equal size (56765 bytes) — new uses preferred "" - "" format",
KEEP,15391,VA - Motorcycle Antique Yellow,va-motorcycle-antique-yellow-v1,va-motorcycle-antique-yellow.png,56748,"equal size (56748 bytes) — new uses preferred "" - "" format",va-motorcycle-antique-yellow
DEACTIVATE,9819,VA-Motorcycle Antique-Yellow,va-motorcycle-antique-yellow,va-motorcycle-antique-yellow.jpg,56748,"equal size (56748 bytes) — new uses preferred "" - "" format",
KEEP,15345,VA - Move Over,va-move-over-v1,va-move-over.png,91212,"equal size (91212 bytes) — new uses preferred "" - "" format",va-move-over
DEACTIVATE,9736,VA-Move Over,va-move-over,va-move-over.jpg,91212,"equal size (91212 bytes) — new uses preferred "" - "" format",
KEEP,15346,VA - Nasa Langley Research Center,va-nasa-langley-research-center-v1,va-nasa-langley-research-center.png,15219,"equal size (15219 bytes) — new uses preferred "" - "" format",va-nasa-langley-research-center
DEACTIVATE,9737,VA-NASA Langley Research Center,va-nasa-langley-research-center,va-nasa-langley-research-center.jpg,15219,"equal size (15219 bytes) — new uses preferred "" - "" format",
KEEP,15347,VA - Nasa Wallops Flight Facility,va-nasa-wallops-flight-facility-v1,va-nasa-wallops-flight-facility.png,36240,"equal size (36240 bytes) — new uses preferred "" - "" format",va-nasa-wallops-flight-facility
DEACTIVATE,9738,VA-NASA Wallops Flight Facility,va-nasa-wallops-flight-facility,va-nasa-wallops-flight-facility.jpg,36240,"equal size (36240 bytes) — new uses preferred "" - "" format",
KEEP,15348,VA - National Air And Space Museum,va-national-air-and-space-museum-v1,va-national-air-and-space-museum.png,31043,"equal size (31043 bytes) — new uses preferred "" - "" format",va-national-air-and-space-museum
DEACTIVATE,9739,VA-National Air and Space Museum,va-national-air-and-space-museum,va-national-air-and-space-museum.jpg,31043,"equal size (31043 bytes) — new uses preferred "" - "" format",
KEEP,15109,VA - National Guard,va-national-guard-v1,va-national-guard.png,72936,"equal size (72936 bytes) — new uses preferred "" - "" format",va-national-guard
DEACTIVATE,9639,VA-National Guard,va-national-guard,va-national-guard.jpg,72936,"equal size (72936 bytes) — new uses preferred "" - "" format",
KEEP,15108,VA - National Guard Retired,va-national-guard-retired-v1,va-national-guard-retired.png,73278,"equal size (73278 bytes) — new uses preferred "" - "" format",va-national-guard-retired
DEACTIVATE,9640,VA-National Guard Retired,va-national-guard-retired,va-national-guard-retired.jpg,73278,"equal size (73278 bytes) — new uses preferred "" - "" format",
KEEP,15349,VA - National Rifle Association,va-national-rifle-association-v1,va-national-rifle-association.png,68193,"equal size (68193 bytes) — new uses preferred "" - "" format",va-national-rifle-association
DEACTIVATE,9740,VA-National Rifle Association,va-national-rifle-association,va-national-rifle-association.jpg,68193,"equal size (68193 bytes) — new uses preferred "" - "" format",
KEEP,15179,VA - Natural Bridge,va-natural-bridge-v1,va-natural-bridge.png,28025,"equal size (28025 bytes) — new uses preferred "" - "" format",va-natural-bridge
DEACTIVATE,9741,VA-Natural Bridge,va-natural-bridge,va-natural-bridge.jpg,28025,"equal size (28025 bytes) — new uses preferred "" - "" format",
KEEP,15110,VA - Naval Aviator,va-naval-aviator-v1,va-naval-aviator.png,15535,"equal size (15535 bytes) — new uses preferred "" - "" format",va-naval-aviator
DEACTIVATE,9641,VA-Naval Aviator,va-naval-aviator,va-naval-aviator.jpg,15535,"equal size (15535 bytes) — new uses preferred "" - "" format",
KEEP,15111,VA - Navy Cross,va-navy-cross-v1,va-navy-cross.png,40883,"equal size (40883 bytes) — new uses preferred "" - "" format",va-navy-cross
DEACTIVATE,9643,VA-Navy Cross,va-navy-cross,va-navy-cross.jpg,40883,"equal size (40883 bytes) — new uses preferred "" - "" format",
KEEP,15112,VA - Navy Marine Corps Medal,va-navy-marine-corps-medal-v1,va-navy-marine-corps-medal.png,31676,"equal size (31676 bytes) — new uses preferred "" - "" format",va-navy-marine-corps-medal
DEACTIVATE,9642,VA-Navy & Marine Corps Medal,va-navy-marine-corps-medal,va-navy-marine-corps-medal.jpg,31676,"equal size (31676 bytes) — new uses preferred "" - "" format",
KEEP,15113,VA - Navy Reserve,va-navy-reserve-v1,va-navy-reserve.png,76163,"equal size (76163 bytes) — new uses preferred "" - "" format",va-navy-reserve
DEACTIVATE,9644,VA-Navy Reserve,va-navy-reserve,va-navy-reserve.jpg,76163,"equal size (76163 bytes) — new uses preferred "" - "" format",
KEEP,15239,VA - NC State University,va-nc-state-university-v1,va-nc-state-university.png,89431,"equal size (89431 bytes) — new uses preferred "" - "" format",va-nc-state-university
DEACTIVATE,9545,VA-NC State University,va-nc-state-university,va-nc-state-university.jpg,89431,"equal size (89431 bytes) — new uses preferred "" - "" format",
KEEP,15240,VA - Newport News Shipbuilding,va-newport-news-shipbuilding-v1,va-newport-news-shipbuilding.png,90054,"equal size (90054 bytes) — new uses preferred "" - "" format",va-newport-news-shipbuilding
DEACTIVATE,9742,VA-Newport News Shipbuilding,va-newport-news-shipbuilding,va-newport-news-shipbuilding.jpg,90054,"equal size (90054 bytes) — new uses preferred "" - "" format",
KEEP,15350,VA - Newport News Shipbuilding Motorcycle,va-newport-news-shipbuilding-motorcycle-v1,va-newport-news-shipbuilding-motorcycle.png,67481,"equal size (67481 bytes) — new uses preferred "" - "" format",va-newport-news-shipbuilding-motorcycle
DEACTIVATE,9743,VA-Newport News Shipbuilding-Motorcycle,va-newport-news-shipbuilding-motorcycle,va-newport-news-shipbuilding-motorcycle.jpg,67481,"equal size (67481 bytes) — new uses preferred "" - "" format",
KEEP,15116,VA - Next Of Kin,va-next-of-kin-v1,va-next-of-kin.png,85181,"equal size (85181 bytes) — new uses preferred "" - "" format",va-next-of-kin
DEACTIVATE,9744,VA-Next of Kin,va-next-of-kin,va-next-of-kin.jpg,85181,"equal size (85181 bytes) — new uses preferred "" - "" format",
KEEP,9820,VA-Non Apportioned Bus,va-non-apportioned-bus,va-non-apportioned-bus.jpg,63740,old image larger (63740 vs 58349 bytes),
DEACTIVATE,15143,VA - Non Apportioned Bus,va-non-apportioned-bus-v1,va-non-apportioned-bus.png,58349,old image larger (63740 vs 58349 bytes),
KEEP,9821,VA-Nonemergency Medical Transport For Hire,va-nonemergency-medical-transport-for-hire,va-nonemergency-medical-transport-for-hire.jpg,79642,old image larger (79642 vs 60070 bytes),
DEACTIVATE,15144,VA - Nonemergency Medical Transport For Hire,va-nonemergency-medical-transport-for-hire-v1,va-nonemergency-medical-transport-for-hire.png,60070,old image larger (79642 vs 60070 bytes),
KEEP,15242,VA - Norfolk State University,va-norfolk-state-university-v1,va-norfolk-state-university.png,49782,"equal size (49782 bytes) — new uses preferred "" - "" format",va-norfolk-state-university
DEACTIVATE,9546,VA-Norfolk State University,va-norfolk-state-university,va-norfolk-state-university.gif,49782,"equal size (49782 bytes) — new uses preferred "" - "" format",
KEEP,15241,VA - Norfolk State University Tower,va-norfolk-state-university-tower-v1,va-norfolk-state-university-tower.png,33840,"equal size (33840 bytes) — new uses preferred "" - "" format",va-norfolk-state-university-tower
DEACTIVATE,9547,VA-Norfolk State University-Tower,va-norfolk-state-university-tower,va-norfolk-state-university-tower.jpg,33840,"equal size (33840 bytes) — new uses preferred "" - "" format",
KEEP,15180,VA - Northern Neck,va-northern-neck-v1,va-northern-neck.png,83171,"equal size (83171 bytes) — new uses preferred "" - "" format",va-northern-neck
DEACTIVATE,9745,VA-Northern Neck,va-northern-neck,va-northern-neck.jpg,83171,"equal size (83171 bytes) — new uses preferred "" - "" format",
KEEP,15243,VA - Northern Virginia Community College,va-northern-virginia-community-college-v1,va-northern-virginia-community-college.png,58594,"equal size (58594 bytes) — new uses preferred "" - "" format",va-northern-virginia-community-college
DEACTIVATE,9548,VA-Northern Virginia Community College,va-northern-virginia-community-college,va-northern-virginia-com-college.jpg,58594,"equal size (58594 bytes) — new uses preferred "" - "" format",
KEEP,15351,VA - Nurses Foundation,va-nurses-foundation-v1,va-nurses-foundation.png,82478,"equal size (82478 bytes) — new uses preferred "" - "" format",va-nurses-foundation
DEACTIVATE,9746,VA-Nurses Foundation,va-nurses-foundation,va-nurses-foundation.jpg,82478,"equal size (82478 bytes) — new uses preferred "" - "" format",
KEEP,15352,VA - Oceana Naval Air Station,va-oceana-naval-air-station-v1,va-oceana-naval-air-station.png,39635,"equal size (39635 bytes) — new uses preferred "" - "" format",va-oceana-naval-air-station
DEACTIVATE,9647,VA-Oceana Naval Air Station,va-oceana-naval-air-station,va-oceana-naval-air-station.jpg,39635,"equal size (39635 bytes) — new uses preferred "" - "" format",
KEEP,15244,VA - Ohio State University,va-ohio-state-university-v1,va-ohio-state-university.png,18373,"equal size (18373 bytes) — new uses preferred "" - "" format",va-ohio-state-university
DEACTIVATE,9549,VA-Ohio State University,va-ohio-state-university,va-ohio-state-university.jpg,18373,"equal size (18373 bytes) — new uses preferred "" - "" format",
KEEP,15245,VA - Old Dominion University,va-old-dominion-university-v1,va-old-dominion-university.png,73345,"equal size (73345 bytes) — new uses preferred "" - "" format",va-old-dominion-university
DEACTIVATE,9550,VA-Old Dominion University,va-old-dominion-university,va-old-dominion-university.jpg,73345,"equal size (73345 bytes) — new uses preferred "" - "" format",
KEEP,15065,VA - Order Of The Eastern Star,va-order-of-the-eastern-star-v1,va-order-of-the-eastern-star.png,81963,"equal size (81963 bytes) — new uses preferred "" - "" format",va-order-of-the-eastern-star
DEACTIVATE,9748,VA-Order of The Eastern Star,va-order-of-the-eastern-star,va-order-of-the-eastern-star.jpg,81963,"equal size (81963 bytes) — new uses preferred "" - "" format",
KEEP,15354,VA - Organ Donor,va-organ-donor-v1,va-organ-donor.png,82604,"equal size (82604 bytes) — new uses preferred "" - "" format",va-organ-donor
DEACTIVATE,9749,VA-Organ Donor,va-organ-donor,va-organ-donor.jpg,82604,"equal size (82604 bytes) — new uses preferred "" - "" format",
KEEP,15353,VA - Organ Donor Motorcycle,va-organ-donor-motorcycle-v1,va-organ-donor-motorcycle.png,48867,"equal size (48867 bytes) — new uses preferred "" - "" format",va-organ-donor-motorcycle
DEACTIVATE,9750,VA-Organ Donor-Motorcycle,va-organ-donor-motorcycle,va-organ-donor-motorcycle.jpg,48867,"equal size (48867 bytes) — new uses preferred "" - "" format",
KEEP,15355,VA - Parrothead Motorcycle,va-parrothead-motorcycle-v1,va-parrothead-motorcycle.png,22672,"equal size (22672 bytes) — new uses preferred "" - "" format",va-parrothead-motorcycle
DEACTIVATE,9751,VA-Parrothead-Motorcycle,va-parrothead-motorcycle,va-parrothead-motorcycle.jpg,22672,"equal size (22672 bytes) — new uses preferred "" - "" format",
KEEP,15145,VA - Passenger For Hire,va-passenger-for-hire-v1,va-passenger-for-hire.png,57849,new image larger (57849 vs 25800 bytes),va-passenger-for-hire
DEACTIVATE,9822,VA-Passenger For Hire,va-passenger-for-hire,va-passenger-for-hire.jpg,25800,new image larger (57849 vs 25800 bytes),
KEEP,15246,VA - Paul D Camp Community College,va-paul-d-camp-community-college-v1,va-paul-d-camp-community-college.png,69958,"equal size (69958 bytes) — new uses preferred "" - "" format",va-paul-d-camp-community-college
DEACTIVATE,9551,VA-Paul D Camp Community College,va-paul-d-camp-community-college,va-paul-d-camp-community-college.jpg,69958,"equal size (69958 bytes) — new uses preferred "" - "" format",
KEEP,15358,VA - Peace,va-peace-v1,va-peace.png,34764,"equal size (34764 bytes) — new uses preferred "" - "" format",va-peace
DEACTIVATE,9753,VA-Peace,va-peace,va-peace.jpg,34764,"equal size (34764 bytes) — new uses preferred "" - "" format",
KEEP,15357,VA - Peace Begins At Home,va-peace-begins-at-home-v1,va-peace-begins-at-home.png,28987,"equal size (28987 bytes) — new uses preferred "" - "" format",va-peace-begins-at-home
DEACTIVATE,9754,VA-Peace Begins at Home,va-peace-begins-at-home,va-peace-begins-at-home.jpg,28987,"equal size (28987 bytes) — new uses preferred "" - "" format",
KEEP,15117,VA - Pearl Harbor Survivor,va-pearl-harbor-survivor-v1,va-pearl-harbor-survivor.png,72908,"equal size (72908 bytes) — new uses preferred "" - "" format",va-pearl-harbor-survivor
DEACTIVATE,9648,VA-Pearl Harbor Survivor,va-pearl-harbor-survivor,va-pearl-harbor-survivor.jpg,72908,"equal size (72908 bytes) — new uses preferred "" - "" format",
KEEP,15247,VA - Penn State University,va-penn-state-university-v1,va-penn-state-university.png,64708,"equal size (64708 bytes) — new uses preferred "" - "" format",va-penn-state-university
DEACTIVATE,9552,VA-Penn State University,va-penn-state-university,va-penn-state-university.gif,64708,"equal size (64708 bytes) — new uses preferred "" - "" format",
KEEP,15359,VA - Poquoson City,va-poquoson-city-v1,va-poquoson-city.png,64051,"equal size (64051 bytes) — new uses preferred "" - "" format",va-poquoson-city
DEACTIVATE,9756,VA-Poquoson City,va-poquoson-city,va-poquoson-city.jpg,64051,"equal size (64051 bytes) — new uses preferred "" - "" format",
KEEP,15054,VA - Professional Firefighter Intl,va-professional-firefighter-intl-v1,va-professional-firefighter-int-l.png,66933,"equal size (66933 bytes) — new uses preferred "" - "" format",va-professional-firefighter-intl
DEACTIVATE,9757,VA-Professional Firefighter-Int'l,va-professional-firefighter-intl,va-professional-firefighter-int-l.jpg,66933,"equal size (66933 bytes) — new uses preferred "" - "" format",
KEEP,15053,VA - Professional Firefighter Intl Motorcycle,va-professional-firefighter-intl-motorcycle-v1,va-professional-firefighter-int-l-motorcycle.png,40470,"equal size (40470 bytes) — new uses preferred "" - "" format",va-professional-firefighter-intl-motorcycle
DEACTIVATE,9758,VA-Professional Firefighter-Int'l-Motorcycle,va-professional-firefighter-intl-motorcycle,va-professional-firefighter-int-l-motorcycle.jpg,40470,"equal size (40470 bytes) — new uses preferred "" - "" format",
KEEP,15181,VA - Protect Pollinators,va-protect-pollinators-v1,va-protect-pollinators.png,723465,"equal size (723465 bytes) — new uses preferred "" - "" format",va-protect-pollinators
DEACTIVATE,9759,VA-Protect Pollinators,va-protect-pollinators,va-protect-pollinators.jpg,723465,"equal size (723465 bytes) — new uses preferred "" - "" format",
KEEP,15182,VA - Protect Sea Life,va-protect-sea-life-v1,va-protect-sea-life.png,36886,"equal size (36886 bytes) — new uses preferred "" - "" format",va-protect-sea-life
DEACTIVATE,9760,VA-Protect Sea Life,va-protect-sea-life,va-protect-sea-life.jpg,36886,"equal size (36886 bytes) — new uses preferred "" - "" format",
KEEP,15121,VA - Purple Heart,va-purple-heart-v1,va-purple-heart.png,71330,"equal size (71330 bytes) — new uses preferred "" - "" format",va-purple-heart
DEACTIVATE,9649,VA-Purple Heart,va-purple-heart,va-purple-heart.jpg,71330,"equal size (71330 bytes) — new uses preferred "" - "" format",
KEEP,15120,VA - Purple Heart Motorcyle,va-purple-heart-motorcyle-v1,va-purple-heart-motorcyle.png,24719,"equal size (24719 bytes) — new uses preferred "" - "" format",va-purple-heart-motorcyle
DEACTIVATE,9651,VA-Purple Heart Motorcyle,va-purple-heart-motorcyle,va-purple-heart-motorcyle.jpg,24719,"equal size (24719 bytes) — new uses preferred "" - "" format",
REVIEW,9554,VA-Radford University,va-radford-university,va-radford-university.jpg,78445,2 variants found — manual review needed,
REVIEW,15251,VA - Radford University,va-radford-university-v1,va-radford-university.png,78445,2 variants found — manual review needed,
REVIEW,15250,VA - Radford University v2,va-radford-university-v2,va-radford-university-v2.png,9694,2 variants found — manual review needed,
KEEP,15252,VA - Randolph College,va-randolph-college-v1,va-randolph-college.png,82134,"equal size (82134 bytes) — new uses preferred "" - "" format",va-randolph-college
DEACTIVATE,9555,VA-Randolph College,va-randolph-college,va-randolph-college.jpg,82134,"equal size (82134 bytes) — new uses preferred "" - "" format",
KEEP,15255,VA - Randolph Macon College Yellow Jack,va-randolph-macon-college-yellow-jack,va-randolph-macon-college-yellow-jack.png,42739,old image larger (42739 vs 12603 bytes),
DEACTIVATE,15254,VA - Randolph Macon College Yellow Jack v2,va-randolph-macon-college-yellow-jack-v2,va-randolph-macon-college-yellow-jack-v2.png,12603,old image larger (42739 vs 12603 bytes),
KEEP,15256,VA - Regent University,va-regent-university-v1,va-regent-university.png,26353,"equal size (26353 bytes) — new uses preferred "" - "" format",va-regent-university
DEACTIVATE,9558,VA-Regent University,va-regent-university,va-regent-university.jpg,26353,"equal size (26353 bytes) — new uses preferred "" - "" format",
KEEP,15055,VA - Rescue Squad,va-rescue-squad-v1,va-rescue-squad.png,64309,"equal size (64309 bytes) — new uses preferred "" - "" format",va-rescue-squad
DEACTIVATE,9761,VA-Rescue Squad,va-rescue-squad,va-rescue-squad.jpg,64309,"equal size (64309 bytes) — new uses preferred "" - "" format",
KEEP,15361,VA - Richmond Planet,va-richmond-planet-v1,va-richmond-planet.png,110300,"equal size (110300 bytes) — new uses preferred "" - "" format",va-richmond-planet
DEACTIVATE,9762,VA-Richmond Planet,va-richmond-planet,va-richmond-planet.jpg,110300,"equal size (110300 bytes) — new uses preferred "" - "" format",
KEEP,15257,VA - Roanoke College,va-roanoke-college-v1,va-roanoke-college.png,82490,"equal size (82490 bytes) — new uses preferred "" - "" format",va-roanoke-college
DEACTIVATE,9559,VA-Roanoke College,va-roanoke-college,va-roanoke-college.jpg,82490,"equal size (82490 bytes) — new uses preferred "" - "" format",
KEEP,15362,VA - Robert E Lee,va-robert-e-lee-v1,va-robert-e-lee.png,40438,"equal size (40438 bytes) — new uses preferred "" - "" format",va-robert-e-lee
DEACTIVATE,9763,VA-Robert E. Lee,va-robert-e-lee,va-robert-e-lee.jpg,40438,"equal size (40438 bytes) — new uses preferred "" - "" format",
KEEP,15067,VA - Rotary International,va-rotary-international-v1,va-rotary-international.png,27333,"equal size (27333 bytes) — new uses preferred "" - "" format",va-rotary-international
DEACTIVATE,9764,VA-Rotary International,va-rotary-international,va-rotary-international.jpg,27333,"equal size (27333 bytes) — new uses preferred "" - "" format",
KEEP,15183,VA - Scenic Autumn,va-scenic-autumn-v1,va-scenic-autumn.png,46417,"equal size (46417 bytes) — new uses preferred "" - "" format",va-scenic-autumn
DEACTIVATE,9825,VA-Scenic Autumn,va-scenic-autumn,va-scenic-autumn.jpg,46417,"equal size (46417 bytes) — new uses preferred "" - "" format",
KEEP,15146,VA - Scenic For Hire,va-scenic-for-hire-v1,va-scenic-for-hire.png,24623,"equal size (24623 bytes) — new uses preferred "" - "" format",va-scenic-for-hire
DEACTIVATE,9826,VA-Scenic For Hire,va-scenic-for-hire,va-scenic-for-hire.jpg,24623,"equal size (24623 bytes) — new uses preferred "" - "" format",
KEEP,15363,VA - Scenic Motorcycle,va-scenic-motorcycle-v1,va-scenic-motorcycle.png,23429,"equal size (23429 bytes) — new uses preferred "" - "" format",va-scenic-motorcycle
DEACTIVATE,9827,VA-Scenic-Motorcycle,va-scenic-motorcycle,va-scenic-motorcycle.jpg,23429,"equal size (23429 bytes) — new uses preferred "" - "" format",
KEEP,15184,VA - Scenic Mountain To Seashore,va-scenic-mountain-to-seashore-v1,va-scenic-mountain-to-seashore.png,68672,"equal size (68672 bytes) — new uses preferred "" - "" format",va-scenic-mountain-to-seashore
DEACTIVATE,9824,VA-Scenic-Mountain to Seashore,va-scenic-mountain-to-seashore,va-scenic-mountain-to-seashore.jpg,68672,"equal size (68672 bytes) — new uses preferred "" - "" format",
KEEP,15364,VA - Scenic Patriot,va-scenic-patriot-v1,va-scenic-patriot.png,41765,"equal size (41765 bytes) — new uses preferred "" - "" format",va-scenic-patriot
DEACTIVATE,9828,VA-Scenic Patriot,va-scenic-patriot,va-scenic-patriot.jpg,41765,"equal size (41765 bytes) — new uses preferred "" - "" format",
KEEP,15258,VA - Sentara College Of Health Sciences,va-sentara-college-of-health-sciences-v1,va-sentara-college-of-health-sciences.png,29452,"equal size (29452 bytes) — new uses preferred "" - "" format",va-sentara-college-of-health-sciences
DEACTIVATE,9560,VA-Sentara College of Health Sciences,va-sentara-college-of-health-sciences,va-sentara-college-of-health-sciences.jpg,29452,"equal size (29452 bytes) — new uses preferred "" - "" format",
KEEP,15186,VA - Shenandoah National Park,va-shenandoah-national-park-v1,va-shenandoah-national-park.png,77199,"equal size (77199 bytes) — new uses preferred "" - "" format",va-shenandoah-national-park
DEACTIVATE,9765,VA-Shenandoah National Park,va-shenandoah-national-park,va-shenandoah-national-park.jpg,77199,"equal size (77199 bytes) — new uses preferred "" - "" format",
KEEP,15185,VA - Shenandoah National Park Motorcycle,va-shenandoah-national-park-motorcycle-v1,va-shenandoah-national-park-motorcycle.png,51028,"equal size (51028 bytes) — new uses preferred "" - "" format",va-shenandoah-national-park-motorcycle
DEACTIVATE,9766,VA-Shenandoah National Park-Motorcycle,va-shenandoah-national-park-motorcycle,va-shenandoah-national-park-motorcycle.jpg,51028,"equal size (51028 bytes) — new uses preferred "" - "" format",
KEEP,15259,VA - Shenandoah University,va-shenandoah-university-v1,va-shenandoah-university.png,94125,"equal size (94125 bytes) — new uses preferred "" - "" format",va-shenandoah-university
DEACTIVATE,9561,VA-Shenandoah University,va-shenandoah-university,va-shenandoah-university.jpg,94125,"equal size (94125 bytes) — new uses preferred "" - "" format",
KEEP,15068,VA - Shriner,va-shriner-v1,va-shriner.png,75271,"equal size (75271 bytes) — new uses preferred "" - "" format",va-shriner
DEACTIVATE,9767,VA-Shriner,va-shriner,va-shriner.jpg,75271,"equal size (75271 bytes) — new uses preferred "" - "" format",
KEEP,15123,VA - Silver Star,va-silver-star-v1,va-silver-star.png,66343,"equal size (66343 bytes) — new uses preferred "" - "" format",va-silver-star
DEACTIVATE,9653,VA-Silver Star,va-silver-star,va-silver-star.jpg,66343,"equal size (66343 bytes) — new uses preferred "" - "" format",
KEEP,15122,VA - Silver Star Motorcycle,va-silver-star-motorcycle-v1,va-silver-star-motorcycle.png,53461,"equal size (53461 bytes) — new uses preferred "" - "" format",va-silver-star-motorcycle
DEACTIVATE,9654,VA-Silver Star-Motorcycle,va-silver-star-motorcycle,va-silver-star-motorcycle.jpg,53461,"equal size (53461 bytes) — new uses preferred "" - "" format",
KEEP,15187,VA - Smith Mountain Lake,va-smith-mountain-lake-v1,va-smith-mountain-lake.png,82027,"equal size (82027 bytes) — new uses preferred "" - "" format",va-smith-mountain-lake
DEACTIVATE,9768,VA-Smith Mountain Lake,va-smith-mountain-lake,va-smith-mountain-lake.jpg,82027,"equal size (82027 bytes) — new uses preferred "" - "" format",
KEEP,15366,VA - Sons Of Confederate Veterans,va-sons-of-confederate-veterans-v1,va-sons-of-confederate-veterans.png,77366,"equal size (77366 bytes) — new uses preferred "" - "" format",va-sons-of-confederate-veterans
DEACTIVATE,9769,VA-Sons of Confederate Veterans,va-sons-of-confederate-veterans,va-sons-of-confederate-veterans.jpg,77366,"equal size (77366 bytes) — new uses preferred "" - "" format",
KEEP,15365,VA - Sons Of Confederate Veterans Motorcycle,va-sons-of-confederate-veterans-motorcycle-v1,va-sons-of-confederate-veterans-motorcycle.png,72032,"equal size (72032 bytes) — new uses preferred "" - "" format",va-sons-of-confederate-veterans-motorcycle
DEACTIVATE,9770,VA-Sons of Confederate Veterans-Motorcycle,va-sons-of-confederate-veterans-motorcycle,va-sons-of-confederate-veterans-motorcycle.jpg,72032,"equal size (72032 bytes) — new uses preferred "" - "" format",
KEEP,15260,VA - Southwest Virginia Community College,va-southwest-virginia-community-college-v1,va-southwest-virginia-community-college.png,29791,"equal size (29791 bytes) — new uses preferred "" - "" format",va-southwest-virginia-community-college
DEACTIVATE,9562,VA-Southwest Virginia Community College,va-southwest-virginia-community-college,va-southwest-virginia-community-college.jpg,29791,"equal size (29791 bytes) — new uses preferred "" - "" format",
KEEP,15124,VA - Special Forces Association,va-special-forces-association-v1,va-special-forces-association.png,23479,"equal size (23479 bytes) — new uses preferred "" - "" format",va-special-forces-association
DEACTIVATE,9655,VA-Special Forces Association,va-special-forces-association,va-special-forces-association.jpg,23479,"equal size (23479 bytes) — new uses preferred "" - "" format",
KEEP,15367,VA - Stop Gun Violence,va-stop-gun-violence-v1,va-stop-gun-violence.png,49642,"equal size (49642 bytes) — new uses preferred "" - "" format",va-stop-gun-violence
DEACTIVATE,9771,VA-Stop Gun Violence,va-stop-gun-violence,va-stop-gun-violence.jpg,49642,"equal size (49642 bytes) — new uses preferred "" - "" format",
KEEP,15368,VA - Support Our Troops,va-support-our-troops-v1,va-support-our-troops.png,27738,"equal size (27738 bytes) — new uses preferred "" - "" format",va-support-our-troops
DEACTIVATE,9656,VA-Support Our Troops,va-support-our-troops,va-support-our-troops.jpg,27738,"equal size (27738 bytes) — new uses preferred "" - "" format",
KEEP,15369,VA - Surfrider Foundation,va-surfrider-foundation-v1,va-surfrider-foundation.png,85353,"equal size (85353 bytes) — new uses preferred "" - "" format",va-surfrider-foundation
DEACTIVATE,9772,VA-Surfrider Foundation,va-surfrider-foundation,va-surfrider-foundation.jpg,85353,"equal size (85353 bytes) — new uses preferred "" - "" format",
KEEP,15261,VA - Sweet Briar College,va-sweet-briar-college-v1,va-sweet-briar-college.png,24775,"equal size (24775 bytes) — new uses preferred "" - "" format",va-sweet-briar-college
DEACTIVATE,9563,VA-Sweet Briar College,va-sweet-briar-college,va-sweet-briar-college.jpg,24775,"equal size (24775 bytes) — new uses preferred "" - "" format",
KEEP,15147,VA - Taxi For Hire,va-taxi-for-hire-v1,va-taxi-for-hire.png,16429,"equal size (16429 bytes) — new uses preferred "" - "" format",va-taxi-for-hire
DEACTIVATE,9829,VA-Taxi-For Hire,va-taxi-for-hire,va-taxi-for-hire.jpg,16429,"equal size (16429 bytes) — new uses preferred "" - "" format",
KEEP,15148,VA - Taxi Permanent For Hire,va-taxi-permanent-for-hire-v1,va-taxi-permanent-for-hire.png,14284,"equal size (14284 bytes) — new uses preferred "" - "" format",va-taxi-permanent-for-hire
DEACTIVATE,9830,VA-Taxi Permanent-For Hire,va-taxi-permanent-for-hire,va-taxi-permanent-for-hire.jpg,14284,"equal size (14284 bytes) — new uses preferred "" - "" format",
KEEP,15370,VA - Teamtommie,va-teamtommie-v1,va-teamtommie.png,28589,"equal size (28589 bytes) — new uses preferred "" - "" format",va-teamtommie
DEACTIVATE,9773,VA-TeamTommie,va-teamtommie,va-teamtommie.jpg,28589,"equal size (28589 bytes) — new uses preferred "" - "" format",
KEEP,15262,VA - Texas A M University,va-texas-a-m-university-v1,va-texas-a-m-university.png,37004,"equal size (37004 bytes) — new uses preferred "" - "" format",va-texas-a-m-university
DEACTIVATE,9564,VA-Texas A & M University,va-texas-a-m-university,va-texas-a-m-university.jpg,37004,"equal size (37004 bytes) — new uses preferred "" - "" format",
KEEP,15263,VA - Tidewater Community College,va-tidewater-community-college-v1,va-tidewater-community-college.png,26384,"equal size (26384 bytes) — new uses preferred "" - "" format",va-tidewater-community-college
DEACTIVATE,9565,VA-Tidewater Community College,va-tidewater-community-college,va-tidewater-community-college.jpg,26384,"equal size (26384 bytes) — new uses preferred "" - "" format",
KEEP,15372,VA - Tobacco Heritage,va-tobacco-heritage-v1,va-tobacco-heritage.png,36961,"equal size (36961 bytes) — new uses preferred "" - "" format",va-tobacco-heritage
DEACTIVATE,9774,VA-Tobacco Heritage,va-tobacco-heritage,va-tobacco-heritage.jpg,36961,"equal size (36961 bytes) — new uses preferred "" - "" format",
KEEP,15371,VA - Tobacco Heritage Truck,va-tobacco-heritage-truck-v1,va-tobacco-heritage-truck.png,79564,"equal size (79564 bytes) — new uses preferred "" - "" format",va-tobacco-heritage-truck
DEACTIVATE,9775,VA-Tobacco Heritage Truck,va-tobacco-heritage-truck,va-tobacco-heritage-truck.jpg,79564,"equal size (79564 bytes) — new uses preferred "" - "" format",
KEEP,15150,VA - Tow Truck For Hire,va-tow-truck-for-hire-v1,va-tow-truck-for-hire.png,13486,"equal size (13486 bytes) — new uses preferred "" - "" format",va-tow-truck-for-hire
DEACTIVATE,9832,VA-Tow Truck-For Hire,va-tow-truck-for-hire,va-tow-truck-for-hire.jpg,13486,"equal size (13486 bytes) — new uses preferred "" - "" format",
KEEP,15149,VA - Tow Truck For Hire Permanent,va-tow-truck-for-hire-permanent-v1,va-tow-truck-for-hire-permanent.png,15054,"equal size (15054 bytes) — new uses preferred "" - "" format",va-tow-truck-for-hire-permanent
DEACTIVATE,9831,VA-Tow Truck For Hire Permanent,va-tow-truck-for-hire-permanent,va-tow-truck-for-hire-permanent.jpg,15054,"equal size (15054 bytes) — new uses preferred "" - "" format",
KEEP,15152,VA - Tractor Private OR For Hire,va-tractor-private-or-for-hire-v1,va-tractor-private-or-for-hire.png,29134,"equal size (29134 bytes) — new uses preferred "" - "" format",va-tractor-private-or-for-hire
DEACTIVATE,9833,VA-Tractor-Private or For Hire,va-tractor-private-or-for-hire,va-tractor-private-or-for-hire.jpg,29134,"equal size (29134 bytes) — new uses preferred "" - "" format",
KEEP,15156,VA - Trailer,va-trailer-v1,va-trailer.png,67373,"equal size (67373 bytes) — new uses preferred "" - "" format",va-trailer
DEACTIVATE,9835,VA-Trailer,va-trailer,va-trailer.jpg,67373,"equal size (67373 bytes) — new uses preferred "" - "" format",
KEEP,15153,VA - Trailer Permanent,va-trailer-permanent-v1,va-trailer-permanent.png,60739,new image larger (60739 vs 22227 bytes),va-trailer-permanent
DEACTIVATE,9836,VA-Trailer Permanent,va-trailer-permanent,va-trailer-permanent.jpg,22227,new image larger (60739 vs 22227 bytes),
KEEP,15154,VA - Trailer Rental,va-trailer-rental-v1,va-trailer-rental.png,63040,"equal size (63040 bytes) — new uses preferred "" - "" format",va-trailer-rental
DEACTIVATE,9837,VA-Trailer Rental,va-trailer-rental,va-trailer-rental.jpg,63040,"equal size (63040 bytes) — new uses preferred "" - "" format",
KEEP,15155,VA - Trailer Small Permanent,va-trailer-small-permanent-v1,va-trailer-small-permanent.png,22278,"equal size (22278 bytes) — new uses preferred "" - "" format",va-trailer-small-permanent
DEACTIVATE,9838,VA-Trailer-Small Permanent,va-trailer-small-permanent,va-trailer-small-permanent.jpg,22278,"equal size (22278 bytes) — new uses preferred "" - "" format",
KEEP,15157,VA - Truck Permanent Private OR For Hire,va-truck-permanent-private-or-for-hire-v1,va-truck-permanent-private-or-for-hire.png,28911,"equal size (28911 bytes) — new uses preferred "" - "" format",va-truck-permanent-private-or-for-hire
DEACTIVATE,9840,VA-Truck Permanent-Private or For Hire,va-truck-permanent-private-or-for-hire,va-truck-permanent-private-or-for-hire.jpg,28911,"equal size (28911 bytes) — new uses preferred "" - "" format",
KEEP,15158,VA - Truck Private OR For Hire,va-truck-private-or-for-hire-v1,va-truck-private-or-for-hire.png,28384,"equal size (28384 bytes) — new uses preferred "" - "" format",va-truck-private-or-for-hire
DEACTIVATE,9839,VA-Truck-Private or For Hire,va-truck-private-or-for-hire,va-truck-private-or-for-hire.jpg,28384,"equal size (28384 bytes) — new uses preferred "" - "" format",
KEEP,15373,VA - Trust Women Respect Choice,va-trust-women-respect-choice-v1,va-trust-women-respect-choice.png,97404,"equal size (97404 bytes) — new uses preferred "" - "" format",va-trust-women-respect-choice
DEACTIVATE,9776,"VA-Trust Women, Respect Choice",va-trust-women-respect-choice,va-trust-women-respect-choice.jpg,97404,"equal size (97404 bytes) — new uses preferred "" - "" format",
KEEP,15264,VA - Unc Tar Heels,va-unc-tar-heels-v1,va-unc-tar-heels.png,83448,"equal size (83448 bytes) — new uses preferred "" - "" format",va-unc-tar-heels
DEACTIVATE,9566,VA-UNC Tar Heels,va-unc-tar-heels,va-unc-tar-heels.jpg,83448,"equal size (83448 bytes) — new uses preferred "" - "" format",
KEEP,15266,VA - United States Air Force Academy,va-united-states-air-force-academy-v1,va-united-states-air-force-academy.png,83459,"equal size (83459 bytes) — new uses preferred "" - "" format",va-united-states-air-force-academy
DEACTIVATE,9567,VA-United States Air Force Academy,va-united-states-air-force-academy,va-united-states-air-force-academy.jpg,83459,"equal size (83459 bytes) — new uses preferred "" - "" format",
KEEP,15265,VA - United States Air Force Academy Motorcycle,va-united-states-air-force-academy-motorcycle-v1,va-united-states-air-force-academy-motorcycle.png,66905,"equal size (66905 bytes) — new uses preferred "" - "" format",va-united-states-air-force-academy-motorcycle
DEACTIVATE,9568,VA-United States Air Force Academy-Motorcycle,va-united-states-air-force-academy-motorcycle,va-united-states-air-force-academy-motorcycle.jpg,66905,"equal size (66905 bytes) — new uses preferred "" - "" format",
KEEP,15267,VA - United States Military Academy,va-united-states-military-academy-v1,va-united-states-military-academy.png,37186,"equal size (37186 bytes) — new uses preferred "" - "" format",va-united-states-military-academy
DEACTIVATE,9569,VA-United States Military Academy,va-united-states-military-academy,va-united-states-military-academy.jpg,37186,"equal size (37186 bytes) — new uses preferred "" - "" format",
KEEP,15268,VA - United States Naval Academy,va-united-states-naval-academy-v1,va-united-states-naval-academy.png,65637,"equal size (65637 bytes) — new uses preferred "" - "" format",va-united-states-naval-academy
DEACTIVATE,9570,VA-United States Naval Academy,va-united-states-naval-academy,va-united-states-naval-academy.gif,65637,"equal size (65637 bytes) — new uses preferred "" - "" format",
KEEP,15375,VA - United We Stand,va-united-we-stand-v1,va-united-we-stand.png,74315,"equal size (74315 bytes) — new uses preferred "" - "" format",va-united-we-stand
DEACTIVATE,9777,VA-United We Stand,va-united-we-stand,va-united-we-stand.jpg,74315,"equal size (74315 bytes) — new uses preferred "" - "" format",
KEEP,15374,VA - United We Stand Motorcycle,va-united-we-stand-motorcycle-v1,va-united-we-stand-motorcycle.png,24869,"equal size (24869 bytes) — new uses preferred "" - "" format",va-united-we-stand-motorcycle
DEACTIVATE,9778,VA-United We Stand-Motorcycle,va-united-we-stand-motorcycle,va-united-we-stand-motorcycle.jpg,24869,"equal size (24869 bytes) — new uses preferred "" - "" format",
KEEP,15269,VA - University Of Florida,va-university-of-florida-v1,va-university-of-florida.png,64647,"equal size (64647 bytes) — new uses preferred "" - "" format",va-university-of-florida
DEACTIVATE,9575,VA-University of Florida,va-university-of-florida,va-university-of-florida.jpg,64647,"equal size (64647 bytes) — new uses preferred "" - "" format",
KEEP,15270,VA - University Of Mary Washington,va-university-of-mary-washington-v1,va-university-of-mary-washington.png,35423,"equal size (35423 bytes) — new uses preferred "" - "" format",va-university-of-mary-washington
DEACTIVATE,9576,VA-University of Mary Washington,va-university-of-mary-washington,va-university-of-mary-washington.jpg,35423,"equal size (35423 bytes) — new uses preferred "" - "" format",
KEEP,15271,VA - University Of Maryland,va-university-of-maryland-v1,va-university-of-maryland.png,70441,"equal size (70441 bytes) — new uses preferred "" - "" format",va-university-of-maryland
DEACTIVATE,9577,VA-University of Maryland,va-university-of-maryland,va-university-of-maryland.jpg,70441,"equal size (70441 bytes) — new uses preferred "" - "" format",
KEEP,15272,VA - University Of Michigan,va-university-of-michigan-v1,va-university-of-michigan.png,54228,"equal size (54228 bytes) — new uses preferred "" - "" format",va-university-of-michigan
DEACTIVATE,9578,VA-University of Michigan,va-university-of-michigan,va-university-of-michigan.jpg,54228,"equal size (54228 bytes) — new uses preferred "" - "" format",
KEEP,15273,VA - University Of Notre Dame,va-university-of-notre-dame-v1,va-university-of-notre-dame.png,72084,"equal size (72084 bytes) — new uses preferred "" - "" format",va-university-of-notre-dame
DEACTIVATE,9579,VA-University of Notre Dame,va-university-of-notre-dame,va-university-of-notre-dame.jpg,72084,"equal size (72084 bytes) — new uses preferred "" - "" format",
KEEP,15274,VA - University Of Richmond Crest,va-university-of-richmond-crest-v1,va-university-of-richmond-crest.png,54163,"equal size (54163 bytes) — new uses preferred "" - "" format",va-university-of-richmond-crest
DEACTIVATE,9580,VA-University of Richmond-Crest,va-university-of-richmond-crest,va-university-of-richmond-crest.jpg,54163,"equal size (54163 bytes) — new uses preferred "" - "" format",
KEEP,15275,VA - University Of Richmond Spider,va-university-of-richmond-spider-v1,va-university-of-richmond-spider.png,72431,"equal size (72431 bytes) — new uses preferred "" - "" format",va-university-of-richmond-spider
DEACTIVATE,9581,VA-University of Richmond-Spider,va-university-of-richmond-spider,va-university-of-richmond-spider.jpg,72431,"equal size (72431 bytes) — new uses preferred "" - "" format",
KEEP,15276,VA - University Of South Carolina,va-university-of-south-carolina-v1,va-university-of-south-carolina.png,83339,"equal size (83339 bytes) — new uses preferred "" - "" format",va-university-of-south-carolina
DEACTIVATE,9582,VA-University of South Carolina,va-university-of-south-carolina,va-university-of-south-carolina.jpg,83339,"equal size (83339 bytes) — new uses preferred "" - "" format",
KEEP,15277,VA - University Of Tennessee,va-university-of-tennessee-v1,va-university-of-tennessee.png,80094,"equal size (80094 bytes) — new uses preferred "" - "" format",va-university-of-tennessee
DEACTIVATE,9583,VA-University of Tennessee,va-university-of-tennessee,va-university-of-tennessee.jpg,80094,"equal size (80094 bytes) — new uses preferred "" - "" format",
KEEP,15282,VA - Unlocking Autism,va-unlocking-autism-v1,va-unlocking-autism.png,28489,"equal size (28489 bytes) — new uses preferred "" - "" format",va-unlocking-autism
DEACTIVATE,9779,VA-Unlocking Autism,va-unlocking-autism,va-unlocking-autism.jpg,28489,"equal size (28489 bytes) — new uses preferred "" - "" format",
KEEP,15125,VA - US 3Rd Infantry Regiment,va-us-3rd-infantry-regiment-v1,va-us-3rd-infantry-regiment.png,25792,"equal size (25792 bytes) — new uses preferred "" - "" format",va-us-3rd-infantry-regiment
DEACTIVATE,9657,VA-U.S. 3rd Infantry Regiment,va-us-3rd-infantry-regiment,va-u-s-3rd-infantry-regiment.jpg,25792,"equal size (25792 bytes) — new uses preferred "" - "" format",
KEEP,15126,VA - Uss Cole,va-uss-cole-v1,va-uss-cole.png,33992,"equal size (33992 bytes) — new uses preferred "" - "" format",va-uss-cole
DEACTIVATE,9658,VA-USS Cole,va-uss-cole,va-uss-cole.jpg,33992,"equal size (33992 bytes) — new uses preferred "" - "" format",
KEEP,15128,VA - Veteran Armed Forces,va-veteran-armed-forces-v1,va-veteran-armed-forces.png,27121,"equal size (27121 bytes) — new uses preferred "" - "" format",va-veteran-armed-forces
DEACTIVATE,9659,VA-Veteran Armed Forces,va-veteran-armed-forces,va-veteran-armed-forces.jpg,27121,"equal size (27121 bytes) — new uses preferred "" - "" format",
KEEP,15127,VA - Veteran Armed Forces Motorcycle,va-veteran-armed-forces-motorcycle-v1,va-veteran-armed-forces-motorcycle.png,42285,"equal size (42285 bytes) — new uses preferred "" - "" format",va-veteran-armed-forces-motorcycle
DEACTIVATE,9660,VA-Veteran Armed Forces-Motorcycle,va-veteran-armed-forces-motorcycle,va-veteran-armed-forces-motorcycle.jpg,42285,"equal size (42285 bytes) — new uses preferred "" - "" format",
KEEP,15129,VA - Veterans Of Foreign Wars,va-veterans-of-foreign-wars-v1,va-veterans-of-foreign-wars.png,39104,"equal size (39104 bytes) — new uses preferred "" - "" format",va-veterans-of-foreign-wars
DEACTIVATE,9661,VA-Veterans of Foreign Wars,va-veterans-of-foreign-wars,va-veterans-of-foreign-wars.jpg,39104,"equal size (39104 bytes) — new uses preferred "" - "" format",
KEEP,15130,VA - Vietnam Veteran,va-vietnam-veteran-v1,va-vietnam-veteran.png,72935,"equal size (72935 bytes) — new uses preferred "" - "" format",va-vietnam-veteran
DEACTIVATE,9662,VA-Vietnam Veteran,va-vietnam-veteran,va-vietnam-veteran.jpg,72935,"equal size (72935 bytes) — new uses preferred "" - "" format",
KEEP,15131,VA - Vietnam Veterans Of America,va-vietnam-veterans-of-america-v1,va-vietnam-veterans-of-america.png,73224,"equal size (73224 bytes) — new uses preferred "" - "" format",va-vietnam-veterans-of-america
DEACTIVATE,9663,VA-Vietnam Veterans of America,va-vietnam-veterans-of-america,va-vietnam-veterans-of-america.jpg,73224,"equal size (73224 bytes) — new uses preferred "" - "" format",
KEEP,15188,VA - Virginia Agriculture,va-virginia-agriculture-v1,va-virginia-agriculture.png,56636,"equal size (56636 bytes) — new uses preferred "" - "" format",va-virginia-agriculture
DEACTIVATE,9780,VA-Virginia Agriculture,va-virginia-agriculture,va-virginia-agriculture.jpg,56636,"equal size (56636 bytes) — new uses preferred "" - "" format",
KEEP,15376,VA - Virginia Beach City,va-virginia-beach-city-v1,va-virginia-beach-city.png,41517,"equal size (41517 bytes) — new uses preferred "" - "" format",va-virginia-beach-city
DEACTIVATE,9781,VA-Virginia Beach City,va-virginia-beach-city,va-virginia-beach-city.jpg,41517,"equal size (41517 bytes) — new uses preferred "" - "" format",
KEEP,15377,VA - Virginia Breast Cancer Foundation,va-virginia-breast-cancer-foundation-v1,va-virginia-breast-cancer-foundation.png,33615,"equal size (33615 bytes) — new uses preferred "" - "" format",va-virginia-breast-cancer-foundation
DEACTIVATE,9782,VA-Virginia Breast Cancer Foundation,va-virginia-breast-cancer-foundation,va-virginia-breast-cancer-foundation.jpg,33615,"equal size (33615 bytes) — new uses preferred "" - "" format",
KEEP,15284,VA - Virginia Commonwealth Ram,va-virginia-commonwealth-ram,va-virginia-commonwealth-ram.png,76105,old image larger (76105 vs 10629 bytes),
DEACTIVATE,15283,VA - Virginia Commonwealth Ram v2,va-virginia-commonwealth-ram-v2,va-virginia-commonwealth-ram-v2.jpg,10629,old image larger (76105 vs 10629 bytes),
KEEP,15132,VA - Virginia Defense Force,va-virginia-defense-force-v1,va-virginia-defense-force.png,77208,"equal size (77208 bytes) — new uses preferred "" - "" format",va-virginia-defense-force
DEACTIVATE,9664,VA-Virginia Defense Force,va-virginia-defense-force,va-virginia-defense-force.jpg,77208,"equal size (77208 bytes) — new uses preferred "" - "" format",
KEEP,15378,VA - Virginia For The Arts,va-virginia-for-the-arts-v1,va-virginia-for-the-arts.png,75371,"equal size (75371 bytes) — new uses preferred "" - "" format",va-virginia-for-the-arts
DEACTIVATE,9783,VA-Virginia For The Arts,va-virginia-for-the-arts,va-virginia-for-the-arts.jpg,75371,"equal size (75371 bytes) — new uses preferred "" - "" format",
KEEP,15286,VA - Virginia Highlands Community College,va-virginia-highlands-community-college-v1,va-virginia-highlands-community-college.png,69241,"equal size (69241 bytes) — new uses preferred "" - "" format",va-virginia-highlands-community-college
DEACTIVATE,9586,VA-Virginia Highlands Community College,va-virginia-highlands-community-college,va-virginia-highlands-com-college.jpg,69241,"equal size (69241 bytes) — new uses preferred "" - "" format",
KEEP,15287,VA - Virginia Military Insitute,va-virginia-military-insitute-v1,va-virginia-military-insitute.png,70632,"equal size (70632 bytes) — new uses preferred "" - "" format",va-virginia-military-insitute
DEACTIVATE,9587,VA-Virginia Military Insitute,va-virginia-military-insitute,va-virginia-military-insitute.gif,70632,"equal size (70632 bytes) — new uses preferred "" - "" format",
KEEP,15379,VA - Virginia Realtors,va-virginia-realtors-v1,va-virginia-realtors.png,33014,"equal size (33014 bytes) — new uses preferred "" - "" format",va-virginia-realtors
DEACTIVATE,9784,VA-Virginia Realtors,va-virginia-realtors,va-virginia-realtors.jpg,33014,"equal size (33014 bytes) — new uses preferred "" - "" format",
KEEP,15189,VA - Virginia State Parks,va-virginia-state-parks-v1,va-virginia-state-parks.png,37784,"equal size (37784 bytes) — new uses preferred "" - "" format",va-virginia-state-parks
DEACTIVATE,9785,VA-Virginia State Parks,va-virginia-state-parks,va-virginia-state-parks.jpg,37784,"equal size (37784 bytes) — new uses preferred "" - "" format",
KEEP,15288,VA - Virginia State University Seal,va-virginia-state-university-seal-v1,va-virginia-state-university-seal.png,35696,"equal size (35696 bytes) — new uses preferred "" - "" format",va-virginia-state-university-seal
DEACTIVATE,9588,VA-Virginia State University-Seal,va-virginia-state-university-seal,va-virginia-state-university-seal.jpg,35696,"equal size (35696 bytes) — new uses preferred "" - "" format",
KEEP,15289,VA - Virginia State University Trojan,va-virginia-state-university-trojan-v1,va-virginia-state-university-trojan.png,35741,"equal size (35741 bytes) — new uses preferred "" - "" format",va-virginia-state-university-trojan
DEACTIVATE,9589,VA-Virginia State University-Trojan,va-virginia-state-university-trojan,va-virginia-state-university-trojan.jpg,35741,"equal size (35741 bytes) — new uses preferred "" - "" format",
KEEP,15290,VA - Virginia Tech Go Hokies,va-virginia-tech-go-hokies-v1,va-virginia-tech-go-hokies.png,38815,"equal size (38815 bytes) — new uses preferred "" - "" format",va-virginia-tech-go-hokies
DEACTIVATE,9591,VA-Virginia Tech-Go Hokies,va-virginia-tech-go-hokies,va-virginia-tech-go-hokies.jpg,38815,"equal size (38815 bytes) — new uses preferred "" - "" format",
KEEP,15291,VA - Virginia Tech Hokie Bird,va-virginia-tech-hokie-bird-v1,va-virginia-tech-hokie-bird.png,76840,"equal size (76840 bytes) — new uses preferred "" - "" format",va-virginia-tech-hokie-bird
DEACTIVATE,9592,VA-Virginia Tech-Hokie Bird,va-virginia-tech-hokie-bird,va-virginia-tech-hokie-bird.jpg,76840,"equal size (76840 bytes) — new uses preferred "" - "" format",
KEEP,15292,VA - Virginia Tech Mountains,va-virginia-tech-mountains-v1,va-virginia-tech-mountains.png,83526,"equal size (83526 bytes) — new uses preferred "" - "" format",va-virginia-tech-mountains
DEACTIVATE,9593,VA-Virginia Tech-Mountains,va-virginia-tech-mountains,va-virginia-tech-mountains.jpg,83526,"equal size (83526 bytes) — new uses preferred "" - "" format",
KEEP,15293,VA - Virginia Tech School Seal,va-virginia-tech-school-seal-v1,va-virginia-tech-school-seal.png,37755,"equal size (37755 bytes) — new uses preferred "" - "" format",va-virginia-tech-school-seal
DEACTIVATE,9594,VA-Virginia Tech-School Seal,va-virginia-tech-school-seal,va-virginia-tech-school-seal.jpg,37755,"equal size (37755 bytes) — new uses preferred "" - "" format",
KEEP,15294,VA - Virginia Tech VT,va-virginia-tech-vt-v1,va-virginia-tech-vt.png,23590,"equal size (23590 bytes) — new uses preferred "" - "" format",va-virginia-tech-vt
DEACTIVATE,9590,VA-Virginia Tech-VT,va-virginia-tech-vt,va-virginia-tech-vt.jpg,23590,"equal size (23590 bytes) — new uses preferred "" - "" format",
KEEP,15295,VA - Virginia Union University,va-virginia-union-university-v1,va-virginia-union-university.png,37684,"equal size (37684 bytes) — new uses preferred "" - "" format",va-virginia-union-university
DEACTIVATE,9595,VA-Virginia Union University,va-virginia-union-university,va-virginia-union-university.jpg,37684,"equal size (37684 bytes) — new uses preferred "" - "" format",
KEEP,15296,VA - Virginia Wesleyan University,va-virginia-wesleyan-university-v1,va-virginia-wesleyan-university.png,83058,"equal size (83058 bytes) — new uses preferred "" - "" format",va-virginia-wesleyan-university
DEACTIVATE,9596,VA-Virginia Wesleyan University,va-virginia-wesleyan-university,va-virginia-wesleyan-university.jpg,83058,"equal size (83058 bytes) — new uses preferred "" - "" format",
KEEP,15297,VA - Virginia Western Community College,va-virginia-western-community-college-v1,va-virginia-western-community-college.png,81478,"equal size (81478 bytes) — new uses preferred "" - "" format",va-virginia-western-community-college
DEACTIVATE,9597,VA-Virginia Western Community College,va-virginia-western-community-college,va-virginia-western-community-college.jpg,81478,"equal size (81478 bytes) — new uses preferred "" - "" format",
KEEP,15381,VA - Washington Capitals,va-washington-capitals-v1,va-washington-capitals.png,25060,"equal size (25060 bytes) — new uses preferred "" - "" format",va-washington-capitals
DEACTIVATE,9786,VA-Washington Capitals,va-washington-capitals,va-washington-capitals.jpg,25060,"equal size (25060 bytes) — new uses preferred "" - "" format",
KEEP,15298,VA - Washington Lee University,va-washington-lee-university-v1,va-washington-lee-university.png,66081,"equal size (66081 bytes) — new uses preferred "" - "" format",va-washington-lee-university
DEACTIVATE,9598,VA-Washington & Lee University,va-washington-lee-university,va-washington-lee-university.gif,66081,"equal size (66081 bytes) — new uses preferred "" - "" format",
KEEP,15383,VA - Washington Nationals,va-washington-nationals-v1,va-washington-nationals.png,65557,"equal size (65557 bytes) — new uses preferred "" - "" format",va-washington-nationals
DEACTIVATE,9787,VA-Washington Nationals,va-washington-nationals,va-washington-nationals.jpg,65557,"equal size (65557 bytes) — new uses preferred "" - "" format",
KEEP,15382,VA - Washington Nationals Motorcycle,va-washington-nationals-motorcycle-v1,va-washington-nationals-motorcycle.png,26239,"equal size (26239 bytes) — new uses preferred "" - "" format",va-washington-nationals-motorcycle
DEACTIVATE,9788,VA-Washington Nationals-Motorcycle,va-washington-nationals-motorcycle,va-washington-nationals-motorcycle.jpg,26239,"equal size (26239 bytes) — new uses preferred "" - "" format",
KEEP,15299,VA - West Virginia University,va-west-virginia-university-v1,va-west-virginia-university.png,78403,"equal size (78403 bytes) — new uses preferred "" - "" format",va-west-virginia-university
DEACTIVATE,9599,VA-West Virginia University,va-west-virginia-university,va-west-virginia-university.jpg,78403,"equal size (78403 bytes) — new uses preferred "" - "" format",
KEEP,15190,VA - Wildflower,va-wildflower-v1,va-wildflower.png,70976,"equal size (70976 bytes) — new uses preferred "" - "" format",va-wildflower
DEACTIVATE,9789,VA-Wildflower,va-wildflower,va-wildflower.jpg,70976,"equal size (70976 bytes) — new uses preferred "" - "" format",
KEEP,15191,VA - Wildlife Bass,va-wildlife-bass-v1,va-wildlife-bass.png,58269,"equal size (58269 bytes) — new uses preferred "" - "" format",va-wildlife-bass
DEACTIVATE,9790,VA-Wildlife-Bass,va-wildlife-bass,va-wildlife-bass.jpg,58269,"equal size (58269 bytes) — new uses preferred "" - "" format",
KEEP,15192,VA - Wildlife Bear,va-wildlife-bear-v1,va-wildlife-bear.png,30524,"equal size (30524 bytes) — new uses preferred "" - "" format",va-wildlife-bear
DEACTIVATE,9791,VA-Wildlife-Bear,va-wildlife-bear,va-wildlife-bear.jpg,30524,"equal size (30524 bytes) — new uses preferred "" - "" format",
KEEP,15193,VA - Wildlife Bluebird,va-wildlife-bluebird-v1,va-wildlife-bluebird.png,55084,"equal size (55084 bytes) — new uses preferred "" - "" format",va-wildlife-bluebird
DEACTIVATE,9792,VA-Wildlife-Bluebird,va-wildlife-bluebird,va-wildlife-bluebird.jpg,55084,"equal size (55084 bytes) — new uses preferred "" - "" format",
KEEP,15194,VA - Wildlife Brook Trout,va-wildlife-brook-trout-v1,va-wildlife-brook-trout.png,57789,"equal size (57789 bytes) — new uses preferred "" - "" format",va-wildlife-brook-trout
DEACTIVATE,9793,VA-Wildlife-Brook Trout,va-wildlife-brook-trout,va-wildlife-brook-trout.jpg,57789,"equal size (57789 bytes) — new uses preferred "" - "" format",
KEEP,15195,VA - Wildlife Eagle,va-wildlife-eagle-v1,va-wildlife-eagle.png,59114,"equal size (59114 bytes) — new uses preferred "" - "" format",va-wildlife-eagle
DEACTIVATE,9795,VA-Wildlife-Eagle,va-wildlife-eagle,va-wildlife-eagle.jpg,59114,"equal size (59114 bytes) — new uses preferred "" - "" format",
KEEP,15196,VA - Wildlife Mallard,va-wildlife-mallard-v1,va-wildlife-mallard.png,72912,"equal size (72912 bytes) — new uses preferred "" - "" format",va-wildlife-mallard
DEACTIVATE,9796,VA-Wildlife-Mallard,va-wildlife-mallard,va-wildlife-mallard.jpg,72912,"equal size (72912 bytes) — new uses preferred "" - "" format",
KEEP,15198,VA - Wildlife Turkey,va-wildlife-turkey-v1,va-wildlife-turkey.png,65363,"equal size (65363 bytes) — new uses preferred "" - "" format",va-wildlife-turkey
DEACTIVATE,9797,VA-Wildlife-Turkey,va-wildlife-turkey,va-wildlife-turkey.gif,65363,"equal size (65363 bytes) — new uses preferred "" - "" format",
KEEP,15199,VA - Wildlife Whitetail Deer,va-wildlife-whitetail-deer-v1,va-wildlife-whitetail-deer.png,53383,"equal size (53383 bytes) — new uses preferred "" - "" format",va-wildlife-whitetail-deer
DEACTIVATE,9798,VA-Wildlife-Whitetail Deer,va-wildlife-whitetail-deer,va-wildlife-whitetail-deer.gif,53383,"equal size (53383 bytes) — new uses preferred "" - "" format",
KEEP,15301,VA - William Mary,va-william-mary-v1,va-william-mary.png,79160,"equal size (79160 bytes) — new uses preferred "" - "" format",va-william-mary
DEACTIVATE,9600,VA-William & Mary,va-william-mary,va-william-mary.jpg,79160,"equal size (79160 bytes) — new uses preferred "" - "" format",
KEEP,15300,VA - William Mary Athletic,va-william-mary-athletic-v1,va-william-mary-athletic.png,32456,"equal size (32456 bytes) — new uses preferred "" - "" format",va-william-mary-athletic
DEACTIVATE,9601,VA-William & Mary-Athletic,va-william-mary-athletic,va-william-mary-athletic.jpg,32456,"equal size (32456 bytes) — new uses preferred "" - "" format",
KEEP,15133,VA - World War Ii Veteran,va-world-war-ii-veteran-v1,va-world-war-ii-veteran.png,74294,"equal size (74294 bytes) — new uses preferred "" - "" format",va-world-war-ii-veteran
DEACTIVATE,9665,VA-World War II Veteran,va-world-war-ii-veteran,va-world-war-ii-veteran.jpg,74294,"equal size (74294 bytes) — new uses preferred "" - "" format",
KEEP,15302,VA - Wytheville Community College,va-wytheville-community-college-v1,va-wytheville-community-college.png,31941,"equal size (31941 bytes) — new uses preferred "" - "" format",va-wytheville-community-college
DEACTIVATE,9602,VA-Wytheville Community College,va-wytheville-community-college,va-wytheville-community-college.jpg,31941,"equal size (31941 bytes) — new uses preferred "" - "" format",
KEEP,15435,VT - Agriculture,vt-agriculture-v1,vt-agriculture.png,41525,"equal size (41525 bytes) — new uses preferred "" - "" format",vt-agriculture
DEACTIVATE,9434,VT-Agriculture,vt-agriculture,vt-agriculture.jpg,41525,"equal size (41525 bytes) — new uses preferred "" - "" format",
KEEP,15478,VT - Amateur Radio Operator,vt-amateur-radio-operator-v1,vt-amateur-radio-operator.png,46358,"equal size (46358 bytes) — new uses preferred "" - "" format",vt-amateur-radio-operator
DEACTIVATE,9447,VT-Amateur Radio Operator,vt-amateur-radio-operator,vt-amateur-radio-operator.jpg,46358,"equal size (46358 bytes) — new uses preferred "" - "" format",
KEEP,15477,VT - Amateur Radio Operator Truck,vt-amateur-radio-operator-truck-v1,vt-amateur-radio-operator-truck.png,47662,"equal size (47662 bytes) — new uses preferred "" - "" format",vt-amateur-radio-operator-truck
DEACTIVATE,9448,VT-Amateur Radio Operator-Truck,vt-amateur-radio-operator-truck,vt-amateur-radio-operator-truck.jpg,47662,"equal size (47662 bytes) — new uses preferred "" - "" format",
KEEP,15405,VT - American Legion,vt-american-legion-v1,vt-american-legion.png,43949,"equal size (43949 bytes) — new uses preferred "" - "" format",vt-american-legion
DEACTIVATE,9449,VT-American Legion,vt-american-legion,vt-american-legion.jpg,43949,"equal size (43949 bytes) — new uses preferred "" - "" format",
KEEP,15404,VT - American Legion Truck,vt-american-legion-truck-v1,vt-american-legion-truck.png,43685,"equal size (43685 bytes) — new uses preferred "" - "" format",vt-american-legion-truck
DEACTIVATE,9450,VT-American Legion-Truck,vt-american-legion-truck,vt-american-legion-truck.jpg,43685,"equal size (43685 bytes) — new uses preferred "" - "" format",
KEEP,15481,VT - Antique,vt-antique-v1,vt-antique.png,39098,"equal size (39098 bytes) — new uses preferred "" - "" format",vt-antique
DEACTIVATE,9427,VT-Antique,vt-antique,vt-antique.jpg,39098,"equal size (39098 bytes) — new uses preferred "" - "" format",
KEEP,15479,VT - Antique Motorcycle,vt-antique-motorcycle-v1,vt-antique-motorcycle.png,36459,"equal size (36459 bytes) — new uses preferred "" - "" format",vt-antique-motorcycle
DEACTIVATE,9485,VT-Antique Motorcycle,vt-antique-motorcycle,vt-antique-motorcycle.jpg,36459,"equal size (36459 bytes) — new uses preferred "" - "" format",
KEEP,15480,VT - Antique Snowmobile,vt-antique-snowmobile-v1,vt-antique-snowmobile.png,28476,"equal size (28476 bytes) — new uses preferred "" - "" format",vt-antique-snowmobile
DEACTIVATE,9490,VT-Antique-Snowmobile,vt-antique-snowmobile,vt-antique-snowmobile.jpg,28476,"equal size (28476 bytes) — new uses preferred "" - "" format",
KEEP,15436,VT - Apportioned Bus,vt-apportioned-bus-v1,vt-apportioned-bus.png,39859,"equal size (39859 bytes) — new uses preferred "" - "" format",vt-apportioned-bus
DEACTIVATE,9432,VT-Apportioned Bus,vt-apportioned-bus,vt-apportioned-bus.jpg,39859,"equal size (39859 bytes) — new uses preferred "" - "" format",
KEEP,15437,VT - Apportioned Truck,vt-apportioned-truck-v1,vt-apportioned-truck.png,44846,"equal size (44846 bytes) — new uses preferred "" - "" format",vt-apportioned-truck
DEACTIVATE,9433,VT-Apportioned Truck,vt-apportioned-truck,vt-apportioned-truck.jpg,44846,"equal size (44846 bytes) — new uses preferred "" - "" format",
KEEP,15482,VT - Atv,vt-atv-v1,vt-atv.png,42781,"equal size (42781 bytes) — new uses preferred "" - "" format",vt-atv
DEACTIVATE,9491,VT-ATV,vt-atv,vt-atv.jpg,42781,"equal size (42781 bytes) — new uses preferred "" - "" format",
KEEP,15438,VT - Atv Dealer,vt-atv-dealer-v1,vt-atv-dealer.png,35775,"equal size (35775 bytes) — new uses preferred "" - "" format",vt-atv-dealer
DEACTIVATE,9436,VT-ATV Dealer,vt-atv-dealer,vt-atv-dealer.jpg,35775,"equal size (35775 bytes) — new uses preferred "" - "" format",
KEEP,15439,VT - Auction Car Dealer,vt-auction-car-dealer-v1,vt-auction-car-dealer.png,50002,"equal size (50002 bytes) — new uses preferred "" - "" format",vt-auction-car-dealer
DEACTIVATE,9437,VT-Auction Car Dealer,vt-auction-car-dealer,vt-auction-car-dealer.jpg,50002,"equal size (50002 bytes) — new uses preferred "" - "" format",
KEEP,15476,VT - Building Bright Futures,vt-building-bright-futures-v1,vt-building-bright-futures.png,46708,"equal size (46708 bytes) — new uses preferred "" - "" format",vt-building-bright-futures
DEACTIVATE,9414,VT-Building Bright Futures,vt-building-bright-futures,vt-building-bright-futures.jpg,46708,"equal size (46708 bytes) — new uses preferred "" - "" format",
KEEP,15440,VT - Bus,vt-bus-v1,vt-bus.png,35507,"equal size (35507 bytes) — new uses preferred "" - "" format",vt-bus
DEACTIVATE,9430,VT-Bus,vt-bus,vt-bus.jpg,35507,"equal size (35507 bytes) — new uses preferred "" - "" format",
KEEP,15441,VT - Car Dealer New,vt-car-dealer-new-v1,vt-car-dealer-new.png,45011,"equal size (45011 bytes) — new uses preferred "" - "" format",vt-car-dealer-new
DEACTIVATE,9438,"VT-Car Dealer, New",vt-car-dealer-new,vt-car-dealer-new.jpg,45011,"equal size (45011 bytes) — new uses preferred "" - "" format",
KEEP,15442,VT - Car Dealer Used,vt-car-dealer-used-v1,vt-car-dealer-used.png,48972,"equal size (48972 bytes) — new uses preferred "" - "" format",vt-car-dealer-used
DEACTIVATE,9439,"VT-Car Dealer, Used",vt-car-dealer-used,vt-car-dealer-used.jpg,48972,"equal size (48972 bytes) — new uses preferred "" - "" format",
KEEP,15471,VT - Conservation Deer,vt-conservation-deer-v1,vt-conservation-deer.png,46736,"equal size (46736 bytes) — new uses preferred "" - "" format",vt-conservation-deer
DEACTIVATE,9415,VT-Conservation-Deer,vt-conservation-deer,vt-conservation-deer.jpg,46736,"equal size (46736 bytes) — new uses preferred "" - "" format",
KEEP,15470,VT - Conservation Deer Truck,vt-conservation-deer-truck-v1,vt-conservation-deer-truck.png,46831,"equal size (46831 bytes) — new uses preferred "" - "" format",vt-conservation-deer-truck
DEACTIVATE,9416,VT-Conservation-Deer-Truck,vt-conservation-deer-truck,vt-conservation-deer-truck.jpg,46831,"equal size (46831 bytes) — new uses preferred "" - "" format",
KEEP,15473,VT - Conservation Loon,vt-conservation-loon-v1,vt-conservation-loon.png,45469,"equal size (45469 bytes) — new uses preferred "" - "" format",vt-conservation-loon
DEACTIVATE,9419,VT-Conservation-Loon,vt-conservation-loon,vt-conservation-loon.jpg,45469,"equal size (45469 bytes) — new uses preferred "" - "" format",
KEEP,15472,VT - Conservation Loon Truck,vt-conservation-loon-truck-v1,vt-conservation-loon-truck.png,47205,"equal size (47205 bytes) — new uses preferred "" - "" format",vt-conservation-loon-truck
DEACTIVATE,9420,VT-Conservation-Loon-Truck,vt-conservation-loon-truck,vt-conservation-loon-truck.jpg,47205,"equal size (47205 bytes) — new uses preferred "" - "" format",
KEEP,15475,VT - Conservation Trout,vt-conservation-trout-v1,vt-conservation-trout.png,46757,"equal size (46757 bytes) — new uses preferred "" - "" format",vt-conservation-trout
DEACTIVATE,9417,VT-Conservation-Trout,vt-conservation-trout,vt-conservation-trout.jpg,46757,"equal size (46757 bytes) — new uses preferred "" - "" format",
KEEP,15474,VT - Conservation Trout Truck,vt-conservation-trout-truck-v1,vt-conservation-trout-truck.png,46351,"equal size (46351 bytes) — new uses preferred "" - "" format",vt-conservation-trout-truck
DEACTIVATE,9418,VT-Conservation-Trout-Truck,vt-conservation-trout-truck,vt-conservation-trout-truck.jpg,46351,"equal size (46351 bytes) — new uses preferred "" - "" format",
KEEP,15443,VT - Contractor Trailer,vt-contractor-trailer-v1,vt-contractor-trailer.png,47773,"equal size (47773 bytes) — new uses preferred "" - "" format",vt-contractor-trailer
DEACTIVATE,9426,VT-Contractor Trailer,vt-contractor-trailer,vt-contractor-trailer.jpg,47773,"equal size (47773 bytes) — new uses preferred "" - "" format",
KEEP,15483,VT - Disabled Motorcycle,vt-disabled-motorcycle-v1,vt-disabled-motorcycle.png,36745,"equal size (36745 bytes) — new uses preferred "" - "" format",vt-disabled-motorcycle
DEACTIVATE,9489,VT-Disabled-Motorcycle,vt-disabled-motorcycle,vt-disabled-motorcycle.jpg,36745,"equal size (36745 bytes) — new uses preferred "" - "" format",
KEEP,15444,VT - Dmv,vt-dmv-v1,vt-dmv.png,33726,"equal size (33726 bytes) — new uses preferred "" - "" format",vt-dmv
DEACTIVATE,9495,VT-DMV,vt-dmv,vt-dmv.jpg,33726,"equal size (33726 bytes) — new uses preferred "" - "" format",
KEEP,15445,VT - Driver Education,vt-driver-education-v1,vt-driver-education.png,36442,"equal size (36442 bytes) — new uses preferred "" - "" format",vt-driver-education
DEACTIVATE,9496,VT-Driver Education,vt-driver-education,vt-driver-education.jpg,36442,"equal size (36442 bytes) — new uses preferred "" - "" format",
KEEP,15396,VT - Emergency Medical Service,vt-emergency-medical-service-v1,vt-emergency-medical-service.png,43417,"equal size (43417 bytes) — new uses preferred "" - "" format",vt-emergency-medical-service
DEACTIVATE,9451,VT-Emergency Medical Service,vt-emergency-medical-service,vt-emergency-medical-service.jpg,43417,"equal size (43417 bytes) — new uses preferred "" - "" format",
KEEP,15395,VT - Emergency Medical Service Truck,vt-emergency-medical-service-truck-v1,vt-emergency-medical-service-truck.png,38493,"equal size (38493 bytes) — new uses preferred "" - "" format",vt-emergency-medical-service-truck
DEACTIVATE,9452,VT-Emergency Medical Service-Truck,vt-emergency-medical-service-truck,vt-emergency-medical-service-truck.jpg,38493,"equal size (38493 bytes) — new uses preferred "" - "" format",
KEEP,15412,VT - Ex Prisoner Of War,vt-ex-prisoner-of-war-v1,vt-ex-prisoner-of-war.png,40592,"equal size (40592 bytes) — new uses preferred "" - "" format",vt-ex-prisoner-of-war
DEACTIVATE,9468,VT-Ex-Prisoner of War,vt-ex-prisoner-of-war,vt-ex-prisoner-of-war.jpg,40592,"equal size (40592 bytes) — new uses preferred "" - "" format",
KEEP,15411,VT - Ex Prisoner Of War Truck,vt-ex-prisoner-of-war-truck-v1,vt-ex-prisoner-of-war-truck.png,42138,"equal size (42138 bytes) — new uses preferred "" - "" format",vt-ex-prisoner-of-war-truck
DEACTIVATE,9469,VT-Ex-Prisoner of War-Truck,vt-ex-prisoner-of-war-truck,vt-ex-prisoner-of-war-truck.jpg,42138,"equal size (42138 bytes) — new uses preferred "" - "" format",
KEEP,15446,VT - Exhibition,vt-exhibition-v1,vt-exhibition.png,41818,"equal size (41818 bytes) — new uses preferred "" - "" format",vt-exhibition
DEACTIVATE,9428,VT-Exhibition,vt-exhibition,vt-exhibition.jpg,41818,"equal size (41818 bytes) — new uses preferred "" - "" format",
KEEP,15447,VT - Farm Machinery Dealer,vt-farm-machinery-dealer-v1,vt-farm-machinery-dealer.png,48927,"equal size (48927 bytes) — new uses preferred "" - "" format",vt-farm-machinery-dealer
DEACTIVATE,9440,VT-Farm Machinery Dealer,vt-farm-machinery-dealer,vt-farm-machinery-dealer.jpg,48927,"equal size (48927 bytes) — new uses preferred "" - "" format",
KEEP,15448,VT - Federal Program,vt-federal-program-v1,vt-federal-program.png,45519,"equal size (45519 bytes) — new uses preferred "" - "" format",vt-federal-program
DEACTIVATE,9500,VT-Federal Program,vt-federal-program,vt-federal-program.jpg,45519,"equal size (45519 bytes) — new uses preferred "" - "" format",
KEEP,15449,VT - Finance Car Dealer,vt-finance-car-dealer-v1,vt-finance-car-dealer.png,46353,"equal size (46353 bytes) — new uses preferred "" - "" format",vt-finance-car-dealer
DEACTIVATE,9441,VT-Finance Car Dealer,vt-finance-car-dealer,vt-finance-car-dealer.jpg,46353,"equal size (46353 bytes) — new uses preferred "" - "" format",
KEEP,15413,VT - Gold Star Family,vt-gold-star-family-v1,vt-gold-star-family.png,46053,"equal size (46053 bytes) — new uses preferred "" - "" format",vt-gold-star-family
DEACTIVATE,9470,VT-Gold Star-Family,vt-gold-star-family,vt-gold-star-family.jpg,46053,"equal size (46053 bytes) — new uses preferred "" - "" format",
KEEP,9471,VT-Gold Star-Next of Kin,vt-gold-star-next-of-kin,vt-gold-star-next-of-kin.jpg,42891,old image larger (42891 vs 39445 bytes),
DEACTIVATE,15414,VT - Gold Star Next Of Kin,vt-gold-star-next-of-kin-v1,vt-gold-star-next-of-kin.png,39445,old image larger (42891 vs 39445 bytes),
KEEP,15450,VT - Highway Building Equipment Dealer,vt-highway-building-equipment-dealer-v1,vt-highway-building-equipment-dealer.png,47334,"equal size (47334 bytes) — new uses preferred "" - "" format",vt-highway-building-equipment-dealer
DEACTIVATE,9442,VT-Highway Building Equipment Dealer,vt-highway-building-equipment-dealer,vt-highway-building-equipment-dealer.jpg,47334,"equal size (47334 bytes) — new uses preferred "" - "" format",
KEEP,15408,VT - Lions Club,vt-lions-club-v1,vt-lions-club.png,48296,"equal size (48296 bytes) — new uses preferred "" - "" format",vt-lions-club
DEACTIVATE,9455,VT-Lion's Club,vt-lions-club,vt-lion-s-club.jpg,48296,"equal size (48296 bytes) — new uses preferred "" - "" format",
KEEP,15451,VT - Local Transit Bus,vt-local-transit-bus-v1,vt-local-transit-bus.png,36103,"equal size (36103 bytes) — new uses preferred "" - "" format",vt-local-transit-bus
DEACTIVATE,9431,VT-Local Transit Bus,vt-local-transit-bus,vt-local-transit-bus.jpg,36103,"equal size (36103 bytes) — new uses preferred "" - "" format",
KEEP,15486,VT - Low Number 100 9999,vt-low-number-100-9999-v1,vt-low-number-100-9999.png,33894,"equal size (33894 bytes) — new uses preferred "" - "" format",vt-low-number-100-9999
DEACTIVATE,9421,VT-Low Number-100-9999,vt-low-number-100-9999,vt-low-number-100-9999.jpg,33894,"equal size (33894 bytes) — new uses preferred "" - "" format",
KEEP,15485,VT - Low Number 100 9999 Truck,vt-low-number-100-9999-truck-v1,vt-low-number-100-9999-truck.png,34894,"equal size (34894 bytes) — new uses preferred "" - "" format",vt-low-number-100-9999-truck
DEACTIVATE,9422,VT-Low Number-100-9999-Truck,vt-low-number-100-9999-truck,vt-low-number-100-9999-truck.jpg,34894,"equal size (34894 bytes) — new uses preferred "" - "" format",
KEEP,15487,VT - Low Vermont Numbers,vt-low-vermont-numbers-v1,vt-low-vermont-numbers.png,34422,"equal size (34422 bytes) — new uses preferred "" - "" format",vt-low-vermont-numbers
DEACTIVATE,9504,VT-Low Vermont Numbers,vt-low-vermont-numbers,vt-low-vermont-numbers.jpg,34422,"equal size (34422 bytes) — new uses preferred "" - "" format",
KEEP,15488,VT - Motor Driven Cycle,vt-motor-driven-cycle-v1,vt-motor-driven-cycle.png,33439,"equal size (33439 bytes) — new uses preferred "" - "" format",vt-motor-driven-cycle
DEACTIVATE,9487,VT-Motor-Driven Cycle,vt-motor-driven-cycle,vt-motor-driven-cycle.jpg,33439,"equal size (33439 bytes) — new uses preferred "" - "" format",
KEEP,15489,VT - Motorcycle,vt-motorcycle-v1,vt-motorcycle.png,38243,"equal size (38243 bytes) — new uses preferred "" - "" format",vt-motorcycle
DEACTIVATE,9486,VT-Motorcycle,vt-motorcycle,vt-motorcycle.jpg,38243,"equal size (38243 bytes) — new uses preferred "" - "" format",
KEEP,15453,VT - Municipal,vt-municipal-v1,vt-municipal.png,43991,"equal size (43991 bytes) — new uses preferred "" - "" format",vt-municipal
DEACTIVATE,9493,VT-Municipal,vt-municipal,vt-municipal.jpg,43991,"equal size (43991 bytes) — new uses preferred "" - "" format",
KEEP,15454,VT - Off Highway Tractor,vt-off-highway-tractor-v1,vt-off-highway-tractor.png,33880,"equal size (33880 bytes) — new uses preferred "" - "" format",vt-off-highway-tractor
DEACTIVATE,9435,VT-Off Highway Tractor,vt-off-highway-tractor,vt-off-highway-tractor.jpg,33880,"equal size (33880 bytes) — new uses preferred "" - "" format",
KEEP,15416,VT - Pearl Harbor Survivor,vt-pearl-harbor-survivor-v1,vt-pearl-harbor-survivor.png,44391,"equal size (44391 bytes) — new uses preferred "" - "" format",vt-pearl-harbor-survivor
DEACTIVATE,9483,VT-Pearl Harbor Survivor,vt-pearl-harbor-survivor,vt-pearl-harbor-survivor.jpg,44391,"equal size (44391 bytes) — new uses preferred "" - "" format",
KEEP,15415,VT - Pearl Harbor Survivor Truck,vt-pearl-harbor-survivor-truck-v1,vt-pearl-harbor-survivor-truck.png,43743,"equal size (43743 bytes) — new uses preferred "" - "" format",vt-pearl-harbor-survivor-truck
DEACTIVATE,9484,VT-Pearl Harbor Survivor-Truck,vt-pearl-harbor-survivor-truck,vt-pearl-harbor-survivor-truck.jpg,43743,"equal size (43743 bytes) — new uses preferred "" - "" format",
KEEP,15490,VT - Pleasure Car,vt-pleasure-car-v1,vt-pleasure-car.png,42284,"equal size (42284 bytes) — new uses preferred "" - "" format",vt-pleasure-car
DEACTIVATE,9410,VT-Pleasure Car,vt-pleasure-car,vt-pleasure-car.jpg,42284,"equal size (42284 bytes) — new uses preferred "" - "" format",
KEEP,15398,VT - Professional Firefighters Of Vermont,vt-professional-firefighters-of-vermont-v1,vt-professional-firefighters-of-vermont.png,40565,"equal size (40565 bytes) — new uses preferred "" - "" format",vt-professional-firefighters-of-vermont
DEACTIVATE,9457,VT-Professional Firefighters of Vermont,vt-professional-firefighters-of-vermont,vt-professional-firefighters-of-vermont.jpg,40565,"equal size (40565 bytes) — new uses preferred "" - "" format",
KEEP,15418,VT - Purple Heart,vt-purple-heart-v1,vt-purple-heart.png,42154,"equal size (42154 bytes) — new uses preferred "" - "" format",vt-purple-heart
DEACTIVATE,9472,VT-Purple Heart,vt-purple-heart,vt-purple-heart.jpg,42154,"equal size (42154 bytes) — new uses preferred "" - "" format",
KEEP,15417,VT - Purple Heart Truck,vt-purple-heart-truck-v1,vt-purple-heart-truck.png,44046,"equal size (44046 bytes) — new uses preferred "" - "" format",vt-purple-heart-truck
DEACTIVATE,9473,VT-Purple Heart-Truck,vt-purple-heart-truck,vt-purple-heart-truck.jpg,44046,"equal size (44046 bytes) — new uses preferred "" - "" format",
KEEP,15410,VT - Rotary,vt-rotary-v1,vt-rotary.png,49109,"equal size (49109 bytes) — new uses preferred "" - "" format",vt-rotary
DEACTIVATE,9458,VT-Rotary,vt-rotary,vt-rotary.jpg,49109,"equal size (49109 bytes) — new uses preferred "" - "" format",
KEEP,15409,VT - Rotary Truck,vt-rotary-truck-v1,vt-rotary-truck.png,50944,"equal size (50944 bytes) — new uses preferred "" - "" format",vt-rotary-truck
DEACTIVATE,9459,VT-Rotary-Truck,vt-rotary-truck,vt-rotary-truck.jpg,50944,"equal size (50944 bytes) — new uses preferred "" - "" format",
KEEP,15399,VT - Sheriff Department,vt-sheriff-department-v1,vt-sheriff-department.png,42789,"equal size (42789 bytes) — new uses preferred "" - "" format",vt-sheriff-department
DEACTIVATE,9494,VT-Sheriff Department,vt-sheriff-department,vt-sheriff-department.jpg,42789,"equal size (42789 bytes) — new uses preferred "" - "" format",
KEEP,15455,VT - Snowmobile Dealer,vt-snowmobile-dealer-v1,vt-snowmobile-dealer.png,37795,"equal size (37795 bytes) — new uses preferred "" - "" format",vt-snowmobile-dealer
DEACTIVATE,9444,VT-Snowmobile Dealer,vt-snowmobile-dealer,vt-snowmobile-dealer.jpg,37795,"equal size (37795 bytes) — new uses preferred "" - "" format",
KEEP,15456,VT - Special Purpose Truck,vt-special-purpose-truck-v1,vt-special-purpose-truck.png,48096,"equal size (48096 bytes) — new uses preferred "" - "" format",vt-special-purpose-truck
DEACTIVATE,9425,VT-Special Purpose Truck,vt-special-purpose-truck,vt-special-purpose-truck.jpg,48096,"equal size (48096 bytes) — new uses preferred "" - "" format",
KEEP,15458,VT - State House Of Representatives,vt-state-house-of-representatives-v1,vt-state-house-of-representatives.png,35488,"equal size (35488 bytes) — new uses preferred "" - "" format",vt-state-house-of-representatives
DEACTIVATE,9502,VT-State House of Representatives,vt-state-house-of-representatives,vt-state-house-of-representatives.jpg,35488,"equal size (35488 bytes) — new uses preferred "" - "" format",
KEEP,15460,VT - State Senate,vt-state-senate-v1,vt-state-senate.png,33853,"equal size (33853 bytes) — new uses preferred "" - "" format",vt-state-senate
DEACTIVATE,9503,VT-State Senate,vt-state-senate,vt-state-senate.jpg,33853,"equal size (33853 bytes) — new uses preferred "" - "" format",
KEEP,15493,VT - Street Rod,vt-street-rod-v1,vt-street-rod.png,43995,"equal size (43995 bytes) — new uses preferred "" - "" format",vt-street-rod
DEACTIVATE,9429,VT-Street Rod,vt-street-rod,vt-street-rod.jpg,43995,"equal size (43995 bytes) — new uses preferred "" - "" format",
KEEP,15461,VT - Trailer Dealer,vt-trailer-dealer-v1,vt-trailer-dealer.png,45647,"equal size (45647 bytes) — new uses preferred "" - "" format",vt-trailer-dealer
DEACTIVATE,9445,VT-Trailer Dealer,vt-trailer-dealer,vt-trailer-dealer.jpg,45647,"equal size (45647 bytes) — new uses preferred "" - "" format",
KEEP,15462,VT - Trailer Heavy,vt-trailer-heavy-v1,vt-trailer-heavy.png,48430,"equal size (48430 bytes) — new uses preferred "" - "" format",vt-trailer-heavy
DEACTIVATE,9423,VT-Trailer-Heavy,vt-trailer-heavy,vt-trailer-heavy.jpg,48430,"equal size (48430 bytes) — new uses preferred "" - "" format",
KEEP,15463,VT - Trailer Light,vt-trailer-light-v1,vt-trailer-light.png,35542,"equal size (35542 bytes) — new uses preferred "" - "" format",vt-trailer-light
DEACTIVATE,9424,VT-Trailer-Light,vt-trailer-light,vt-trailer-light.jpg,35542,"equal size (35542 bytes) — new uses preferred "" - "" format",
KEEP,15464,VT - Transporter,vt-transporter-v1,vt-transporter.png,46561,"equal size (46561 bytes) — new uses preferred "" - "" format",vt-transporter
DEACTIVATE,9446,VT-Transporter,vt-transporter,vt-transporter.jpg,46561,"equal size (46561 bytes) — new uses preferred "" - "" format",
KEEP,15465,VT - Truck,vt-truck-v1,vt-truck.png,48324,"equal size (48324 bytes) — new uses preferred "" - "" format",vt-truck
DEACTIVATE,9411,VT-Truck,vt-truck,vt-truck.jpg,48324,"equal size (48324 bytes) — new uses preferred "" - "" format",
KEEP,15466,VT - US House,vt-us-house-v1,vt-us-house.png,32868,"equal size (32868 bytes) — new uses preferred "" - "" format",vt-us-house
DEACTIVATE,9506,VT-US House,vt-us-house,vt-u-s-house.jpg,32868,"equal size (32868 bytes) — new uses preferred "" - "" format",
KEEP,15467,VT - US Senate,vt-us-senate-v1,vt-us-senate.png,33876,"equal size (33876 bytes) — new uses preferred "" - "" format",vt-us-senate
DEACTIVATE,9507,VT-US Senate,vt-us-senate,vt-u-s-senate.jpg,33876,"equal size (33876 bytes) — new uses preferred "" - "" format",
KEEP,15428,VT - US Veteran,vt-us-veteran-v1,vt-us-veteran.png,49617,"equal size (49617 bytes) — new uses preferred "" - "" format",vt-us-veteran
DEACTIVATE,9474,VT-US Veteran,vt-us-veteran,vt-u-s-veteran.jpg,49617,"equal size (49617 bytes) — new uses preferred "" - "" format",
KEEP,15419,VT - US Veteran Afghanistan Campaign,vt-us-veteran-afghanistan-campaign-v1,vt-us-veteran-afghanistan-campaign.png,42718,"equal size (42718 bytes) — new uses preferred "" - "" format",vt-us-veteran-afghanistan-campaign
DEACTIVATE,9477,VT-US Veteran-Afghanistan Campaign,vt-us-veteran-afghanistan-campaign,vt-u-s-veteran-afghanistan-campaign.jpg,42718,"equal size (42718 bytes) — new uses preferred "" - "" format",
KEEP,15420,VT - US Veteran Gulf War,vt-us-veteran-gulf-war-v1,vt-us-veteran-gulf-war.png,43459,"equal size (43459 bytes) — new uses preferred "" - "" format",vt-us-veteran-gulf-war
DEACTIVATE,9478,VT-US Veteran-Gulf War,vt-us-veteran-gulf-war,vt-u-s-veteran-gulf-war.jpg,43459,"equal size (43459 bytes) — new uses preferred "" - "" format",
KEEP,15421,VT - US Veteran Handicap,vt-us-veteran-handicap-v1,vt-us-veteran-handicap.png,44931,"equal size (44931 bytes) — new uses preferred "" - "" format",vt-us-veteran-handicap
DEACTIVATE,9476,VT-US Veteran-Handicap,vt-us-veteran-handicap,vt-u-s-veteran-handicap.jpg,44931,"equal size (44931 bytes) — new uses preferred "" - "" format",
KEEP,15423,VT - US Veteran Korean War,vt-us-veteran-korean-war-v1,vt-us-veteran-korean-war.png,43564,"equal size (43564 bytes) — new uses preferred "" - "" format",vt-us-veteran-korean-war
DEACTIVATE,9480,VT-US Veteran-Korean War,vt-us-veteran-korean-war,vt-u-s-veteran-korean-war.jpg,43564,"equal size (43564 bytes) — new uses preferred "" - "" format",
KEEP,15424,VT - US Veteran Motorcycle,vt-us-veteran-motorcycle-v1,vt-us-veteran-motorcycle.png,31389,"equal size (31389 bytes) — new uses preferred "" - "" format",vt-us-veteran-motorcycle
DEACTIVATE,9488,VT-US Veteran-Motorcycle,vt-us-veteran-motorcycle,vt-u-s-veteran-motorcycle.jpg,31389,"equal size (31389 bytes) — new uses preferred "" - "" format",
KEEP,15425,VT - US Veteran Truck,vt-us-veteran-truck-v1,vt-us-veteran-truck.png,47950,"equal size (47950 bytes) — new uses preferred "" - "" format",vt-us-veteran-truck
DEACTIVATE,9475,VT-US Veteran-Truck,vt-us-veteran-truck,vt-u-s-veteran-truck.jpg,47950,"equal size (47950 bytes) — new uses preferred "" - "" format",
KEEP,15426,VT - US Veteran Vietnam War,vt-us-veteran-vietnam-war-v1,vt-us-veteran-vietnam-war.png,42335,"equal size (42335 bytes) — new uses preferred "" - "" format",vt-us-veteran-vietnam-war
DEACTIVATE,9481,VT-US Veteran-Vietnam War,vt-us-veteran-vietnam-war,vt-u-s-veteran-vietnam-war.jpg,42335,"equal size (42335 bytes) — new uses preferred "" - "" format",
KEEP,15427,VT - US Veteran World War Ii,vt-us-veteran-world-war-ii-v1,vt-us-veteran-world-war-ii.png,40284,"equal size (40284 bytes) — new uses preferred "" - "" format",vt-us-veteran-world-war-ii
DEACTIVATE,9482,VT-US Veteran-World War II,vt-us-veteran-world-war-ii,vt-u-s-veteran-world-war-ii.jpg,40284,"equal size (40284 bytes) — new uses preferred "" - "" format",
KEEP,15402,VT - Vermont Firefighters Association,vt-vermont-firefighters-association-v1,vt-vermont-firefighters-association.png,39739,"equal size (39739 bytes) — new uses preferred "" - "" format",vt-vermont-firefighters-association
DEACTIVATE,9460,VT-Vermont Firefighters Association,vt-vermont-firefighters-association,vt-vermont-firefighters-association.jpg,39739,"equal size (39739 bytes) — new uses preferred "" - "" format",
KEEP,15401,VT - Vermont Firefighters Association Truck,vt-vermont-firefighters-association-truck-v1,vt-vermont-firefighters-association-truck.png,40891,"equal size (40891 bytes) — new uses preferred "" - "" format",vt-vermont-firefighters-association-truck
DEACTIVATE,9461,VT-Vermont Firefighters Association-Truck,vt-vermont-firefighters-association-truck,vt-vermont-firefighters-association-truck.jpg,40891,"equal size (40891 bytes) — new uses preferred "" - "" format",
KEEP,15403,VT - Vermont Game Warden,vt-vermont-game-warden-v1,vt-vermont-game-warden.png,41183,"equal size (41183 bytes) — new uses preferred "" - "" format",vt-vermont-game-warden
DEACTIVATE,9498,VT-Vermont Game Warden,vt-vermont-game-warden,vt-vermont-game-warden.jpg,41183,"equal size (41183 bytes) — new uses preferred "" - "" format",
KEEP,15468,VT - Vermont House Speaker,vt-vermont-house-speaker-v1,vt-vermont-house-speaker.png,36149,"equal size (36149 bytes) — new uses preferred "" - "" format",vt-vermont-house-speaker
DEACTIVATE,9501,VT-Vermont House Speaker,vt-vermont-house-speaker,vt-vermont-house-speaker.jpg,36149,"equal size (36149 bytes) — new uses preferred "" - "" format",
KEEP,15430,VT - Vermont National Guard,vt-vermont-national-guard-v1,vt-vermont-national-guard.png,45374,"equal size (45374 bytes) — new uses preferred "" - "" format",vt-vermont-national-guard
DEACTIVATE,9466,VT-Vermont National Guard,vt-vermont-national-guard,vt-vermont-national-guard.jpg,45374,"equal size (45374 bytes) — new uses preferred "" - "" format",
KEEP,15429,VT - Vermont National Guard Truck,vt-vermont-national-guard-truck-v1,vt-vermont-national-guard-truck.png,46954,"equal size (46954 bytes) — new uses preferred "" - "" format",vt-vermont-national-guard-truck
DEACTIVATE,9467,VT-Vermont National Guard-Truck,vt-vermont-national-guard-truck,vt-vermont-national-guard-truck.jpg,46954,"equal size (46954 bytes) — new uses preferred "" - "" format",
KEEP,15432,VT - Veterans Of Foreign Wars,vt-veterans-of-foreign-wars-v1,vt-veterans-of-foreign-wars.png,45948,"equal size (45948 bytes) — new uses preferred "" - "" format",vt-veterans-of-foreign-wars
DEACTIVATE,9462,VT-Veterans of Foreign Wars,vt-veterans-of-foreign-wars,vt-veterans-of-foreign-wars.jpg,45948,"equal size (45948 bytes) — new uses preferred "" - "" format",
KEEP,15431,VT - Veterans Of Foreign Wars Truck,vt-veterans-of-foreign-wars-truck-v1,vt-veterans-of-foreign-wars-truck.png,45153,"equal size (45153 bytes) — new uses preferred "" - "" format",vt-veterans-of-foreign-wars-truck
DEACTIVATE,9463,VT-Veterans of Foreign Wars-Truck,vt-veterans-of-foreign-wars-truck,vt-veterans-of-foreign-wars-truck.jpg,45153,"equal size (45153 bytes) — new uses preferred "" - "" format",
KEEP,15434,VT - Vietnam Veterans Of America,vt-vietnam-veterans-of-america-v1,vt-vietnam-veterans-of-america.png,48268,"equal size (48268 bytes) — new uses preferred "" - "" format",vt-vietnam-veterans-of-america
DEACTIVATE,9464,VT-Vietnam Veterans of America,vt-vietnam-veterans-of-america,vt-vietnam-veterans-of-america.jpg,48268,"equal size (48268 bytes) — new uses preferred "" - "" format",
KEEP,15433,VT - Vietnam Veterans Of America Truck,vt-vietnam-veterans-of-america-truck-v1,vt-vietnam-veterans-of-america-truck.png,51884,"equal size (51884 bytes) — new uses preferred "" - "" format",vt-vietnam-veterans-of-america-truck
DEACTIVATE,9465,VT-Vietnam Veterans of America-Truck,vt-vietnam-veterans-of-america-truck,vt-vietnam-veterans-of-america-truck.jpg,51884,"equal size (51884 bytes) — new uses preferred "" - "" format",
KEEP,15469,VT - Volunteer,vt-volunteer-v1,vt-volunteer.png,47793,"equal size (47793 bytes) — new uses preferred "" - "" format",vt-volunteer
DEACTIVATE,9492,VT-Volunteer,vt-volunteer,vt-volunteer.jpg,47793,"equal size (47793 bytes) — new uses preferred "" - "" format",
KEEP,15494,WA - Army,wa-army-v1,wa-army.png,117565,new image larger (117565 vs 12651 bytes),wa-army
DEACTIVATE,50,WA-Army,wa-army,plate_50_1772326775.jpg,12651,new image larger (117565 vs 12651 bytes),
KEEP,15554,WA - Central Washington University,wa-central-washington-university-v1,wa-central-washington-university.png,90330,new image larger (90330 vs 12609 bytes),wa-central-washington-university
DEACTIVATE,37,WA-Central Washington University ,wa-central-washington-university,plate_37_1772170692.jpg,12609,new image larger (90330 vs 12609 bytes),
KEEP,15495,WA - Coast Guard,wa-coast-guard-v1,wa-coast-guard.png,81724,new image larger (81724 vs 13582 bytes),wa-coast-guard
DEACTIVATE,51,WA-Coast Guard,wa-coast-guard,plate_51_1772326588.jpg,13582,new image larger (81724 vs 13582 bytes),
KEEP,15555,WA - Eastern Washington University,wa-eastern-washington-university-v1,wa-eastern-washington-university.png,78279,new image larger (78279 vs 14203 bytes),wa-eastern-washington-university
DEACTIVATE,39,WA-Eastern Washington University,wa-eastern-washington-university,plate_39_1772170768.jpg,14203,new image larger (78279 vs 14203 bytes),
KEEP,15496,WA - Former Prisoner Of War,wa-former-prisoner-of-war-v1,wa-former-prisoner-of-war.png,126253,new image larger (126253 vs 13761 bytes),wa-former-prisoner-of-war
DEACTIVATE,52,WA-Former Prisoner of War,wa-former-prisoner-of-war,plate_52_1772326486.jpg,13761,new image larger (126253 vs 13761 bytes),
REVIEW,41,WA-Gonzaga University,wa-gonzaga-university,plate_41_1772327809.jpg,13152,2 variants found — manual review needed,
REVIEW,15556,WA - Gonzaga University v1,wa-gonzaga-university-v1,wa-gonzaga-university-v1.png,1313361,2 variants found — manual review needed,
REVIEW,15557,WA - Gonzaga University,wa-gonzaga-university-v2,wa-gonzaga-university.png,76434,2 variants found — manual review needed,
KEEP,15569,WA - Jp Patches Pal,wa-jp-patches-pal-v1,wa-jp-patches-pal.png,139835,new image larger (139835 vs 15313 bytes),wa-jp-patches-pal
DEACTIVATE,57,WA-JP Patches Pal,wa-jp-patches-pal,plate_57_1772325712.jpg,15313,new image larger (139835 vs 15313 bytes),
KEEP,15570,WA - Keep Kids Safe,wa-keep-kids-safe-v1,wa-keep-kids-safe.png,146607,new image larger (146607 vs 13061 bytes),wa-keep-kids-safe
DEACTIVATE,59,WA-Keep Kids Safe,wa-keep-kids-safe,plate_59_1772325411.jpg,13061,new image larger (146607 vs 13061 bytes),
KEEP,15571,WA - Law Enforcement Memorial,wa-law-enforcement-memorial-v1,wa-law-enforcement-memorial.png,73913,new image larger (73913 vs 10342 bytes),wa-law-enforcement-memorial
DEACTIVATE,60,WA-Law Enforcement Memorial,wa-law-enforcement-memorial,plate_60_1772325333.jpg,10342,new image larger (73913 vs 10342 bytes),
KEEP,15498,WA - Marine Corps,wa-marine-corps-v1,wa-marine-corps.png,119316,new image larger (119316 vs 12820 bytes),wa-marine-corps
DEACTIVATE,43,WA-Marine Corps,wa-marine-corps,plate_43_1772328535.jpg,12820,new image larger (119316 vs 12820 bytes),
KEEP,15499,WA - Medal Of Honor,wa-medal-of-honor-v1,wa-medal-of-honor.png,97173,new image larger (97173 vs 11896 bytes),wa-medal-of-honor
DEACTIVATE,44,WA-Medal of Honor,wa-medal-of-honor,plate_44_1772328416.jpg,11896,new image larger (97173 vs 11896 bytes),
KEEP,15500,WA - National Guard,wa-national-guard-v1,wa-national-guard.png,116923,new image larger (116923 vs 12754 bytes),wa-national-guard
DEACTIVATE,45,WA-National Guard,wa-national-guard,plate_45_1772328344.jpg,12754,new image larger (116923 vs 12754 bytes),
KEEP,15501,WA - Navy,wa-navy-v1,wa-navy.png,120149,new image larger (120149 vs 12662 bytes),wa-navy
DEACTIVATE,46,WA-Navy,wa-navy,plate_46_1771891298.jpg,12662,new image larger (120149 vs 12662 bytes),
KEEP,15573,WA - Professional Firefighter,wa-professional-firefighter-v1,wa-professional-firefighter.png,193837,new image larger (193837 vs 16726 bytes),wa-professional-firefighter
DEACTIVATE,54,WA-Professional Firefighter,wa-professional-firefighter,plate_54_1772326134.jpg,16726,new image larger (193837 vs 16726 bytes),
KEEP,15502,WA - Purple Heart,wa-purple-heart-v1,wa-purple-heart.png,112756,new image larger (112756 vs 12684 bytes),wa-purple-heart
DEACTIVATE,58,WA-Purple Heart,wa-purple-heart,plate_58_1772325600.jpg,12684,new image larger (112756 vs 12684 bytes),
KEEP,15546,WA - San Juan Islands,wa-san-juan-islands-v1,wa-san-juan-islands.png,218002,new image larger (218002 vs 18198 bytes),wa-san-juan-islands
DEACTIVATE,77,WA-San Juan Islands,wa-san-juan-islands,plate_77_1772216784.jpg,18198,new image larger (218002 vs 18198 bytes),
KEEP,9890,WA-Seattle Seahawks,wa-seattle-seahawks,wa-seattle-seahawks.png,131674,old image larger (131674 vs 47895 bytes),
DEACTIVATE,15580,WA - Seattle Seahawks v2,wa-seattle-seahawks-v2,wa-seattle-seahawks-v2.png,47895,old image larger (131674 vs 47895 bytes),
KEEP,15558,WA - Seattle University,wa-seattle-university-v1,wa-seattle-university.png,57109,new image larger (57109 vs 12075 bytes),wa-seattle-university
DEACTIVATE,38,WA-Seattle University,wa-seattle-university,plate_38_1772170733.jpg,12075,new image larger (57109 vs 12075 bytes),
KEEP,15560,WA - University Of Washington,wa-university-of-washington-v1,wa-university-of-washington.png,74151,new image larger (74151 vs 11701 bytes),wa-university-of-washington
DEACTIVATE,42,WA-University of Washington,wa-university-of-washington,plate_42_1772328576.jpg,11701,new image larger (74151 vs 11701 bytes),
KEEP,15576,WA - Volunteer Firefighter,wa-volunteer-firefighter-v1,wa-volunteer-firefighter.png,178850,new image larger (178850 vs 14043 bytes),wa-volunteer-firefighter
DEACTIVATE,56,WA-Volunteer Firefighter,wa-volunteer-firefighter,plate_56_1772325867.jpg,14043,new image larger (178850 vs 14043 bytes),
KEEP,15547,WA - Washington National Parks,wa-washington-national-parks-v1,wa-washington-national-parks.jpg,41157,new image larger (41157 vs 20908 bytes),wa-washington-national-parks
DEACTIVATE,68,WA-Washington National Parks,wa-washington-national-parks,plate_68_1772241838.jpg,20908,new image larger (41157 vs 20908 bytes),
KEEP,15548,WA - Washington State Parks,wa-washington-state-parks-v1,wa-washington-state-parks.jpg,44724,new image larger (44724 vs 15892 bytes),wa-washington-state-parks
DEACTIVATE,70,WA-Washington State Parks,wa-washington-state-parks,plate_70_1772238472.jpg,15892,new image larger (44724 vs 15892 bytes),
KEEP,15561,WA - Washington State University,wa-washington-state-university-v1,wa-washington-state-university.png,67222,new image larger (67222 vs 12644 bytes),wa-washington-state-university
DEACTIVATE,36,WA-Washington State University,wa-washington-state-university,plate_36_1772327576.jpg,12644,new image larger (67222 vs 12644 bytes),
KEEP,15550,WA - Washingtons Wildlife Bear,wa-washingtons-wildlife-bear-v1,wa-washingtons-wildlife-bear.jpg,35257,"equal size (35257 bytes) — new uses preferred "" - "" format",wa-washingtons-wildlife-bear
DEACTIVATE,9876,WA-Washington's Wildlife-Bear,wa-washingtons-wildlife-bear,wa-washington-s-wildlife-bear.jpg,35257,"equal size (35257 bytes) — new uses preferred "" - "" format",
KEEP,15551,WA - Washingtons Wildlife Deer,wa-washingtons-wildlife-deer-v1,wa-washingtons-wildlife-deer.jpg,35942,new image larger (35942 vs 15964 bytes),wa-washingtons-wildlife-deer
DEACTIVATE,72,WA-Washington's Wildlife-Deer,wa-washingtons-wildlife-deer,plate_72_1772227698.jpg,15964,new image larger (35942 vs 15964 bytes),
KEEP,15552,WA - Washingtons Wildlife Elk,wa-washingtons-wildlife-elk-v1,wa-washingtons-wildlife-elk.jpg,37486,"equal size (37486 bytes) — new uses preferred "" - "" format",wa-washingtons-wildlife-elk
DEACTIVATE,9878,WA-Washington's Wildlife-Elk,wa-washingtons-wildlife-elk,wa-washington-s-wildlife-elk.jpg,37486,"equal size (37486 bytes) — new uses preferred "" - "" format",
KEEP,15553,WA - Washingtons Wildlife Steelhead,wa-washingtons-wildlife-steelhead-v1,wa-washingtons-wildlife-steelhead.png,221487,new image larger (221487 vs 16553 bytes),wa-washingtons-wildlife-steelhead
DEACTIVATE,65,WA-Washington's Wildlife-Steelhead,wa-washingtons-wildlife-steelhead,plate_65_1772241994.jpg,16553,new image larger (221487 vs 16553 bytes),
KEEP,15562,WA - Western Washington University,wa-western-washington-university-v1,wa-western-washington-university.png,72826,new image larger (72826 vs 12350 bytes),wa-western-washington-university
DEACTIVATE,35,WA-Western Washington University,wa-western-washington-university,plate_35_1772327685.jpg,12350,new image larger (72826 vs 12350 bytes),
KEEP,15577,WA - Worlds Finest Apples,wa-worlds-finest-apples-v1,wa-worlds-finest-apples.jpg,110698,"equal size (110698 bytes) — new uses preferred "" - "" format",wa-worlds-finest-apples
DEACTIVATE,9898,WA-World's Finest Apples,wa-worlds-finest-apples,wa-washington-apple-commission.jpg,110698,"equal size (110698 bytes) — new uses preferred "" - "" format",
KEEP,15584,WA - Wrestling,wa-wrestling-v1,wa-wrestling.png,67452,new image larger (67452 vs 13259 bytes),wa-wrestling
DEACTIVATE,78,WA-Wrestling,wa-wrestling,plate_78_1772216690.jpg,13259,new image larger (67452 vs 13259 bytes),
KEEP,15771,WI - Amateur Radio,wi-amateur-radio-v1,wi-amateur-radio.png,26286,"equal size (26286 bytes) — new uses preferred "" - "" format",wi-amateur-radio
DEACTIVATE,10018,WI-Amateur radio,wi-amateur-radio,wi-amateur-radio.gif,26286,"equal size (26286 bytes) — new uses preferred "" - "" format",
KEEP,15752,WI - Antique,wi-antique-v1,wi-antique.png,18786,"equal size (18786 bytes) — new uses preferred "" - "" format",wi-antique
DEACTIVATE,10019,WI-Antique,wi-antique,wi-antique.gif,18786,"equal size (18786 bytes) — new uses preferred "" - "" format",
KEEP,15751,WI - Antique Motorcycle,wi-antique-motorcycle-v1,wi-antique-motorcycle.png,25969,"equal size (25969 bytes) — new uses preferred "" - "" format",wi-antique-motorcycle
DEACTIVATE,10132,WI-Antique-Motorcycle,wi-antique-motorcycle,wi-antique-mot-orcycle.gif,25969,"equal size (25969 bytes) — new uses preferred "" - "" format",
KEEP,15686,WI - Apportioned Full Trailer,wi-apportioned-full-trailer-v1,wi-apportioned-full-trailer.png,24157,"equal size (24157 bytes) — new uses preferred "" - "" format",wi-apportioned-full-trailer
DEACTIVATE,10120,WI-Apportioned-Full Trailer,wi-apportioned-full-trailer,wi-apportioned-full-trailer.gif,24157,"equal size (24157 bytes) — new uses preferred "" - "" format",
KEEP,15687,WI - Apportioned Power Unit Black,wi-apportioned-power-unit-black-v1,wi-apportioned-power-unit-black.png,27557,"equal size (27557 bytes) — new uses preferred "" - "" format",wi-apportioned-power-unit-black
DEACTIVATE,10122,WI-Apportioned-Power Unit-Black,wi-apportioned-power-unit-black,wi-apportioned-power-unit-black.jpg,27557,"equal size (27557 bytes) — new uses preferred "" - "" format",
KEEP,15688,WI - Apportioned Power Unit Red,wi-apportioned-power-unit-red-v1,wi-apportioned-power-unit-red.png,23490,"equal size (23490 bytes) — new uses preferred "" - "" format",wi-apportioned-power-unit-red
DEACTIVATE,10121,WI-Apportioned-Power Unit-Red,wi-apportioned-power-unit-red,wi-apportioned-power-unit-red.gif,23490,"equal size (23490 bytes) — new uses preferred "" - "" format",
KEEP,15689,WI - Apportioned Semi Trailer,wi-apportioned-semi-trailer-v1,wi-apportioned-semi-trailer.png,19929,"equal size (19929 bytes) — new uses preferred "" - "" format",wi-apportioned-semi-trailer
DEACTIVATE,10123,WI-Apportioned-Semi-Trailer,wi-apportioned-semi-trailer,wi-apportioned-semi-trailer.gif,19929,"equal size (19929 bytes) — new uses preferred "" - "" format",
REVIEW,10073,WI-Bad River Band of Lake Superior Chippewa Indians,wi-bad-river-band-of-lake-superior-chippewa-indians,wi-bad-river-band-of-lake-superior-chippewa-indians.gif,57190,3 variants found — manual review needed,
REVIEW,15595,WI - Bad River Band Of Lake Superior Chippewa Indians v1,wi-bad-river-band-of-lake-superior-chippewa-indians-v1,wi-bad-river-band-of-lake-superior-chippewa-indians-v1.png,57190,3 variants found — manual review needed,
REVIEW,15596,WI - Bad River Band Of Lake Superior Chippewa Indians v2,wi-bad-river-band-of-lake-superior-chippewa-indians-v2,wi-bad-river-band-of-lake-superior-chippewa-indians-v2.png,34569,3 variants found — manual review needed,
REVIEW,15597,WI - Bad River Band Of Lake Superior Chippewa Indians v3,wi-bad-river-band-of-lake-superior-chippewa-indians-v3,wi-bad-river-band-of-lake-superior-chippewa-indians-v3.png,32493,3 variants found — manual review needed,
KEEP,15690,WI - Bus,wi-bus-v1,wi-bus.png,23101,"equal size (23101 bytes) — new uses preferred "" - "" format",wi-bus
DEACTIVATE,10105,WI-Bus,wi-bus,wi-bu-s.gif,23101,"equal size (23101 bytes) — new uses preferred "" - "" format",
KEEP,15613,WI - Civil Air Patrol,wi-civil-air-patrol-v1,wi-civil-air-patrol.png,29443,"equal size (29443 bytes) — new uses preferred "" - "" format",wi-civil-air-patrol
DEACTIVATE,10024,WI-Civil Air Patrol,wi-civil-air-patrol,wi-civil-air-patrol.gif,29443,"equal size (29443 bytes) — new uses preferred "" - "" format",
KEEP,15757,WI - Collector,wi-collector-v1,wi-collector.png,15618,"equal size (15618 bytes) — new uses preferred "" - "" format",wi-collector
DEACTIVATE,10025,WI-Collector,wi-collector,wi-collector.gif,15618,"equal size (15618 bytes) — new uses preferred "" - "" format",
KEEP,15755,WI - Collector Motorcycle,wi-collector-motorcycle-v1,wi-collector-motorcycle.png,648724,new image larger (648724 vs 646652 bytes),wi-collector-motorcycle
DEACTIVATE,10133,WI-Collector-Motorcycle,wi-collector-motorcycle,wi-collector-motorcycle.jpg,646652,new image larger (648724 vs 646652 bytes),
KEEP,15756,WI - Collector Special,wi-collector-special-v1,wi-collector-special.png,20143,"equal size (20143 bytes) — new uses preferred "" - "" format",wi-collector-special
DEACTIVATE,10026,WI-Collector-Special,wi-collector-special,wi-collector-special.gif,20143,"equal size (20143 bytes) — new uses preferred "" - "" format",
KEEP,15691,WI - Dealer Motorcycle,wi-dealer-motorcycle-v1,wi-dealer-motorcycle.png,38120,"equal size (38120 bytes) — new uses preferred "" - "" format",wi-dealer-motorcycle
DEACTIVATE,10134,WI-Dealer-Motorcycle,wi-dealer-motorcycle,wi-dealer-motorcycle.jpg,38120,"equal size (38120 bytes) — new uses preferred "" - "" format",
KEEP,15692,WI - Demonstrator Tractor,wi-demonstrator-tractor-v1,wi-demonstrator-tractor.png,22429,"equal size (22429 bytes) — new uses preferred "" - "" format",wi-demonstrator-tractor
DEACTIVATE,10111,WI-Demonstrator-Tractor,wi-demonstrator-tractor,wi-demonstrator-tractor.jpg,22429,"equal size (22429 bytes) — new uses preferred "" - "" format",
KEEP,15694,WI - Demonstrator Truck,wi-demonstrator-truck-v1,wi-demonstrator-truck.png,25271,"equal size (25271 bytes) — new uses preferred "" - "" format",wi-demonstrator-truck
DEACTIVATE,10112,WI-Demonstrator-Truck,wi-demonstrator-truck,wi-demonstrator-truck.jpg,25271,"equal size (25271 bytes) — new uses preferred "" - "" format",
KEEP,15773,WI - Disabled Motorcycle,wi-disabled-motorcycle-v1,wi-disabled-motorcycle.png,20378,"equal size (20378 bytes) — new uses preferred "" - "" format",wi-disabled-motorcycle
DEACTIVATE,10135,WI-Disabled-Motorcycle,wi-disabled-motorcycle,wi-disabled-motorcycle.gif,20378,"equal size (20378 bytes) — new uses preferred "" - "" format",
KEEP,15628,WI - Disabled Veteran,wi-disabled-veteran-v1,wi-disabled-veteran.png,38509,"equal size (38509 bytes) — new uses preferred "" - "" format",wi-disabled-veteran
DEACTIVATE,10029,WI-Disabled Veteran,wi-disabled-veteran,wi-disabled-veteran.gif,38509,"equal size (38509 bytes) — new uses preferred "" - "" format",
KEEP,15695,WI - Distributor Motorcycle,wi-distributor-motorcycle-v1,wi-distributor-motorcycle.png,25836,"equal size (25836 bytes) — new uses preferred "" - "" format",wi-distributor-motorcycle
DEACTIVATE,10136,WI-Distributor-Motorcycle,wi-distributor-motorcycle,wi-distributor-motorcycle.jpg,25836,"equal size (25836 bytes) — new uses preferred "" - "" format",
KEEP,15758,WI - Donate Life Wisconsin,wi-donate-life-wisconsin-v1,wi-donate-life-wisconsin.png,34583,"equal size (34583 bytes) — new uses preferred "" - "" format",wi-donate-life-wisconsin
DEACTIVATE,10030,WI-Donate Life Wisconsin,wi-donate-life-wisconsin,wi-donate-life-wisconsin.jpg,34583,"equal size (34583 bytes) — new uses preferred "" - "" format",
KEEP,15696,WI - Drivers Education,wi-drivers-education-v1,wi-drivers-education.png,22377,"equal size (22377 bytes) — new uses preferred "" - "" format",wi-drivers-education
DEACTIVATE,10137,WI-Drivers Education,wi-drivers-education,wi-drivers-education.gif,22377,"equal size (22377 bytes) — new uses preferred "" - "" format",
KEEP,15730,WI - Ducks Unlimited,wi-ducks-unlimited-v1,wi-ducks-unlimited.png,30022,"equal size (30022 bytes) — new uses preferred "" - "" format",wi-ducks-unlimited
DEACTIVATE,10031,WI-Ducks Unlimited,wi-ducks-unlimited,wi-ducks-unlimited.gif,30022,"equal size (30022 bytes) — new uses preferred "" - "" format",
KEEP,15731,WI - Endangered Resources Badger,wi-endangered-resources-badger-v1,wi-endangered-resources-badger.png,18301,"equal size (18301 bytes) — new uses preferred "" - "" format",wi-endangered-resources-badger
DEACTIVATE,10035,WI-Endangered Resources-Badger,wi-endangered-resources-badger,wi-endangered-resources-badger.jpg,18301,"equal size (18301 bytes) — new uses preferred "" - "" format",
KEEP,15732,WI - Endangered Resources Wolf,wi-endangered-resources-wolf-v1,wi-endangered-resources-wolf.png,25677,"equal size (25677 bytes) — new uses preferred "" - "" format",wi-endangered-resources-wolf
DEACTIVATE,10036,WI-Endangered Resources-Wolf,wi-endangered-resources-wolf,wi-endangered-resources-wolf.jpg,25677,"equal size (25677 bytes) — new uses preferred "" - "" format",
KEEP,15632,WI - Ex Prisoner Of War,wi-ex-prisoner-of-war-v1,wi-ex-prisoner-of-war.png,27228,"equal size (27228 bytes) — new uses preferred "" - "" format",wi-ex-prisoner-of-war
DEACTIVATE,10037,WI-EX Prisoner of War,wi-ex-prisoner-of-war,wi-ex-prisoner-of-war.gif,27228,"equal size (27228 bytes) — new uses preferred "" - "" format",
KEEP,15697,WI - Farm Trailer,wi-farm-trailer-v1,wi-farm-trailer.png,32278,"equal size (32278 bytes) — new uses preferred "" - "" format",wi-farm-trailer
DEACTIVATE,10124,WI-Farm Trailer,wi-farm-trailer,wi-farm-trailer.gif,32278,"equal size (32278 bytes) — new uses preferred "" - "" format",
KEEP,15698,WI - Farm Truck,wi-farm-truck-v1,wi-farm-truck.png,29692,"equal size (29692 bytes) — new uses preferred "" - "" format",wi-farm-truck
DEACTIVATE,10106,WI-Farm truck,wi-farm-truck,wi-farm-truck.gif,29692,"equal size (29692 bytes) — new uses preferred "" - "" format",
KEEP,15614,WI - Firefighter Red,wi-firefighter-red-v1,wi-firefighter-red.png,37133,"equal size (37133 bytes) — new uses preferred "" - "" format",wi-firefighter-red
DEACTIVATE,10038,WI-Firefighter-Red,wi-firefighter-red,wi-firefighter-red.gif,37133,"equal size (37133 bytes) — new uses preferred "" - "" format",
KEEP,15615,WI - Firefighter White,wi-firefighter-white-v1,wi-firefighter-white.png,29624,"equal size (29624 bytes) — new uses preferred "" - "" format",wi-firefighter-white
DEACTIVATE,10039,WI-Firefighter-White,wi-firefighter-white,wi-firefighter-white.gif,29624,"equal size (29624 bytes) — new uses preferred "" - "" format",
KEEP,15619,WI - Freemason,wi-freemason-v1,wi-freemason.png,26777,"equal size (26777 bytes) — new uses preferred "" - "" format",wi-freemason
DEACTIVATE,10040,WI-Freemason,wi-freemason,wi-freemason.gif,26777,"equal size (26777 bytes) — new uses preferred "" - "" format",
KEEP,15633,WI - Gold Star Family,wi-gold-star-family-v1,wi-gold-star-family.png,32600,"equal size (32600 bytes) — new uses preferred "" - "" format",wi-gold-star-family
DEACTIVATE,10041,WI-Gold Star Family,wi-gold-star-family,wi-gold-star-family.gif,32600,"equal size (32600 bytes) — new uses preferred "" - "" format",
REVIEW,10042,WI-Golf Wisconsin,wi-golf-wisconsin,wi-golf-wisconsin.gif,32901,3 variants found — manual review needed,
REVIEW,15767,WI - Golf Wisconsin v1,wi-golf-wisconsin-v1,wi-golf-wisconsin-v1.png,32901,3 variants found — manual review needed,
REVIEW,15768,WI - Golf Wisconsin v2,wi-golf-wisconsin-v2,wi-golf-wisconsin-v2.png,9440,3 variants found — manual review needed,
REVIEW,15769,WI - Golf Wisconsin v3,wi-golf-wisconsin-v3,wi-golf-wisconsin-v3.png,29126,3 variants found — manual review needed,
KEEP,15770,WI - Green Bay Packers,wi-green-bay-packers-v1,wi-green-bay-packers.png,27888,"equal size (27888 bytes) — new uses preferred "" - "" format",wi-green-bay-packers
DEACTIVATE,10043,WI-Green Bay Packers,wi-green-bay-packers,wi-green-bay-packers.gif,27888,"equal size (27888 bytes) — new uses preferred "" - "" format",
KEEP,15700,WI - Heavy Farm Truck,wi-heavy-farm-truck-v1,wi-heavy-farm-truck.png,31267,"equal size (31267 bytes) — new uses preferred "" - "" format",wi-heavy-farm-truck
DEACTIVATE,10125,WI-Heavy Farm Truck,wi-heavy-farm-truck,wi-heavy-farm-truck.gif,31267,"equal size (31267 bytes) — new uses preferred "" - "" format",
KEEP,15701,WI - Heavy Trailer,wi-heavy-trailer-v1,wi-heavy-trailer.png,32207,"equal size (32207 bytes) — new uses preferred "" - "" format",wi-heavy-trailer
DEACTIVATE,10126,WI-Heavy Trailer,wi-heavy-trailer,wi-heavy-trailer.gif,32207,"equal size (32207 bytes) — new uses preferred "" - "" format",
KEEP,15702,WI - Heavy Truck,wi-heavy-truck-v1,wi-heavy-truck.png,33602,"equal size (33602 bytes) — new uses preferred "" - "" format",wi-heavy-truck
DEACTIVATE,10127,WI-Heavy Truck,wi-heavy-truck,wi-heavy-truck.gif,33602,"equal size (33602 bytes) — new uses preferred "" - "" format",
KEEP,15703,WI - Historic Military Vehicle,wi-historic-military-vehicle-v1,wi-historic-military-vehicle.png,33006,"equal size (33006 bytes) — new uses preferred "" - "" format",wi-historic-military-vehicle
DEACTIVATE,10045,WI-Historic Military Vehicle,wi-historic-military-vehicle,wi-historic-military-vehicle.gif,33006,"equal size (33006 bytes) — new uses preferred "" - "" format",
KEEP,15705,WI - Hobbyist,wi-hobbyist-v1,wi-hobbyist.png,13907,"equal size (13907 bytes) — new uses preferred "" - "" format",wi-hobbyist
DEACTIVATE,10046,WI-Hobbyist,wi-hobbyist,wi-hobbyist.gif,13907,"equal size (13907 bytes) — new uses preferred "" - "" format",
KEEP,15704,WI - Hobbyist Motorcycle,wi-hobbyist-motorcycle-v1,wi-hobbyist-motorcycle.png,27075,"equal size (27075 bytes) — new uses preferred "" - "" format",wi-hobbyist-motorcycle
DEACTIVATE,10138,WI-Hobbyist-Motorcycle,wi-hobbyist-motorcycle,wi-hobbyist-motorcycle.gif,27075,"equal size (27075 bytes) — new uses preferred "" - "" format",
KEEP,15706,WI - Human Service Vehicle,wi-human-service-vehicle-v1,wi-human-service-vehicle.png,28370,"equal size (28370 bytes) — new uses preferred "" - "" format",wi-human-service-vehicle
DEACTIVATE,10094,WI-Human Service Vehicle,wi-human-service-vehicle,wi-human-service-vehicle.gif,28370,"equal size (28370 bytes) — new uses preferred "" - "" format",
KEEP,15760,WI - IN God We Trust,wi-in-god-we-trust-v1,wi-in-god-we-trust.png,80073,"equal size (80073 bytes) — new uses preferred "" - "" format",wi-in-god-we-trust
DEACTIVATE,10047,WI-In God We Trust,wi-in-god-we-trust,wi-in-god-we-trust.jpg,80073,"equal size (80073 bytes) — new uses preferred "" - "" format",
KEEP,15636,WI - Lao Veterans Of America,wi-lao-veterans-of-america-v1,wi-lao-veterans-of-america.png,28390,"equal size (28390 bytes) — new uses preferred "" - "" format",wi-lao-veterans-of-america
DEACTIVATE,10049,WI-Lao Veterans of America,wi-lao-veterans-of-america,wi-lao-veterans-of-america.gif,28390,"equal size (28390 bytes) — new uses preferred "" - "" format",
KEEP,15707,WI - Light Truck,wi-light-truck-v1,wi-light-truck.png,29183,"equal size (29183 bytes) — new uses preferred "" - "" format",wi-light-truck
DEACTIVATE,10107,WI-Light truck,wi-light-truck,wi-light-truck.gif,29183,"equal size (29183 bytes) — new uses preferred "" - "" format",
KEEP,15620,WI - Lions Foundation,wi-lions-foundation-v1,wi-lions-foundation.png,29019,"equal size (29019 bytes) — new uses preferred "" - "" format",wi-lions-foundation
DEACTIVATE,10051,WI-Lions Foundation,wi-lions-foundation,wi-lions-foundation.gif,29019,"equal size (29019 bytes) — new uses preferred "" - "" format",
KEEP,15708,WI - Low Speed Vehicle,wi-low-speed-vehicle-v1,wi-low-speed-vehicle.png,23573,"equal size (23573 bytes) — new uses preferred "" - "" format",wi-low-speed-vehicle
DEACTIVATE,10095,WI-Low-Speed Vehicle,wi-low-speed-vehicle,wi-low-speed-vehicle-lsv.gif,23573,"equal size (23573 bytes) — new uses preferred "" - "" format",
KEEP,15709,WI - Manufacturer Motorcycle,wi-manufacturer-motorcycle-v1,wi-manufacturer-motorcycle.png,27035,"equal size (27035 bytes) — new uses preferred "" - "" format",wi-manufacturer-motorcycle
DEACTIVATE,10139,WI-Manufacturer-Motorcycle,wi-manufacturer-motorcycle,wi-manufacturer-motorcycle.jpg,27035,"equal size (27035 bytes) — new uses preferred "" - "" format",
KEEP,15736,WI - Marquette University,wi-marquette-university-v1,wi-marquette-university.png,29149,"equal size (29149 bytes) — new uses preferred "" - "" format",wi-marquette-university
DEACTIVATE,10052,WI-Marquette University,wi-marquette-university,wi-marquette-university.gif,29149,"equal size (29149 bytes) — new uses preferred "" - "" format",
KEEP,15638,WI - Medal Of Honor,wi-medal-of-honor-v1,wi-medal-of-honor.png,32341,"equal size (32341 bytes) — new uses preferred "" - "" format",wi-medal-of-honor
DEACTIVATE,10053,WI-Medal of Honor,wi-medal-of-honor,wi-medal-of-honor.jpg,32341,"equal size (32341 bytes) — new uses preferred "" - "" format",
REVIEW,10080,WI-Menominee Indian Tribe of Wisconsin,wi-menominee-indian-tribe-of-wisconsin,wi-menominee-indian-tribe-of-wisconsin.gif,33678,2 variants found — manual review needed,
REVIEW,15602,WI - Menominee Indian Tribe Of Wisconsin v1,wi-menominee-indian-tribe-of-wisconsin-v1,wi-menominee-indian-tribe-of-wisconsin-v1.png,33678,2 variants found — manual review needed,
REVIEW,15603,WI - Menominee Indian Tribe Of Wisconsin v2,wi-menominee-indian-tribe-of-wisconsin-v2,wi-menominee-indian-tribe-of-wisconsin-v2.png,14940,2 variants found — manual review needed,
KEEP,15639,WI - Military White,wi-military-white-v1,wi-military-white.png,36733,"equal size (36733 bytes) — new uses preferred "" - "" format",wi-military-white
DEACTIVATE,10055,WI-Military-White,wi-military-white,wi-military-white.gif,36733,"equal size (36733 bytes) — new uses preferred "" - "" format",
KEEP,15774,WI - Moped,wi-moped-v1,wi-moped.png,20705,"equal size (20705 bytes) — new uses preferred "" - "" format",wi-moped
DEACTIVATE,10140,WI-Moped,wi-moped,wi-moped.gif,20705,"equal size (20705 bytes) — new uses preferred "" - "" format",
KEEP,15715,WI - Municipal,wi-municipal-v1,wi-municipal.png,20215,"equal size (20215 bytes) — new uses preferred "" - "" format",wi-municipal
DEACTIVATE,10099,WI-Municipal,wi-municipal,wi-munici-pal.gif,20215,"equal size (20215 bytes) — new uses preferred "" - "" format",
KEEP,15714,WI - Municipal Motorcycle,wi-municipal-motorcycle-v1,wi-municipal-motorcycle.png,16756,"equal size (16756 bytes) — new uses preferred "" - "" format",wi-municipal-motorcycle
DEACTIVATE,10142,WI-Municipal-Motorcycle,wi-municipal-motorcycle,wi-municipal-motorcycle.gif,16756,"equal size (16756 bytes) — new uses preferred "" - "" format",
KEEP,15716,WI - Official,wi-official-v1,wi-official.png,14853,"equal size (14853 bytes) — new uses preferred "" - "" format",wi-official
DEACTIVATE,10100,WI-Official,wi-official,wi-offi-cial.gif,14853,"equal size (14853 bytes) — new uses preferred "" - "" format",
KEEP,10083,WI-Oneida Indian Tribe of Wisconsin,wi-oneida-indian-tribe-of-wisconsin,wi-oneida-indian-tribe-of-wisconsin.jpg,18217,old image larger (18217 vs 17453 bytes),
DEACTIVATE,15610,WI - Oneida Indian Tribe Of Wisconsin,wi-oneida-indian-tribe-of-wisconsin-v1,wi-oneida-indian-tribe-of-wisconsin.png,17453,old image larger (18217 vs 17453 bytes),
KEEP,15604,WI - Oneida Indian Tribe Of Wisconsin Bear,wi-oneida-indian-tribe-of-wisconsin-bear-v1,wi-oneida-indian-tribe-of-wisconsin-bear.png,88998,"equal size (88998 bytes) — new uses preferred "" - "" format",wi-oneida-indian-tribe-of-wisconsin-bear
DEACTIVATE,10087,WI-Oneida Indian Tribe of Wisconsin-Bear,wi-oneida-indian-tribe-of-wisconsin-bear,wi-oneida-indian-tribe-of-wisconsin-bear.jpg,88998,"equal size (88998 bytes) — new uses preferred "" - "" format",
KEEP,15605,WI - Oneida Indian Tribe Of Wisconsin Clan,wi-oneida-indian-tribe-of-wisconsin-clan-v1,wi-oneida-indian-tribe-of-wisconsin-clan.png,24378,"equal size (24378 bytes) — new uses preferred "" - "" format",wi-oneida-indian-tribe-of-wisconsin-clan
DEACTIVATE,10085,WI-Oneida Indian Tribe of Wisconsin-Clan,wi-oneida-indian-tribe-of-wisconsin-clan,wi-oneida-indian-tribe-of-wisconsin-clan.gif,24378,"equal size (24378 bytes) — new uses preferred "" - "" format",
KEEP,15606,WI - Oneida Indian Tribe Of Wisconsin Eagle,wi-oneida-indian-tribe-of-wisconsin-eagle-v1,wi-oneida-indian-tribe-of-wisconsin-eagle.png,30749,"equal size (30749 bytes) — new uses preferred "" - "" format",wi-oneida-indian-tribe-of-wisconsin-eagle
DEACTIVATE,10086,WI-Oneida Indian Tribe of Wisconsin-Eagle,wi-oneida-indian-tribe-of-wisconsin-eagle,wi-oneida-indian-tribe-of-wisconsin-eagle.gif,30749,"equal size (30749 bytes) — new uses preferred "" - "" format",
KEEP,15607,WI - Oneida Indian Tribe Of Wisconsin Turtle,wi-oneida-indian-tribe-of-wisconsin-turtle-v1,wi-oneida-indian-tribe-of-wisconsin-turtle.png,87528,"equal size (87528 bytes) — new uses preferred "" - "" format",wi-oneida-indian-tribe-of-wisconsin-turtle
DEACTIVATE,10088,WI-Oneida Indian Tribe of Wisconsin-Turtle,wi-oneida-indian-tribe-of-wisconsin-turtle,wi-oneida-indian-tribe-of-wisconsin-turtle.jpg,87528,"equal size (87528 bytes) — new uses preferred "" - "" format",
KEEP,15608,WI - Oneida Indian Tribe Of Wisconsin Vietnam Vet,wi-oneida-indian-tribe-of-wisconsin-vietnam-vet-v1,wi-oneida-indian-tribe-of-wisconsin-vietnam-vet.png,33076,"equal size (33076 bytes) — new uses preferred "" - "" format",wi-oneida-indian-tribe-of-wisconsin-vietnam-vet
DEACTIVATE,10084,WI-Oneida Indian Tribe of Wisconsin-Vietnam Vet,wi-oneida-indian-tribe-of-wisconsin-vietnam-vet,wi-oneida-indian-tribe-of-wisconsin-vietnam-vet.jpg,33076,"equal size (33076 bytes) — new uses preferred "" - "" format",
KEEP,15609,WI - Oneida Indian Tribe Of Wisconsin Wolf,wi-oneida-indian-tribe-of-wisconsin-wolf-v1,wi-oneida-indian-tribe-of-wisconsin-wolf.png,86185,new image larger (86185 vs 85420 bytes),wi-oneida-indian-tribe-of-wisconsin-wolf
DEACTIVATE,10089,WI-Oneida Indian Tribe of Wisconsin-Wolf,wi-oneida-indian-tribe-of-wisconsin-wolf,wi-oneida-indian-tribe-of-wisconsin-wolf.jpg,85420,new image larger (86185 vs 85420 bytes),
KEEP,15616,WI - Rescue Squad Member,wi-rescue-squad-member-v1,wi-rescue-squad-member.png,34747,"equal size (34747 bytes) — new uses preferred "" - "" format",wi-rescue-squad-member
DEACTIVATE,10061,WI-Rescue Squad Member,wi-rescue-squad-member,wi-rescue-squad-member.gif,34747,"equal size (34747 bytes) — new uses preferred "" - "" format",
KEEP,15719,WI - Semi Trailer,wi-semi-trailer-v1,wi-semi-trailer.png,20934,"equal size (20934 bytes) — new uses preferred "" - "" format",wi-semi-trailer
DEACTIVATE,10128,WI-Semi-Trailer,wi-semi-trailer,wi-semi-trailer.gif,20934,"equal size (20934 bytes) — new uses preferred "" - "" format",
REVIEW,10065,WI-Special Designed Vehicle,wi-special-designed-vehicle,wi-special-designed-vehicle.gif,20019,2 variants found — manual review needed,
REVIEW,15720,WI - Special Designed Vehicle v1,wi-special-designed-vehicle-v1,wi-special-designed-vehicle-v1.png,2633,2 variants found — manual review needed,
REVIEW,15721,WI - Special Designed Vehicle v2,wi-special-designed-vehicle-v2,wi-special-designed-vehicle-v2.png,20019,2 variants found — manual review needed,
KEEP,10091,WI-St. Croix Chippewa,wi-st-croix-chippewa,wi-st-croix-chippewa.jpg,38208,old image larger (38208 vs 37729 bytes),
DEACTIVATE,15612,WI - St Croix Chippewa,wi-st-croix-chippewa-v1,wi-st-croix-chippewa.png,37729,old image larger (38208 vs 37729 bytes),
KEEP,15723,WI - State Owned,wi-state-owned-v1,wi-state-owned.png,17861,"equal size (17861 bytes) — new uses preferred "" - "" format",wi-state-owned
DEACTIVATE,10101,WI-State Owned,wi-state-owned,wi-state-owned.gif,17861,"equal size (17861 bytes) — new uses preferred "" - "" format",
KEEP,15617,WI - State Patrol Motorcycle,wi-state-patrol-motorcycle-v1,wi-state-patrol-motorcycle.png,21699,"equal size (21699 bytes) — new uses preferred "" - "" format",wi-state-patrol-motorcycle
DEACTIVATE,10143,WI-State Patrol-Motorcycle,wi-state-patrol-motorcycle,wi-state-patrol-motorcycle.gif,21699,"equal size (21699 bytes) — new uses preferred "" - "" format",
KEEP,15724,WI - Tractor,wi-tractor-v1,wi-tractor.png,30989,"equal size (30989 bytes) — new uses preferred "" - "" format",wi-tractor
DEACTIVATE,10129,WI-Tractor,wi-tractor,wi-tractor.gif,30989,"equal size (30989 bytes) — new uses preferred "" - "" format",
KEEP,15726,WI - Transferable Trailer,wi-transferable-trailer-v1,wi-transferable-trailer.png,15786,"equal size (15786 bytes) — new uses preferred "" - "" format",wi-transferable-trailer
DEACTIVATE,10130,WI-Transferable Trailer,wi-transferable-trailer,wi-transferable-trailer.gif,15786,"equal size (15786 bytes) — new uses preferred "" - "" format",
KEEP,15735,WI - Trout Unlimited,wi-trout-unlimited-v1,wi-trout-unlimited.png,57836,"equal size (57836 bytes) — new uses preferred "" - "" format",wi-trout-unlimited
DEACTIVATE,10066,WI-Trout Unlimited,wi-trout-unlimited,wi-trout-unlimited.jpg,57836,"equal size (57836 bytes) — new uses preferred "" - "" format",
KEEP,10144,WI-US Veteran-Motorcycle-v1,wi-us-veteran-motorcycle-v1,wi-u-s-veteran-motorcycle.gif,28299,old image larger (28299 vs 2634 bytes),
DEACTIVATE,15680,WI - US Veteran Motorcycle v1,wi-us-veteran-motorcycle-v1-v1,wi-us-veteran-motorcycle-v1.png,2634,old image larger (28299 vs 2634 bytes),
KEEP,15681,WI - US Veteran Motorcycle v2,wi-us-veteran-motorcycle-v2-v1,wi-us-veteran-motorcycle-v2.png,28299,"equal size (28299 bytes) — new uses preferred "" - "" format",wi-us-veteran-motorcycle-v2
DEACTIVATE,10145,WI-US Veteran-Motorcycle-v2,wi-us-veteran-motorcycle-v2,wi-u-s-veteran-motorcycle.gif,28299,"equal size (28299 bytes) — new uses preferred "" - "" format",
KEEP,15683,WI - Wisconsin National Guard,wi-wisconsin-national-guard-v1,wi-wisconsin-national-guard.png,30711,"equal size (30711 bytes) — new uses preferred "" - "" format",wi-wisconsin-national-guard
DEACTIVATE,10070,WI-Wisconsin National Guard,wi-wisconsin-national-guard,wi-wisconsin-national-guard.gif,30711,"equal size (30711 bytes) — new uses preferred "" - "" format",
KEEP,15684,WI - Wisconsin Salutes Veterans,wi-wisconsin-salutes-veterans-v1,wi-wisconsin-salutes-veterans.png,30591,"equal size (30591 bytes) — new uses preferred "" - "" format",wi-wisconsin-salutes-veterans
DEACTIVATE,10071,WI-Wisconsin Salutes Veterans,wi-wisconsin-salutes-veterans,wi-wisconsin-salutes-veterans.gif,30591,"equal size (30591 bytes) — new uses preferred "" - "" format",
KEEP,15618,WI - Wisconsin State Patrol,wi-wisconsin-state-patrol-v1,wi-wisconsin-state-patrol.png,37886,"equal size (37886 bytes) — new uses preferred "" - "" format",wi-wisconsin-state-patrol
DEACTIVATE,10102,WI-Wisconsin State Patrol,wi-wisconsin-state-patrol,wi-wiscon-sin-state-patrol.gif,37886,"equal size (37886 bytes) — new uses preferred "" - "" format",
KEEP,15766,WI - Wisconsin Womens Health Foundation,wi-wisconsin-womens-health-foundation-v1,wi-wisconsin-womens-health-foundation.png,29279,"equal size (29279 bytes) — new uses preferred "" - "" format",wi-wisconsin-womens-health-foundation
DEACTIVATE,10072,WI-Wisconsin Women's Health Foundation,wi-wisconsin-womens-health-foundation,wi-wisconsin-women-s-health-foundation.gif,29279,"equal size (29279 bytes) — new uses preferred "" - "" format",
KEEP,15727,WI - Za Trailer,wi-za-trailer-v1,wi-za-trailer.png,24834,"equal size (24834 bytes) — new uses preferred "" - "" format",wi-za-trailer
DEACTIVATE,10131,WI-ZA Trailer,wi-za-trailer,wi-za-trailer.gif,24834,"equal size (24834 bytes) — new uses preferred "" - "" format",
KEEP,15885,WV - 150Th Anniversary License Plate,wv-150th-anniversary-license-plate-v1,wv-150th-anniversary-license-plate.png,165589,"equal size (165589 bytes) — new uses preferred "" - "" format",wv-150th-anniversary-license-plate
DEACTIVATE,9985,WV-150th Anniversary License Plate,wv-150th-anniversary-license-plate,wv-150th-anniversary-license-plate.jpg,165589,"equal size (165589 bytes) — new uses preferred "" - "" format",
KEEP,15797,WV - 82Nd Airborne Division Association,wv-82nd-airborne-division-association-v1,wv-82nd-airborne-division-association.png,82001,"equal size (82001 bytes) — new uses preferred "" - "" format",wv-82nd-airborne-division-association
DEACTIVATE,9935,WV-82nd Airborne Division Association,wv-82nd-airborne-division-association,wv-82nd-airborne-division-association.jpg,82001,"equal size (82001 bytes) — new uses preferred "" - "" format",
KEEP,15854,WV - 9 11 Commemorative,wv-9-11-commemorative-v1,wv-9-11-commemorative.png,105380,"equal size (105380 bytes) — new uses preferred "" - "" format",wv-9-11-commemorative
DEACTIVATE,9986,WV-9-11 Commemorative,wv-9-11-commemorative,wv-9-11-commemorative.jpg,105380,"equal size (105380 bytes) — new uses preferred "" - "" format",
KEEP,15798,WV - Air Force Cross,wv-air-force-cross-v1,wv-air-force-cross.png,113492,"equal size (113492 bytes) — new uses preferred "" - "" format",wv-air-force-cross
DEACTIVATE,9936,WV-Air Force Cross,wv-air-force-cross,wv-air-force-cross.jpg,113492,"equal size (113492 bytes) — new uses preferred "" - "" format",
KEEP,15799,WV - Air Force Reserves,wv-air-force-reserves-v1,wv-air-force-reserves.png,111216,"equal size (111216 bytes) — new uses preferred "" - "" format",wv-air-force-reserves
DEACTIVATE,9937,WV-Air Force Reserves,wv-air-force-reserves,wv-air-force-reserves.jpg,111216,"equal size (111216 bytes) — new uses preferred "" - "" format",
KEEP,15800,WV - Air Medal,wv-air-medal-v1,wv-air-medal.png,86962,"equal size (86962 bytes) — new uses preferred "" - "" format",wv-air-medal
DEACTIVATE,9939,WV-Air Medal,wv-air-medal,wv-air-medal.jpg,86962,"equal size (86962 bytes) — new uses preferred "" - "" format",
KEEP,15801,WV - Air National Guard,wv-air-national-guard-v1,wv-air-national-guard.png,115807,"equal size (115807 bytes) — new uses preferred "" - "" format",wv-air-national-guard
DEACTIVATE,9940,WV-Air National Guard,wv-air-national-guard,wv-air-national-guard.jpg,115807,"equal size (115807 bytes) — new uses preferred "" - "" format",
KEEP,15843,WV - Alderson Broaddus College,wv-alderson-broaddus-college-v1,wv-alderson-broaddus-college.png,84530,"equal size (84530 bytes) — new uses preferred "" - "" format",wv-alderson-broaddus-college
DEACTIVATE,9975,WV-Alderson-Broaddus College,wv-alderson-broaddus-college,wv-alderson-broaddus-college.jpg,84530,"equal size (84530 bytes) — new uses preferred "" - "" format",
KEEP,15886,WV - Amateur Radio,wv-amateur-radio-v1,wv-amateur-radio.png,108104,"equal size (108104 bytes) — new uses preferred "" - "" format",wv-amateur-radio
DEACTIVATE,9911,WV-Amateur Radio,wv-amateur-radio,wv-amateur-radio.jpg,108104,"equal size (108104 bytes) — new uses preferred "" - "" format",
KEEP,15788,WV - American Legion,wv-american-legion-v1,wv-american-legion.png,88448,"equal size (88448 bytes) — new uses preferred "" - "" format",wv-american-legion
DEACTIVATE,9941,WV-American Legion,wv-american-legion,wv-american-legion.jpg,88448,"equal size (88448 bytes) — new uses preferred "" - "" format",
KEEP,15887,WV - Antique Vehicle,wv-antique-vehicle-v1,wv-antique-vehicle.png,84561,"equal size (84561 bytes) — new uses preferred "" - "" format",wv-antique-vehicle
DEACTIVATE,9987,WV-Antique Vehicle,wv-antique-vehicle,wv-antique-vehicle.jpg,84561,"equal size (84561 bytes) — new uses preferred "" - "" format",
KEEP,15802,WV - Army National Guard,wv-army-national-guard-v1,wv-army-national-guard.png,125372,"equal size (125372 bytes) — new uses preferred "" - "" format",wv-army-national-guard
DEACTIVATE,9942,WV-Army National Guard,wv-army-national-guard,wv-army-national-guard.jpg,125372,"equal size (125372 bytes) — new uses preferred "" - "" format",
KEEP,15803,WV - Army Reserves,wv-army-reserves-v1,wv-army-reserves.png,120390,"equal size (120390 bytes) — new uses preferred "" - "" format",wv-army-reserves
DEACTIVATE,9943,WV-Army Reserves,wv-army-reserves,wv-army-reserves.jpg,120390,"equal size (120390 bytes) — new uses preferred "" - "" format",
KEEP,15804,WV - Army Retired,wv-army-retired-v1,wv-army-retired.png,91736,"equal size (91736 bytes) — new uses preferred "" - "" format",wv-army-retired
DEACTIVATE,9944,WV-Army Retired,wv-army-retired,wv-army-retired.jpg,91736,"equal size (91736 bytes) — new uses preferred "" - "" format",
REVIEW,9988,WV-Back the Blue,wv-back-the-blue,wv-back-the-blue.jpg,67865,2 variants found — manual review needed,
REVIEW,15856,WV - Back The Blue,wv-back-the-blue-v1,wv-back-the-blue.png,67865,2 variants found — manual review needed,
REVIEW,15855,WV - Back The Blue v2,wv-back-the-blue-v2,wv-back-the-blue-v2.png,71399,2 variants found — manual review needed,
KEEP,15789,WV - Benevolent Protective Order Of Elks,wv-benevolent-protective-order-of-elks-v1,wv-benevolent-protective-order-of-elks.png,95394,"equal size (95394 bytes) — new uses preferred "" - "" format",wv-benevolent-protective-order-of-elks
DEACTIVATE,9913,WV-Benevolent Protective Order of Elks,wv-benevolent-protective-order-of-elks,wv-benevolent-protective-order-of-elks.jpg,95394,"equal size (95394 bytes) — new uses preferred "" - "" format",
KEEP,15790,WV - Beni Kedem Temple,wv-beni-kedem-temple-v1,wv-beni-kedem-temple.png,89145,"equal size (89145 bytes) — new uses preferred "" - "" format",wv-beni-kedem-temple
DEACTIVATE,9914,WV-Beni Kedem Temple,wv-beni-kedem-temple,wv-beni-kedem-temple.jpg,89145,"equal size (89145 bytes) — new uses preferred "" - "" format",
KEEP,15874,WV - Bowlers,wv-bowlers-v1,wv-bowlers.png,86955,"equal size (86955 bytes) — new uses preferred "" - "" format",wv-bowlers
DEACTIVATE,9915,WV-Bowlers,wv-bowlers,wv-bowlers.jpg,86955,"equal size (86955 bytes) — new uses preferred "" - "" format",
KEEP,15857,WV - Breast Cancer Awareness,wv-breast-cancer-awareness-v1,wv-breast-cancer-awareness.png,114796,"equal size (114796 bytes) — new uses preferred "" - "" format",wv-breast-cancer-awareness
DEACTIVATE,9989,WV-Breast Cancer Awareness,wv-breast-cancer-awareness,wv-breast-cancer-awareness.jpg,114796,"equal size (114796 bytes) — new uses preferred "" - "" format",
KEEP,15805,WV - Bronze Star,wv-bronze-star-v1,wv-bronze-star.png,99865,"equal size (99865 bytes) — new uses preferred "" - "" format",wv-bronze-star
DEACTIVATE,9945,WV-Bronze Star,wv-bronze-star,wv-bronze-star.jpg,99865,"equal size (99865 bytes) — new uses preferred "" - "" format",
KEEP,15780,WV - Certified Firefighter,wv-certified-firefighter-v1,wv-certified-firefighter.png,112220,"equal size (112220 bytes) — new uses preferred "" - "" format",wv-certified-firefighter
DEACTIVATE,9916,WV-Certified Firefighter,wv-certified-firefighter,wv-certified-firefighter.jpg,112220,"equal size (112220 bytes) — new uses preferred "" - "" format",
KEEP,15858,WV - Character Education,wv-character-education-v1,wv-character-education.png,166161,"equal size (166161 bytes) — new uses preferred "" - "" format",wv-character-education
DEACTIVATE,9990,WV-Character Education,wv-character-education,wv-character-education.jpg,166161,"equal size (166161 bytes) — new uses preferred "" - "" format",
KEEP,15888,WV - Classic Car,wv-classic-car-v1,wv-classic-car.png,107903,"equal size (107903 bytes) — new uses preferred "" - "" format",wv-classic-car
DEACTIVATE,9991,WV-Classic Car,wv-classic-car,wv-classic-car.jpg,107903,"equal size (107903 bytes) — new uses preferred "" - "" format",
KEEP,15806,WV - Coast Guard Reserves,wv-coast-guard-reserves-v1,wv-coast-guard-reserves.png,129489,"equal size (129489 bytes) — new uses preferred "" - "" format",wv-coast-guard-reserves
DEACTIVATE,9946,WV-Coast Guard Reserves,wv-coast-guard-reserves,wv-coast-guard-reserves.jpg,129489,"equal size (129489 bytes) — new uses preferred "" - "" format",
KEEP,15807,WV - Coast Guard Retired,wv-coast-guard-retired-v1,wv-coast-guard-retired.png,114765,"equal size (114765 bytes) — new uses preferred "" - "" format",wv-coast-guard-retired
DEACTIVATE,9947,WV-Coast Guard Retired,wv-coast-guard-retired,wv-coast-guard-retired.jpg,114765,"equal size (114765 bytes) — new uses preferred "" - "" format",
KEEP,15808,WV - Combat Infantry Badge,wv-combat-infantry-badge-v1,wv-combat-infantry-badge.png,78964,"equal size (78964 bytes) — new uses preferred "" - "" format",wv-combat-infantry-badge
DEACTIVATE,9948,WV-Combat Infantry Badge,wv-combat-infantry-badge,wv-combat-infantry-badge.jpg,78964,"equal size (78964 bytes) — new uses preferred "" - "" format",
KEEP,15809,WV - Combat Medic,wv-combat-medic-v1,wv-combat-medic.png,101357,"equal size (101357 bytes) — new uses preferred "" - "" format",wv-combat-medic
DEACTIVATE,9949,WV-Combat Medic,wv-combat-medic,wv-combat-medic.jpg,101357,"equal size (101357 bytes) — new uses preferred "" - "" format",
KEEP,15844,WV - Concord College,wv-concord-college-v1,wv-concord-college.png,82123,"equal size (82123 bytes) — new uses preferred "" - "" format",wv-concord-college
DEACTIVATE,9976,WV-Concord College,wv-concord-college,wv-concord-college.jpg,82123,"equal size (82123 bytes) — new uses preferred "" - "" format",
KEEP,15859,WV - Contractors Association Of WV,wv-contractors-association-of-wv-v1,wv-contractors-association-of-wv.png,115915,"equal size (115915 bytes) — new uses preferred "" - "" format",wv-contractors-association-of-wv
DEACTIVATE,9917,WV-Contractors Association of WV,wv-contractors-association-of-wv,wv-contractors-association-of-wv.jpg,115915,"equal size (115915 bytes) — new uses preferred "" - "" format",
KEEP,15860,WV - Cure Childhood Cancer,wv-cure-childhood-cancer-v1,wv-cure-childhood-cancer.png,127222,"equal size (127222 bytes) — new uses preferred "" - "" format",wv-cure-childhood-cancer
DEACTIVATE,9992,WV-Cure Childhood Cancer,wv-cure-childhood-cancer,wv-cure-childhood-cancer.jpg,127222,"equal size (127222 bytes) — new uses preferred "" - "" format",
KEEP,15845,WV - Davis And Elkins,wv-davis-and-elkins-v1,wv-davis-and-elkins.png,126599,"equal size (126599 bytes) — new uses preferred "" - "" format",wv-davis-and-elkins
DEACTIVATE,9977,WV-Davis and Elkins,wv-davis-and-elkins,wv-davis-and-elkins.jpg,126599,"equal size (126599 bytes) — new uses preferred "" - "" format",
KEEP,15781,WV - Deputy Sheriffs Association,wv-deputy-sheriffs-association-v1,wv-deputy-sheriffs-association.png,83811,"equal size (83811 bytes) — new uses preferred "" - "" format",wv-deputy-sheriffs-association
DEACTIVATE,9918,WV-Deputy Sheriffs Association,wv-deputy-sheriffs-association,wv-deputy-sheriffs-association.jpg,83811,"equal size (83811 bytes) — new uses preferred "" - "" format",
KEEP,15810,WV - Disabled American Veterans,wv-disabled-american-veterans-v1,wv-disabled-american-veterans.png,100304,"equal size (100304 bytes) — new uses preferred "" - "" format",wv-disabled-american-veterans
DEACTIVATE,9950,WV-Disabled American Veterans,wv-disabled-american-veterans,wv-disabled-american-veterans.jpg,100304,"equal size (100304 bytes) — new uses preferred "" - "" format",
KEEP,15812,WV - Disabled Veterans,wv-disabled-veterans-v1,wv-disabled-veterans.png,120560,"equal size (120560 bytes) — new uses preferred "" - "" format",wv-disabled-veterans
DEACTIVATE,9951,WV-Disabled Veterans,wv-disabled-veterans,wv-disabled-veterans.jpg,120560,"equal size (120560 bytes) — new uses preferred "" - "" format",
KEEP,15811,WV - Disabled Veterans Mobility Impaired,wv-disabled-veterans-mobility-impaired-v1,wv-disabled-veterans-mobility-impaired.png,87802,"equal size (87802 bytes) — new uses preferred "" - "" format",wv-disabled-veterans-mobility-impaired
DEACTIVATE,9952,WV-Disabled Veterans-Mobility Impaired,wv-disabled-veterans-mobility-impaired,wv-disabled-veterans-mobility-impaired.jpg,87802,"equal size (87802 bytes) — new uses preferred "" - "" format",
KEEP,15813,WV - Distinguished Flying Cross,wv-distinguished-flying-cross-v1,wv-distinguished-flying-cross.png,96810,"equal size (96810 bytes) — new uses preferred "" - "" format",wv-distinguished-flying-cross
DEACTIVATE,9953,WV-Distinguished Flying Cross,wv-distinguished-flying-cross,wv-distinguished-flying-cross.jpg,96810,"equal size (96810 bytes) — new uses preferred "" - "" format",
KEEP,15814,WV - Distinguished Service Cross,wv-distinguished-service-cross-v1,wv-distinguished-service-cross.png,91433,"equal size (91433 bytes) — new uses preferred "" - "" format",wv-distinguished-service-cross
DEACTIVATE,9954,WV-Distinguished Service Cross,wv-distinguished-service-cross,wv-distinguished-service-cross.jpg,91433,"equal size (91433 bytes) — new uses preferred "" - "" format",
KEEP,15861,WV - Educator,wv-educator-v1,wv-educator.png,77095,"equal size (77095 bytes) — new uses preferred "" - "" format",wv-educator
DEACTIVATE,9993,WV-Educator,wv-educator,wv-educator.jpg,77095,"equal size (77095 bytes) — new uses preferred "" - "" format",
KEEP,15782,WV - Emergency Medical Services,wv-emergency-medical-services-v1,wv-emergency-medical-services.png,45144,"equal size (45144 bytes) — new uses preferred "" - "" format",wv-emergency-medical-services
DEACTIVATE,9919,WV-Emergency Medical Services,wv-emergency-medical-services,wv-emergency-medical-services.jpg,45144,"equal size (45144 bytes) — new uses preferred "" - "" format",
KEEP,15862,WV - Ffa 4H,wv-ffa-4h-v1,wv-ffa-4h.png,44990,"equal size (44990 bytes) — new uses preferred "" - "" format",wv-ffa-4h
DEACTIVATE,9994,WV-FFA-4H,wv-ffa-4h,wv-ffa-4h.jpg,44990,"equal size (44990 bytes) — new uses preferred "" - "" format",
KEEP,15783,WV - Fire Fighter,wv-fire-fighter-v1,wv-fire-fighter.png,45968,"equal size (45968 bytes) — new uses preferred "" - "" format",wv-fire-fighter
DEACTIVATE,9921,WV-Fire Fighter,wv-fire-fighter,wv-fire-fighter.jpg,45968,"equal size (45968 bytes) — new uses preferred "" - "" format",
KEEP,15815,WV - Former Prisoner Of War,wv-former-prisoner-of-war-v1,wv-former-prisoner-of-war.png,50343,"equal size (50343 bytes) — new uses preferred "" - "" format",wv-former-prisoner-of-war
DEACTIVATE,9955,WV-Former Prisoner of War,wv-former-prisoner-of-war,wv-former-prisoner-of-war.jpg,50343,"equal size (50343 bytes) — new uses preferred "" - "" format",
KEEP,15784,WV - Fraternal Order Of Police,wv-fraternal-order-of-police-v1,wv-fraternal-order-of-police.png,44496,"equal size (44496 bytes) — new uses preferred "" - "" format",wv-fraternal-order-of-police
DEACTIVATE,9922,WV-Fraternal Order of Police,wv-fraternal-order-of-police,wv-fraternal-order-of-police.jpg,44496,"equal size (44496 bytes) — new uses preferred "" - "" format",
KEEP,15863,WV - Friends Of Coal,wv-friends-of-coal-v1,wv-friends-of-coal.png,34650,"equal size (34650 bytes) — new uses preferred "" - "" format",wv-friends-of-coal
DEACTIVATE,9995,WV-Friends of Coal,wv-friends-of-coal,wv-friends-of-coal.jpg,34650,"equal size (34650 bytes) — new uses preferred "" - "" format",
KEEP,15864,WV - Gas Oil Association Of WV,wv-gas-oil-association-of-wv-v1,wv-gas-oil-association-of-wv.png,87991,"equal size (87991 bytes) — new uses preferred "" - "" format",wv-gas-oil-association-of-wv
DEACTIVATE,9923,WV-Gas & Oil Association of WV,wv-gas-oil-association-of-wv,wv-gas-oil-association-of-wv.jpg,87991,"equal size (87991 bytes) — new uses preferred "" - "" format",
KEEP,15816,WV - Gold Star Family,wv-gold-star-family-v1,wv-gold-star-family.png,38171,"equal size (38171 bytes) — new uses preferred "" - "" format",wv-gold-star-family
DEACTIVATE,9956,WV-Gold Star Family,wv-gold-star-family,wv-gold-star-family.jpg,38171,"equal size (38171 bytes) — new uses preferred "" - "" format",
KEEP,15865,WV - IN God We Trust,wv-in-god-we-trust-v1,wv-in-god-we-trust.png,88086,"equal size (88086 bytes) — new uses preferred "" - "" format",wv-in-god-we-trust
DEACTIVATE,9996,WV-In God We Trust,wv-in-god-we-trust,wv-in-god-we-trust.jpg,88086,"equal size (88086 bytes) — new uses preferred "" - "" format",
KEEP,15792,WV - Knights Of Columbus,wv-knights-of-columbus-v1,wv-knights-of-columbus.png,38816,"equal size (38816 bytes) — new uses preferred "" - "" format",wv-knights-of-columbus
DEACTIVATE,9924,WV-Knights of Columbus,wv-knights-of-columbus,wv-knights-of-columbus.jpg,38816,"equal size (38816 bytes) — new uses preferred "" - "" format",
KEEP,15817,WV - Korean War Veteran,wv-korean-war-veteran-v1,wv-korean-war-veteran.png,41759,"equal size (41759 bytes) — new uses preferred "" - "" format",wv-korean-war-veteran
DEACTIVATE,9957,WV-Korean War Veteran,wv-korean-war-veteran,wv-korean-war-veteran.jpg,41759,"equal size (41759 bytes) — new uses preferred "" - "" format",
KEEP,15866,WV - League Of Postmasters,wv-league-of-postmasters-v1,wv-league-of-postmasters.png,96749,"equal size (96749 bytes) — new uses preferred "" - "" format",wv-league-of-postmasters
DEACTIVATE,9925,WV-League of Postmasters,wv-league-of-postmasters,wv-league-of-postmasters.jpg,96749,"equal size (96749 bytes) — new uses preferred "" - "" format",
KEEP,15793,WV - Lions International,wv-lions-international-v1,wv-lions-international.png,45059,"equal size (45059 bytes) — new uses preferred "" - "" format",wv-lions-international
DEACTIVATE,9926,WV-Lions International,wv-lions-international,wv-lions-international.jpg,45059,"equal size (45059 bytes) — new uses preferred "" - "" format",
KEEP,15818,WV - Marine Corps League,wv-marine-corps-league-v1,wv-marine-corps-league.png,44313,"equal size (44313 bytes) — new uses preferred "" - "" format",wv-marine-corps-league
DEACTIVATE,9958,WV-Marine Corps League,wv-marine-corps-league,wv-marine-corps-league.jpg,44313,"equal size (44313 bytes) — new uses preferred "" - "" format",
KEEP,15819,WV - Marine Corps Reserves,wv-marine-corps-reserves-v1,wv-marine-corps-reserves.png,127764,"equal size (127764 bytes) — new uses preferred "" - "" format",wv-marine-corps-reserves
DEACTIVATE,9959,WV-Marine Corps Reserves,wv-marine-corps-reserves,wv-marine-corps-reserves.jpg,127764,"equal size (127764 bytes) — new uses preferred "" - "" format",
KEEP,15820,WV - Marines Corps Retired,wv-marines-corps-retired-v1,wv-marines-corps-retired.png,40202,"equal size (40202 bytes) — new uses preferred "" - "" format",wv-marines-corps-retired
DEACTIVATE,9960,WV-Marines Corps Retired,wv-marines-corps-retired,wv-marines-corps-retired.jpg,40202,"equal size (40202 bytes) — new uses preferred "" - "" format",
KEEP,15846,WV - Marshall University,wv-marshall-university-v1,wv-marshall-university.png,80845,"equal size (80845 bytes) — new uses preferred "" - "" format",wv-marshall-university
DEACTIVATE,9978,WV-Marshall University,wv-marshall-university,wv-marshall-university.jpg,80845,"equal size (80845 bytes) — new uses preferred "" - "" format",
KEEP,15821,WV - Medal Of Honor,wv-medal-of-honor-v1,wv-medal-of-honor.png,40563,"equal size (40563 bytes) — new uses preferred "" - "" format",wv-medal-of-honor
DEACTIVATE,9961,WV-Medal of Honor,wv-medal-of-honor,wv-medal-of-honor.jpg,40563,"equal size (40563 bytes) — new uses preferred "" - "" format",
KEEP,15889,WV - Mobility Impaired,wv-mobility-impaired-v1,wv-mobility-impaired.png,47234,"equal size (47234 bytes) — new uses preferred "" - "" format",wv-mobility-impaired
DEACTIVATE,9997,WV-Mobility Impaired,wv-mobility-impaired,wv-mobility-impaired.jpg,47234,"equal size (47234 bytes) — new uses preferred "" - "" format",
KEEP,15877,WV - Nascar Dale Earnhardt,wv-nascar-dale-earnhardt-v1,wv-nascar-dale-earnhardt.png,104151,"equal size (104151 bytes) — new uses preferred "" - "" format",wv-nascar-dale-earnhardt
DEACTIVATE,9999,WV-NASCAR-Dale Earnhardt,wv-nascar-dale-earnhardt,wv-nascar-dale-earnhardt.jpg,104151,"equal size (104151 bytes) — new uses preferred "" - "" format",
KEEP,15883,WV - Nascar Standard,wv-nascar-standard-v1,wv-nascar-standard.png,53512,"equal size (53512 bytes) — new uses preferred "" - "" format",wv-nascar-standard
DEACTIVATE,10006,WV-NASCAR-Standard,wv-nascar-standard,wv-nascar-standard.jpg,53512,"equal size (53512 bytes) — new uses preferred "" - "" format",
KEEP,15822,WV - Navy Cross,wv-navy-cross-v1,wv-navy-cross.png,39390,"equal size (39390 bytes) — new uses preferred "" - "" format",wv-navy-cross
DEACTIVATE,9962,WV-Navy Cross,wv-navy-cross,wv-navy-cross.jpg,39390,"equal size (39390 bytes) — new uses preferred "" - "" format",
KEEP,15823,WV - Navy Reserves,wv-navy-reserves-v1,wv-navy-reserves.png,148247,"equal size (148247 bytes) — new uses preferred "" - "" format",wv-navy-reserves
DEACTIVATE,9963,WV-Navy Reserves,wv-navy-reserves,wv-navy-reserves.jpg,148247,"equal size (148247 bytes) — new uses preferred "" - "" format",
KEEP,15824,WV - Navy Retired,wv-navy-retired-v1,wv-navy-retired.png,45698,"equal size (45698 bytes) — new uses preferred "" - "" format",wv-navy-retired
DEACTIVATE,9964,WV-Navy Retired,wv-navy-retired,wv-navy-retired.jpg,45698,"equal size (45698 bytes) — new uses preferred "" - "" format",
KEEP,15867,WV - Organ Donor,wv-organ-donor-v1,wv-organ-donor.png,45714,"equal size (45714 bytes) — new uses preferred "" - "" format",wv-organ-donor
DEACTIVATE,10008,WV-Organ Donor,wv-organ-donor,wv-organ-donor.jpg,45714,"equal size (45714 bytes) — new uses preferred "" - "" format",
KEEP,15795,WV - Osiris Shriner,wv-osiris-shriner-v1,wv-osiris-shriner.png,46159,"equal size (46159 bytes) — new uses preferred "" - "" format",wv-osiris-shriner
DEACTIVATE,9927,WV-Osiris Shriner,wv-osiris-shriner,wv-osiris-shriner.jpg,46159,"equal size (46159 bytes) — new uses preferred "" - "" format",
KEEP,15825,WV - Pearl Harbor Survivor,wv-pearl-harbor-survivor-v1,wv-pearl-harbor-survivor.png,44205,"equal size (44205 bytes) — new uses preferred "" - "" format",wv-pearl-harbor-survivor
DEACTIVATE,9965,WV-Pearl Harbor Survivor,wv-pearl-harbor-survivor,wv-pearl-harbor-survivor.jpg,44205,"equal size (44205 bytes) — new uses preferred "" - "" format",
KEEP,15847,WV - Penn State Alumni,wv-penn-state-alumni-v1,wv-penn-state-alumni.png,37850,"equal size (37850 bytes) — new uses preferred "" - "" format",wv-penn-state-alumni
DEACTIVATE,9979,WV-Penn State Alumni,wv-penn-state-alumni,wv-penn-state-alumni.jpg,37850,"equal size (37850 bytes) — new uses preferred "" - "" format",
KEEP,15826,WV - Persian Gulf Veteran,wv-persian-gulf-veteran-v1,wv-persian-gulf-veteran.png,37629,"equal size (37629 bytes) — new uses preferred "" - "" format",wv-persian-gulf-veteran
DEACTIVATE,9966,WV-Persian Gulf Veteran,wv-persian-gulf-veteran,wv-persian-gulf-veteran.jpg,37629,"equal size (37629 bytes) — new uses preferred "" - "" format",
KEEP,15785,WV - Professional Firefighter,wv-professional-firefighter-v1,wv-professional-firefighter.png,42483,"equal size (42483 bytes) — new uses preferred "" - "" format",wv-professional-firefighter
DEACTIVATE,9928,WV-Professional Firefighter,wv-professional-firefighter,wv-professional-firefighter.jpg,42483,"equal size (42483 bytes) — new uses preferred "" - "" format",
KEEP,15835,WV - Protect Pollinators,wv-protect-pollinators-v1,wv-protect-pollinators.png,84132,"equal size (84132 bytes) — new uses preferred "" - "" format",wv-protect-pollinators
DEACTIVATE,10009,WV-Protect Pollinators,wv-protect-pollinators,wv-protect-pollinators.jpg,84132,"equal size (84132 bytes) — new uses preferred "" - "" format",
KEEP,15868,WV - Pupil Transportation,wv-pupil-transportation-v1,wv-pupil-transportation.png,42390,"equal size (42390 bytes) — new uses preferred "" - "" format",wv-pupil-transportation
DEACTIVATE,9929,WV-Pupil Transportation,wv-pupil-transportation,wv-pupil-transportation.jpg,42390,"equal size (42390 bytes) — new uses preferred "" - "" format",
KEEP,15827,WV - Purple Heart,wv-purple-heart-v1,wv-purple-heart.png,73407,"equal size (73407 bytes) — new uses preferred "" - "" format",wv-purple-heart
DEACTIVATE,9967,WV-Purple Heart,wv-purple-heart,wv-purple-heart.jpg,73407,"equal size (73407 bytes) — new uses preferred "" - "" format",
KEEP,15796,WV - Rotary International,wv-rotary-international-v1,wv-rotary-international.png,92911,"equal size (92911 bytes) — new uses preferred "" - "" format",wv-rotary-international
DEACTIVATE,9930,WV-Rotary International,wv-rotary-international,wv-rotary-international.jpg,92911,"equal size (92911 bytes) — new uses preferred "" - "" format",
KEEP,15828,WV - Silver Star,wv-silver-star-v1,wv-silver-star.png,40186,"equal size (40186 bytes) — new uses preferred "" - "" format",wv-silver-star
DEACTIVATE,9968,WV-Silver Star,wv-silver-star,wv-silver-star.jpg,40186,"equal size (40186 bytes) — new uses preferred "" - "" format",
KEEP,15871,WV - United We Stand,wv-united-we-stand-v1,wv-united-we-stand.png,185296,new image larger (185296 vs 51454 bytes),wv-united-we-stand
DEACTIVATE,10011,WV-United We Stand,wv-united-we-stand,wv-united-we-stand.jpg,51454,new image larger (185296 vs 51454 bytes),
KEEP,15829,WV - Veteran,wv-veteran-v1,wv-veteran.png,46795,"equal size (46795 bytes) — new uses preferred "" - "" format",wv-veteran
DEACTIVATE,9969,WV-Veteran,wv-veteran,wv-veteran.jpg,46795,"equal size (46795 bytes) — new uses preferred "" - "" format",
KEEP,15830,WV - Vietnam War Veteran,wv-vietnam-war-veteran-v1,wv-vietnam-war-veteran.png,43036,"equal size (43036 bytes) — new uses preferred "" - "" format",wv-vietnam-war-veteran
DEACTIVATE,9970,WV-Vietnam War Veteran,wv-vietnam-war-veteran,wv-vietnam-war-veteran.jpg,43036,"equal size (43036 bytes) — new uses preferred "" - "" format",
KEEP,15848,WV - Virginia Tech,wv-virginia-tech-v1,wv-virginia-tech.png,43010,"equal size (43010 bytes) — new uses preferred "" - "" format",wv-virginia-tech
DEACTIVATE,9980,WV-Virginia Tech,wv-virginia-tech,wv-virginia-tech.jpg,43010,"equal size (43010 bytes) — new uses preferred "" - "" format",
KEEP,15786,WV - Volunteer Firefighter,wv-volunteer-firefighter-v1,wv-volunteer-firefighter.png,47076,"equal size (47076 bytes) — new uses preferred "" - "" format",wv-volunteer-firefighter
DEACTIVATE,9931,WV-Volunteer Firefighter,wv-volunteer-firefighter,wv-volunteer-firefighter.jpg,47076,"equal size (47076 bytes) — new uses preferred "" - "" format",
KEEP,15831,WV - War On Terrorism Afghanistan,wv-war-on-terrorism-afghanistan-v1,wv-war-on-terrorism-afghanistan.png,43168,"equal size (43168 bytes) — new uses preferred "" - "" format",wv-war-on-terrorism-afghanistan
DEACTIVATE,9971,WV-War On Terrorism-Afghanistan,wv-war-on-terrorism-afghanistan,wv-war-on-terrorism-afghanistan.jpg,43168,"equal size (43168 bytes) — new uses preferred "" - "" format",
KEEP,15832,WV - War On Terrorism Iraq,wv-war-on-terrorism-iraq-v1,wv-war-on-terrorism-iraq.png,40781,"equal size (40781 bytes) — new uses preferred "" - "" format",wv-war-on-terrorism-iraq
DEACTIVATE,9972,WV-War on Terrorism-Iraq,wv-war-on-terrorism-iraq,wv-war-on-terrorism-iraq.jpg,40781,"equal size (40781 bytes) — new uses preferred "" - "" format",
KEEP,15849,WV - Wesleyan College,wv-wesleyan-college-v1,wv-wesleyan-college.png,41043,"equal size (41043 bytes) — new uses preferred "" - "" format",wv-wesleyan-college
DEACTIVATE,9981,WV-Wesleyan College,wv-wesleyan-college,wv-wesleyan-college.jpg,41043,"equal size (41043 bytes) — new uses preferred "" - "" format",
KEEP,15850,WV - West Virginia State College,wv-west-virginia-state-college-v1,wv-west-virginia-state-college.png,86786,"equal size (86786 bytes) — new uses preferred "" - "" format",wv-west-virginia-state-college
DEACTIVATE,9982,WV-West Virginia State College,wv-west-virginia-state-college,wv-west-virginia-state-college.jpg,86786,"equal size (86786 bytes) — new uses preferred "" - "" format",
KEEP,15851,WV - West Virginia University,wv-west-virginia-university-v1,wv-west-virginia-university.png,88985,"equal size (88985 bytes) — new uses preferred "" - "" format",wv-west-virginia-university
DEACTIVATE,9983,WV-West Virginia University,wv-west-virginia-university,wv-west-virginia-university.jpg,88985,"equal size (88985 bytes) — new uses preferred "" - "" format",
KEEP,15836,WV - Whitewater Rafting,wv-whitewater-rafting-v1,wv-whitewater-rafting.png,108524,"equal size (108524 bytes) — new uses preferred "" - "" format",wv-whitewater-rafting
DEACTIVATE,10012,WV-Whitewater Rafting,wv-whitewater-rafting,wv-whitewater-rafting.jpg,108524,"equal size (108524 bytes) — new uses preferred "" - "" format",
KEEP,15837,WV - Wildlife Bluebird,wv-wildlife-bluebird-v1,wv-wildlife-bluebird.png,102552,"equal size (102552 bytes) — new uses preferred "" - "" format",wv-wildlife-bluebird
DEACTIVATE,10013,WV-Wildlife-Bluebird,wv-wildlife-bluebird,wv-wildlife-bluebird.jpg,102552,"equal size (102552 bytes) — new uses preferred "" - "" format",
KEEP,15838,WV - Wildlife Box Turtle,wv-wildlife-box-turtle-v1,wv-wildlife-box-turtle.png,106643,new image larger (106643 vs 105794 bytes),wv-wildlife-box-turtle
DEACTIVATE,10014,WV-Wildlife-Box Turtle,wv-wildlife-box-turtle,wv-wildlife-box-turtle.jpg,105794,new image larger (106643 vs 105794 bytes),
KEEP,15839,WV - Wildlife Brook Trout,wv-wildlife-brook-trout-v1,wv-wildlife-brook-trout.png,115026,"equal size (115026 bytes) — new uses preferred "" - "" format",wv-wildlife-brook-trout
DEACTIVATE,10015,WV-Wildlife-Brook Trout,wv-wildlife-brook-trout,wv-wildlife-brook-trout.jpg,115026,"equal size (115026 bytes) — new uses preferred "" - "" format",
KEEP,15841,WV - Wildlife Deer,wv-wildlife-deer-v1,wv-wildlife-deer.png,316071,new image larger (316071 vs 158409 bytes),wv-wildlife-deer
DEACTIVATE,10016,WV-Wildlife-Deer,wv-wildlife-deer,wv-wildlife-deer.jpg,158409,new image larger (316071 vs 158409 bytes),
KEEP,15842,WV - Wildlife Eastern Elk,wv-wildlife-eastern-elk-v1,wv-wildlife-eastern-elk.png,98349,"equal size (98349 bytes) — new uses preferred "" - "" format",wv-wildlife-eastern-elk
DEACTIVATE,10017,WV-Wildlife-Eastern Elk,wv-wildlife-eastern-elk,wv-wildlife-eastern-elk.jpg,98349,"equal size (98349 bytes) — new uses preferred "" - "" format",
KEEP,15833,WV - Women Veterans,wv-women-veterans-v1,wv-women-veterans.png,112210,"equal size (112210 bytes) — new uses preferred "" - "" format",wv-women-veterans
DEACTIVATE,9973,WV-Women Veterans,wv-women-veterans,wv-women-veterans.jpg,112210,"equal size (112210 bytes) — new uses preferred "" - "" format",
KEEP,15834,WV - World War Ii Veteran,wv-world-war-ii-veteran-v1,wv-world-war-ii-veteran.png,45498,"equal size (45498 bytes) — new uses preferred "" - "" format",wv-world-war-ii-veteran
DEACTIVATE,9974,WV-World War II Veteran,wv-world-war-ii-veteran,wv-world-war-ii-veteran.jpg,45498,"equal size (45498 bytes) — new uses preferred "" - "" format",
KEEP,15787,WV - Wounded IN The Line Of Duty,wv-wounded-in-the-line-of-duty-v1,wv-wounded-in-the-line-of-duty.png,39479,"equal size (39479 bytes) — new uses preferred "" - "" format",wv-wounded-in-the-line-of-duty
DEACTIVATE,9932,WV-Wounded in the Line of Duty,wv-wounded-in-the-line-of-duty,wv-wounded-in-the-line-of-duty.jpg,39479,"equal size (39479 bytes) — new uses preferred "" - "" format",
KEEP,15872,WV - WV Chiropractic Society,wv-wv-chiropractic-society-v1,wv-wv-chiropractic-society.png,36874,"equal size (36874 bytes) — new uses preferred "" - "" format",wv-wv-chiropractic-society
DEACTIVATE,9933,WV-WV Chiropractic Society,wv-wv-chiropractic-society,wv-wv-chiropractic-society.jpg,36874,"equal size (36874 bytes) — new uses preferred "" - "" format",
KEEP,15873,WV - WV Square And Round Dance Federation,wv-wv-square-and-round-dance-federation-v1,wv-wv-square-and-round-dance-federation.png,43399,"equal size (43399 bytes) — new uses preferred "" - "" format",wv-wv-square-and-round-dance-federation
DEACTIVATE,9934,WV-WV Square and Round Dance Federation,wv-wv-square-and-round-dance-federation,wv-wv-square-and-round-dance-federation.jpg,43399,"equal size (43399 bytes) — new uses preferred "" - "" format",
KEEP,15852,WV - WV Tech,wv-wv-tech-v1,wv-wv-tech.png,35730,"equal size (35730 bytes) — new uses preferred "" - "" format",wv-wv-tech
DEACTIVATE,9984,WV-WV Tech,wv-wv-tech,wv-wv-tech.jpg,35730,"equal size (35730 bytes) — new uses preferred "" - "" format",
